Abdullayev,11
Karimov,8
Karimov,6
Ibraguimov,6
Aripov,5
Yusupov,5
Ahmedov,4
Rakhimov,4
Sultanov,3
Usmanov,3
Andreyev,3
Andreyev/Andreev,3
Saidov,3
Vohidov,3
Akhmedov/Ahmedov,2
Azizov,2
Ismailov,2
Umarov,2
Qayumov,2
Kayumov,2
Qodirov,2
Kadyrov,2
Zakirov,2
Kurbanov,2
Bulatow,2
Akbarov,2
Abramov,2
Mansurov,2
Safin,2
Durmonov,2
Lebedev,2
Abramov,2
Shatskikh,2
Kamalov,2
Levin,2
Abdulkhalikov,2
Scharipow,2
Islamov,1
Cazac,1
Silnova,1
Miroshnichenko,1
Juraev,1
Kamiljanov,1
Mamatkulov,1
Bakanov,1
Nagayev,1
Rustamov,1
Alikhanov,1
Kovaleva,1
Vorobyov,1
Muradov,1
Stasyuk,1
Levin,1
Merzhanov,1
Vrandečić,1
Khasanova,1
Yunusov,1
Mansour,1
Isakova,1
Guseynov,1
Milano,1
Dusmatov,1
Qilicheva,1
Mustafin,1
Shapiro,1
Alimov,1
Alimov,1
Q24956850,1
Lavrik/Lavryk,1
Dronin,1
Petrov,1
Safarov,1
Tikhonov,1
Babuschkin,1
Matveyev,1
Khamrayeva,1
Fayziyev,1
Q19923125,1
Abdurahmonov,1
Pliego,1
Q24953270,1
Badalyan,1
Prokopenko,1
Korobkov,1
Brim,1
Briem,1
Yurtseven,1
Tashev,1
Olimov,1
Folts,1
Volk,1
Rahim,1
Magomedow,1
Evstafeev,1
Ismanov,1
Q24957998,1
Q24958265,1
Melnikov,1
Iskanderov,1
Nurmatov,1
Azimov,1
Ahmedova,1
Voronov,1
Ivanov,1
Babacan,1
Q61428338,1
Shin,1
Shakirova,1
Bakirova,1
Kuchersky,1
Burkhanov,1
Rozhkov,1
Sidorov,1
Bayramova,1
Duenas,1
Kozak,1
Kholikov,1
Lobanov,1
Lobanov,1
Sergeyev,1
Iskandarova,1
Jalilov,1
Dzhalilov,1
Kutsenko,1
Gadoyev,1
Mamedova,1
Nurudinov,1
Makarov,1
Tarasov,1
Zaytsev,1
Kireyev,1
Yefremov,1
Demyanenko,1
Li,1
Amanov,1
Lola Zunnunova,1
Abdullaev,1
Mahkamov,1
Panfilov,1
Yusupova,1
Kapadze,1
Wierzbicki,1
Fokin,1
Achilov,1
Kovalenko,1
Kovalenko,1
Mansurov,1
Babakhanov,1
Qosimov,1
Kasymov,1
Q24953884,1
Ishiwatari,1
Istomin,1
Istomin,1
Zaytsev,1
Grigorian,1
Koshelev,1
Denisov,1
Denisov/Denysov,1
Salomov,1
Polyakov,1
Nikolayev,1
Afonin,1
Shadrin,1
Fatkulin,1
Fyodorov,1
Lebedev,1
Sargsyan,1
Skornyakov,1
Isoqov,1
Isakov,1
Karpenko,1
Irismetov,1
Ogorodov,1
Nesterov,1
Q28947845,1
Georgiev,1
Levina,1
Kuznetsova,1
Lavrov,1
Knyazev,1
Dyatlov,1
Filippov,1
Filippov,1
Zhuravlyov,1
Jdanov,1
Zhdanov,1
Popov,1
Kovalyov,1
Yusuf,1
Muhammad,1
Yakubov,1
Iakoubov,1
Katic,1
Sharipova,1
Chumakov,1
Q24955550,1
Tsvetkov,1
Akhmarov,1
Alexandrov,1
Q47454428,1
Agalarov,1
Smirnov,1
Abramoff,1
Ismoilov,1
Solomin,1
Pjatnizki,1
Ganiyev,1
Alam,1
Abbasov,1
Mikhaylov,1
Sharipov,1
Telegin,1
Safonov,1
Ponomarev,1
Markov,1
Lunin,1
Inoyatov,1
Zagrebelny,1
Galiyev/Ğaliev,1
Varfolomeyev,1
Borisov/Borysov,1
Belyakov,1
