Nicole,6
Christine,6
Nadine,5
Natasha,5
Marcia,5
Sharon,5
Patricia,5
Barbara,5
Sheila,4
Kimberly,4
Elaine,4
Ann,4
Jean,4
Marlene,4
Lorna,4
Carol,4
Maria,4
Cynthia,4
Christina,4
Beverly,4
Audrey,4
Andrea,3
Pamela,3
Ruth,3
Mary,3
Jennifer,3
Tracy,3
Margaret,3
Camille,3
Samantha,3
Angela,3
Brittany,3
Alyssa,3
Gabrielle,3
Jacqueline,3
Amy,3
Michelle,3
Dawn,3
Grace,3
Juliet,3
Dorothy,3
Olivia,3
Louise,3
Simone,3
Yvonne,3
Natalie,2
Rachel,2
Charmaine,2
Esther,2
Vanessa,2
Gloria,2
Karen,2
Claudine,2
Debbie,2
Helen,2
Gladys,2
Joyce,2
Anna,2
Joan,2
Norma,2
Annette,2
Deborah,2
Carmen,2
Latoya,2
Paula,2
Sophia,2
Cheryl,2
Una,2
Toni,2
Alicia,2
Donna,2
Shakiro,2
Violet,2
Chantal,2
Pam,2
Dominique,2
Tiffany,2
Janet,2
Stephanie,2
Olive,2
Marjorie,2
Susan,2
Enid,2
Patsy,2
Alexia,2
Lauren,2
Monique,2
Sara,2
Lois,2
Beverley,2
Phyllis,2
Nadia,2
Allison,2
Danielle,2
May,2
Catherine,2
Lorraine,2
Shericka,2
Merlene,2
Veronica,2
Carolyn,2
Carrie,1
Shawna,1
Zara,1
Zahra,1
Yolande,1
Vivienne,1
Vera,1
Tamara,1
Sabrina,1
Ren√©e,1
Becky,1
Rebecca,1
Ornella,1
Myrna,1
Marguerite,1
Shantel,1
Shiann,1
Tarania,1
Rachelle,1
Jayda,1
Michele,1
April,1
Alice,1
Yazmeen,1
Kayla,1
Chantelle,1
Laura,1
Lucille,1
Kellie,1
Kasey,1
Kara,1
Judyth,1
Jenna,1
Jeanette,1
Iris,1
Honor,1
Gail,1
Diane,1
Cicely,1
Carlene,1
Carla,1
Adina,1
Althea,1
Alecia,1
Stafanie,1
Mona,1
Celia,1
Tami,1
Sylvia,1
Hortense,1
Georgianna,1
Sheryl,1
Elva,1
Elsa,1
Cathy,1
Anastasia,1
Gillian,1
Yendi,1
Carole,1
Terry,1
June,1
Alaine,1
Rose,1
Iona,1
Katrina,1
Jasmine,1
Donnette,1
Ingrid,1
Judith,1
Khadija,1
Chinyelu,1
Jade,1
Allyson,1
Sydney,1
Trudi,1
Briana,1
Shimona,1
Shackelia,1
Leonie,1
Daphne,1
Evelyn,1
Ena,1
Heather,1
Gwendolyn,1
Shirley,1
Martha,1
Nora,1
Tracey,1
Laurel,1
Brianna,1
Blanche,1
Kathleen,1
Kamina,1
Jane,1
Rosie,1
Yolanda,1
Belinda,1
Katherine,1
Cherry,1
Makeda,1
Doreen,1
Annie,1
Vilma,1
Greta,1
Parisa,1
Pauline,1
Chris,1
Elizabeth,1
Megan,1
Leah,1
Mercedes,1
Kali,1
Rita,1
Delores,1
Fayval,1
Zaila,1
Rowena,1
Amber,1
Alanna,1
Alexandra,1
Sandra,1
Eileen,1
Aisha,1
Shanieka,1
Andrea,1
Juliana,1
Venicia,1
Alexa,1
Elsie,1
Amelia,1
Kerry,1
Kaci,1
Jonielle,1
Chevelle,1
Nikita,1
Ebony,1
Dionne,1
Hiacynth,1
Marie,1
Tessa,1
Jazmine,1
Albertha,1
Verena,1
Cherine,1
Jody,1
Antoinette,1
Antonette,1
Starr,1
Kelsie,1
Candice Clings,1
Shushana,1
Kerida,1
Gertrude,1
Minette,1
Marisa,1
Lacey,1
Ella,1
Milan,1
Nazstazia,1
Victoria,1
Shaquille,1
Cindy,1
Isabel,1
Betsy,1
Molly,1
Erna,1
Elfreda,1
Joy,1
Eleanor,1
Marilyn,1
Alia,1
Sonia,1
Judy,1
Dahlia,1
Inez,1
Diana,1
Liz,1
Tania,1
Alya,1
Millicent,1
Dolly,1
Lisa,1
Precious,1
Schillonie,1
Davita,1
Dorita,1
Madge,1
Brigitte,1
Aleen,1
Rosemarie,1
Novlene,1
Deon,1
Melanie,1
Marion,1
Portia,1
Edna,1
Paulette,1
Debra,1
Chelsea,1
Beryl,1
