Huda,3
Samira,3
Hayat,2
Zainab,2
Maryam,2
Maysoon,2
Leila,2
Hanan,2
Zuhur,2
Noor,2
Nadia,2
Tara,2
Sahar,2
May,2
Laila,2
Hana,2
Josephine,2
Fatemeh,1
Sara,1
Hiyam,1
Fayza,1
Aya,1
Rawan,1
Ghaida,1
Evan,1
Umm,1
Saba,1
Amira,1
Maha,1
Bahiga,1
Tania,1
Virginia,1
Souad,1
Victoria,1
Israa,1
Aseel,1
Rita,1
Aliyah,1
Miriam,1
Suad,1
Asia,1
Latifa,1
Ren√©e,1
Sarah,1
Zakia,1
Khadija,1
Afifa,1
Safia,1
Amal,1
Alaa,1
Zuhal,1
Tamar,1
Sophia,1
Shatha,1
Selma,1
Samar,1
Salima,1
Salama,1
Rahma,1
Naziha,1
Nahla,1
Lamia,1
Siham,1
Claudia,1
Iqbal,1
Necla,1
Iman,1
Ibtisam,1
Hero,1
Halla,1
Farida,1
Dina,1
Daisy,1
Pascal,1
Awatef,1
Asma,1
Amel,1
Alise,1
Aida,1
Ann,1
Sherine,1
Amna,1
Nadia,1
Nasrin,1
Tamara,1
Majida,1
Adela,1
Hanna,1
Madiha,1
Aliya,1
Hind,1
Najwa / Nagwa,1
Mona,1
Amal,1
Dana,1
Rabia,1
Zaha,1
Zaha,1
Rand,1
Widad,1
Dunya,1
Leyla,1
Alia,1
Yanar,1
Wafa,1
Haifa,1
Faten,1
Hala,1
