Emma,248
Katie,233
Chloe,209
Caitlin,205
Amy,185
Ellie,180
Rachel,174
Sarah,169
Megan,168
Hannah,166
Sophie,164
Aoife,161
Lucy,156
Niamh,147
Erin,145
Rebecca,145
Leah,138
Anna,135
Aimee,131
Lauren,130
Jessica,123
Holly,112
Molly,109
Emily,104
Caoimhe,83
Grace,82
Shannon,81
Ella,79
Ellen,78
Ciara,76
Nicole,74
Jodie,73
Olivia,72
Bethany,70
Cara,69
Zoe,66
Abbie,64
Courtney,64
Mia,59
Charlotte,57
Abigail,56
Eimear,55
Eve,55
Zara,55
Eva,51
Beth,50
Rebekah,49
Georgia,45
Morgan,44
Victoria,44
Aine,43
Laura,43
Catherine,41
Orla,40
Kate,39
Rachael,39
Louise,38
Naomi,37
Sinead,37
Katelyn,34
Kirsty,34
Abby,33
Natasha,33
Orlaith,33
Tara,33
Alex,32
Maria,32
Alexandra,30
Hollie,30
Mary,29
Alice,28
Brooke,28
Alicia,27
Cora,27
Lara,27
Amber,26
Cliodhna,26
Clodagh,26
Aisling,25
Jenna,25
Lily,25
Madison,25
Shauna,25
Annie,24
Kathryn,24
Meabh,24
Saoirse,24
Taylor,24
Claire,23
Elle,23
Kerry,23
Maeve,23
Sophia,23
Danielle,22
Gemma,22
Kaitlyn,22
Melissa,22
Bronagh,21
Clara,21
Katherine,21
Sara,21
Alanna,20
Nadine,20
Samantha,20
Alana,19
Mollie,19
Rhianna,19
Dearbhla,18
Emer,18
Jasmine,18
Kacey,18
Lydia,18
Nikita,18
Ava,17
Carla,17
Chantelle,17
Elizabeth,17
Grainne,17
Jennifer,17
Kirsten,17
Roisin,17
Chelsea,16
Nadia,16
Tia,16
Daisy,15
Kelsey,15
Nicola,15
Orlagh,15
Paige,15
Rhiannon,15
Sian,15
Demi,14
Gabrielle,14
Jade,14
Kerri,14
Maia,14
Ruth,14
Sasha,14
Aoibheann,13
Charlie,13
Faye,13
Isabella,13
Jane,13
Kayla,13
Tamzin,13
Tori,13
Elise,12
Faith,12
Jordan,12
Kelly,12
Lois,12
Natalie,12
Poppy,12
Robyn,12
Ruby,12
Alisha,11
Amelia,11
Casey,11
Christina,11
Kayleigh,11
Mya,11
Roise,11
Sorcha,11
Tierna,11
Toni,11
Alyssa,10
Cassie,10
Eden,10
Heather,10
Jenny,10
Jodi,10
Stephanie,10
Brianna,9
Clare,9
Codie,9
Evie,9
Fiona,9
Kaci,9
Kara,9
Katy,9
Lana,9
Lisa,9
Michaela,9
Shakira,9
Charley,8
Dervla,8
Fionnuala,8
Freya,8
Helen,8
Imogen,8
Jamie,8
Joanne,8
Kaitlin,8
Kathleen,8
Kerrie,8
Lucie,8
Michelle,8
Paula,8
Rhea,8
Serena,8
Yasmin,8
Abbi,7
Angel,7
Annabel,7
Antonia,7
Aoibhinn,7
Caragh,7
Carys,7
Cerys,7
Colleen,7
Connie,7
Dara,7
Eireann,7
Julia,7
Kenzie,7
Leona,7
Madeleine,7
Paris,7
Phoebe,7
Rosa,7
Rose,7
Shania,7
Shona,7
Tiarna,7
Aaliyah,6
Andrea,6
Anne,6
Brona,6
Cody,6
Darcy,6
Elisha,6
Enya,6
Hayley,6
Jasmin,6
Jemma,6
Jude,6
Julie,6
Karen,6
Kyra,6
Laoise,6
Margaret,6
Maya,6
Millie,6
Rosemary,6
Seana,6
Shanice,6
Tegan,6
Abbey,5
Aislinn,5
Alannah,5
Alexandria,5
Ally,5
Alysha,5
Ashleigh,5
Bethan,5
Caitlyn,5
Caroline,5
Catriona,5
Charlene,5
Claudia,5
Cliona,5
Eloise,5
Iona,5
Isabelle,5
Jayne,5
Jill,5
Kailey,5
Keely,5
Lauryn,5
Louisa,5
Mackenzie,5
Moya,5
Naoimh,5
Neve,5
Nina,5
Oonagh,5
Rosie,5
Shannagh,5
Stacey,5
Summer,5
Susanna,5
Suzanne,5
Tammy,5
Adele,4
Aoibhin,4
Blathnaid,4
Cadhla,4
Cameron,4
Charly,4
Cheyenne,4
Christine,4
Ciarrai,4
Dearbhaile,4
Deirbhile,4
Dionne,4
Eimhear,4
Eleanor,4
Emma-Louise,4
Erica,4
Erinn,4
Esther,4
Evelyn,4
Hanna,4
Jamie-Lee,4
Joanna,4
Jody,4
Jolene,4
Joy,4
Karla,4
Keeva,4
Keri,4
Kiera,4
Leanne,4
Leigh,4
Leigha,4
Letitia,4
Lucia,4
Mairead,4
Marie,4
Melanie,4
Patricia,4
Rioghnach,4
Roma,4
Saffron,4
Sarah-Louise,4
Shanna,4
Shannen,4
Siobhan,4
Skye,4
Susannah,4
Abi,3
Aideen,3
Alix,3
Ami,3
Amie,3
Amy-Leigh,3
Ann,3
Aoibhe,3
Arwen,3
Ashling,3
Atlanta,3
Blanaid,3
Bridget,3
Cailin,3
Cait,3
Caitilin,3
Carly,3
Carrie,3
Chanelle,3
Charis,3
Chloe-Louise,3
Daniella,3
Darcey,3
Deborah,3
Demi-Lee,3
Desiree,3
Eadaoin,3
Ebony,3
Eilis,3
Elaine,3
Elsa,3
Emma-Jane,3
Esme,3
Farrah,3
Felicity,3
Francesca,3
Gabriella,3
Georgina,3
Gillian,3
Gracie,3
Hailie,3
Halle,3
Honor,3
Hope,3
India,3
Isabel,3
Jolie,3
Jorja,3
Judith,3
Julie-Anne,3
Katelin,3
Katie-Ann,3
Katie-Rose,3
Katlyn,3
Katrina,3
Kaytlin,3
Keela,3
Kirstin,3
Kyla,3
Lea,3
Lena,3
Leonie,3
Libby,3
Logan,3
Lori,3
Maddie,3
Madeline,3
Madelyn,3
Maisie,3
Malia,3
Martha,3
Meadhbh,3
Meg,3
Meghan,3
Miriam,3
Myah,3
Nikki,3
Nuala,3
Orna,3
Padraigin,3
Riley,3
Riona,3
Sally,3
Savannah,3
Scarlett,3
Sommer,3
Susan,3
Tanya,3
Therese,3
Tiana,3
Tina,3
Trinity,3
Una,3
Vanessa,3
Yazmin,3
Zahra,3
Abaigh,..
Abbie-Leigh,..
Abbigail,..
Abbygail,..
Abhipri,..
Abigael,..
Abigale,..
Abi-Lee,..
Acacia,..
Adela,..
Adelaide,..
Adina,..
Adriana,..
Adrianna,..
Adrianne,..
Aelisha,..
Aeryn,..
Agatha,..
Aidin,..
Aiesha,..
Ailbhe,..
Aileen,..
Ailis,..
Ailisa,..
Ailise,..
Ailish,..
Aime,..
Aimee-Leigh,..
Aimee-Louise,..
Aimes,..
Aimie,..
Aimse,..
Aina,..
Aiobh,..
Aiobhan,..
Aiobhinn,..
Aiofe,..
Aisha,..
Aisleen,..
Aiyana,..
Akeysha,..
Alaidh,..
Alaina,..
Alanagh,..
Alanah,..
Alanie,..
Aleena,..
Aleesha,..
Aleisha,..
Alesha,..
Alethea,..
Alexis,..
Alice-Louise,..
Aliisa,..
Alisa,..
Alison,..
Aliyah,..
Allie,..
Allyce,..
Ally-Louise,..
Aloisia,..
Alva,..
Alvena,..
Alyson,..
Alyssa-Leigh,..
Alyx,..
Amal,..
Amanda,..
Amara-Rose,..
Ameera,..
Amelie,..
Amiee,..
Amilia,..
Amilyn,..
Amisha,..
Ammie,..
Ammy,..
Amna,..
Amy-Jane,..
Amy-Jo,..
Amy-Lea,..
Amy-Lee,..
Amy-Louise,..
Amy-Rose,..
Ana,..
Anabelle,..
Ana-Leigh,..
Analise,..
Ana-Sophia,..
Anastacia,..
Anastasia,..
Andie,..
Anesu,..
Angela,..
Angelica,..
Angelina,..
Angeline,..
Anita,..
Anize,..
Annabell,..
Annabelle,..
Anna-Kate,..
Annalee,..
Annaleese,..
Annaliese,..
Anna-Lily,..
Annalise,..
Annalisha,..
Anna-Louise,..
Anna-Marie,..
Annarose,..
Anneke,..
Anneli,..
Anneliese,..
Anne-Mae,..
Annie-Louisa,..
Anona,..
Antoinette,..
Anuoreoluwa,..
Anya,..
Aobhe,..
Aobhin,..
Aoibh,..
Aoibhean,..
Aoileann,..
Aphria,..
April,..
Aprill,..
Arabella,..
Areej,..
Ariadne,..
Ariana,..
Ariane,..
Arianna,..
Aroha,..
Aryanaz,..
Ascha,..
Asha,..
Ashera,..
Ashley,..
Ashlyn,..
Ashlynn,..
Ashton,..
Attracta,..
Autumn,..
Ava-Lei,..
Aveen,..
Ayesha,..
Ayla,..
Ayooluwatunmininu,..
Ayrin,..
Ayse,..
Aysha,..
Bailee,..
Bailey-Jian,..
Baillie,..
Basmala,..
Beatrice,..
Bebhinn,..
Bebhionn,..
Becky,..
Bela,..
Bella,..
Bellina,..
Bernadette,..
Bernadine,..
Betty,..
Beverley,..
Bevin,..
Billie,..
Billie-Jo,..
Billie-Joel,..
Bin,..
Bismah,..
Blaithin,..
Blathnat,..
Blinne,..
Bobbi,..
Bobbie,..
Bobbie-Jo,..
Bobbi-Leigh,..
Bobby,..
Bonnie,..
Boresi,..
Brannagh,..
Brea,..
Breagh,..
Breanna,..
Breiannon,..
Brenainn,..
Bria,..
Briana,..
Brianagh,..
Brianan,..
Brid,..
Brieanna,..
Brigid,..
Briony,..
Britney,..
Britnie,..
Brody,..
Brogan,..
Broghan,..
Bronach,..
Bronte,..
Bronwyn,..
Brooke-Taylor,..
Brooklyn,..
Bryannah,..
Bryony,..
Caeleigh,..
Caeli,..
Caelia,..
Caila,..
Cailey,..
Cailey-Erin,..
Caillene,..
Cairenn,..
Cairie-Anne,..
Caise,..
Caiti,..
Caitie,..
Caitlynne,..
Caitriona,..
Calista,..
Callie,..
Camellia,..
Camryn,..
Caoibhean,..
Caoilfhinn,..
Caoilfhionn,..
Caoilin,..
Caoilinn,..
Caoilte,..
Caoimbhe,..
Caoirle,..
Caoirsea,..
Caolyn,..
Caomihe,..
Caprice,..
Carah,..
Cara-Leigh,..
Carenza,..
Carey,..
Carissa,..
Carleigh,..
Carley,..
Carlie,..
Carmen,..
Carol,..
Carolyn,..
Carolynn,..
Carragh,..
Casie,..
Cassandra,..
Cassi,..
Cassidy,..
Cassie-Jayne,..
Cate,..
Catherine-Clare,..
Cathryn,..
Cathy,..
Ceara,..
Cecelia,..
Ceili,..
Ceilin,..
Ceirseach,..
Celine,..
Ceri,..
Ceri-Ann,..
Chanel,..
Chantalle,..
Chantel,..
Chantell,..
Chardonnay,..
Charisse,..
Charity,..
Charleigh,..
Charli,..
Charliegh,..
Charlie-Jo,..
Charlie-Louise,..
Charlize,..
Charly-Lea,..
Charmaine,..
Charys,..
Chaya,..
Cheah,..
Chelsea-Jane,..
Chelsea-Lee,..
Chelsie,..
Chelsie-Leigh,..
Cheng,..
Cherith,..
Cheyanne,..
Chi,..
Chin,..
Chinazo,..
Ching,..
Chinyere,..
Chizaram,..
Chloe-Anne,..
Chloe-Jane,..
Chloe-Mae,..
Chloe-Marie,..
Chole,..
Chris,..
Chrissie,..
Christie,..
Christy,..
Chyanne,..
Ciana,..
Ciara-Labhadise,..
Ciarnait,..
Ciarra,..
Cindy,..
Claire-Louise,..
Clarise,..
Clarissa,..
Cleah,..
Cleona,..
Clia,..
Clidna,..
Clio,..
Cliodhna-Ann,..
Clionagh,..
Clionhna-Jean,..
Clodagh-Marie,..
Clodha,..
Cloideach,..
Codi,..
Codie-Lee,..
Cody-Lee,..
Colette,..
Colly,..
Connlaith,..
Constance,..
Cora-Beth,..
Corah,..
Coral,..
Cordelia,..
Coree,..
Cori,..
Corie,..
Corin,..
Corina,..
Corinne,..
Corragh,..
Corrina,..
Courteney,..
Cristiana,..
Cuirseanna,..
Cushla,..
Daire,..
Dakota,..
Dani,..
Dania,..
Danica,..
Daniell,..
Daniella-Rose,..
Danni-Lee,..
Darcie,..
Daria,..
Dasha,..
Davina,..
Dawn,..
Deabhaile,..
Deanna,..
Dearbhail,..
Dearbhlagh,..
Debbie,..
Deirbhle,..
Delaney,..
Delila,..
Della,..
Demilee,..
Demi-Leigh,..
Demi-Louise,..
Denise,..
Derbhla,..
Destiny,..
Devin,..
Dharma,..
Diane,..
Dina,..
Dixie,..
Djamila,..
Dominique,..
Donavan,..
Donna,..
Drew,..
Dua,..
Duana,..
Eabh,..
Eabha,..
Eava,..
Eboney,..
Edel,..
Edie,..
Edina,..
Eidann,..
Eile,..
Eileanoir,..
Eileen,..
Eilish,..
Eimer,..
Eimile,..
Eimir,..
Eirinn,..
Eirinn-Rose,..
Eirne,..
Eithne,..
Elana,..
Ele,..
Elena,..
Elenor,..
Eleonore,..
Elia,..
Elin,..
Eliya,..
Ella-Jane,..
Ella-Louise,..
Ella-Mae,..
Ella-Rose,..
Ellenor,..
Ellen-Rose,..
Ellesse,..
Elli,..
Elliana,..
Ellie-Brooke,..
Ellie-Jane,..
Ellie-Jo,..
Ellie-Leigh,..
Ellie-Mae,..
Ellie-Marie,..
Elliemay,..
Ellie-Rose,..
Ellis,..
Ellise,..
Ellison,..
Elly,..
Ellyn,..
Elodie,..
Elora,..
Elysia,..
Elyssa,..
Elysse,..
Emaline,..
Emelie,..
Emilee,..
Emili,..
Emilia,..
Emilie,..
Emine,..
Emir,..
Emma-Kate,..
Emma-Leigh,..
Emma-Rose,..
Emmie,..
Emmy-Lea,..
Ena,..
Erin-Krystina,..
Eryn,..
Erynne,..
Esha,..
Esmae,..
Etain,..
Evan,..
Evanna,..
Evelynn,..
Evy,..
Exauce,..
Faelan,..
Fainche,..
Fallon,..
Farah,..
Farhana,..
Farina,..
Fatima,..
Fatimah,..
Fay,..
Fiadh,..
Fianait,..
Finlay,..
Finola,..
Fleur,..
Florence,..
Flynn,..
Fodhla,..
Frances,..
Francine,..
Frankie,..
Fynlee,..
Gabriela,..
Gaby,..
Gar-Yue,..
Gayle,..
Geena,..
Gemma-Lee,..
Georgia-Lee,..
Georgie,..
Geri,..
Gina,..
Giselle,..
Giulia,..
Glenn,..
Greer,..
Greta,..
Guia,..
Gypsy,..
Hadyn,..
Hailee,..
Hailie-Jade,..
Haley,..
Hana,..
Haniah,..
Hannagh,..
Hannah-Jayne,..
Hannah-May,..
Hannah-Rose,..
Harpreet,..
Harri,..
Harriet,..
Harriett,..
Hattie,..
Hayleigh,..
Hayley-Jane,..
Hazel,..
Heather-Faye,..
Heidi,..
Helena,..
Hendrikje,..
Hermione,..
Hermionie,..
Hiba,..
Hilary,..
Hiu,..
Holli,..
Hollie-Mae,..
Holly-Victoria,..
Inaosea,..
India-Bo,..
Indie,..
Indigo,..
Ines,..
Inez,..
Inis,..
Inogen,..
Ione,..
Iris,..
Irish,..
Iseult,..
Isla,..
Ita,..
Jaana,..
Jabez,..
Jaclyn,..
Jacqueline,..
Jacqui,..
Jada,..
Jaden,..
Jaime,..
Jaime-Lea,..
Jamie-Leigh,..
Jamilah,..
Jana,..
Janet,..
Janey,..
Jantel,..
Jasmeen,..
Jasuinder,..
Jay,..
Jaynie,..
Jazmin,..
Jazmyn,..
Jean,..
Jeankira,..
Jeanne,..
Jeannie,..
Jeleane,..
Jemima,..
Jemimah,..
Jena,..
Jenni,..
Jessica-Leigh,..
Jhanna,..
Jia,..
Jiaxin,..
Jie,..
Jo,..
Joan,..
Joanne-Marie,..
Jodee,..
Jodie-Leigh,..
Jodi-Lee,..
Jodi-Leigh,..
Joeleen,..
Joelle,..
Joely,..
Johanna,..
Johneen,..
Jolee,..
Joni,..
Jools,..
Jordana,..
Jordyn,..
Josephine,..
Jua,..
Jules,..
Julianne,..
Julia-Rose,..
Julieann,..
Julieanne,..
Julienne,..
Juliette,..
Juno,..
Justine,..
Ka,..
Kacie,..
Kacy-Lee,..
Kadie,..
Kady,..
Kaeleigh,..
Kailyn,..
Kaiya,..
Kaley,..
Kallie,..
Kari,..
Karina,..
Karis,..
Karla-Jayne,..
Karleigh,..
Karli,..
Karlie,..
Karrah,..
Karson,..
Kasey,..
Kasey-Leigh,..
Katelynn,..
Kate-Lynne,..
Katey,..
Kathlin,..
Kathy,..
Katie-Anne,..
Katie-Jo,..
Katie-Lee,..
Katie-Leigh,..
Katie-Louise,..
Katie-Marie,..
Katlin,..
Katlyn-Naomi,..
Katrina-Rose,..
Katy-Dee,..
Kawther,..
Kaya,..
Kayley,..
Kealeigh,..
Keeley,..
Keelin,..
Keianna,..
Keisha,..
Keishia,..
Kelce,..
Kelcie,..
Keli,..
Kelli,..
Kellie,..
Kelly-Ann,..
Kelsea,..
Kelsey-Louise,..
Kelsi,..
Kelsie,..
Kendal,..
Kennedy,..
Kennice,..
Kenza,..
Kenzee,..
Kenzi,..
Keri-Ann,..
Kerry-Ann,..
Kerry-Marie,..
Kerys,..
Keva,..
Keziah,..
Kia,..
Kiah,..
Kianna,..
Kiara,..
Kieva,..
Kileigh,..
Kim,..
Kimberley,..
Kimberly,..
Kioni,..
Kira,..
Kirstie,..
Kirstyn,..
Kisha,..
Kitty,..
Klara,..
Klarisse,..
Kloe,..
Koa-Louise,..
Kobi-Lee,..
Kodi,..
Kodie,..
Kori,..
Koriann,..
Kortni,..
Kourtney,..
Krishne,..
Kriss,..
Kristal,..
Kristen,..
Kristie,..
Kristin,..
Kyara,..
Kylah,..
Kylie,..
Kym,..
Labhaoise,..
Lacey,..
Lailah,..
Lalita,..
Laneisha,..
Lara-Jayne,..
Larisa,..
Larissa,..
Lasairiona,..
Latanya,..
Latisha,..
Latoya,..
Laura-Jane,..
Laura-Jean,..
Laura-Kate,..
Laurene,..
Lauren-Jane,..
Lauri,..
Laurie-Beth,..
Lauziata,..
Leagh,..
Leah-Jane,..
Leala-Maia,..
Leana,..
Leanna,..
Leanora,..
Lee,..
Leeanne,..
Leen,..
Leesa,..
Leia,..
Leiara,..
Leila,..
Leonie-Paige,..
Lesedi,..
Lesley,..
Letecia,..
Levana,..
Levi,..
Lexie,..
Li,..
Lia,..
Lianna,..
Libbie,..
Liberty,..
Lili,..
Lilie,..
Lillian,..
Lillie,..
Lillyann,..
Lilyrose,..
Lin,..
Linden,..
Linsey,..
Lisa-Marie,..
Liyah,..
Lok,..
Lola,..
Lora,..
Loren,..
Lorna,..
Lorra,..
Luana,..
Luceat,..
Luci,..
Luciana,..
Lucille,..
Lucinda,..
Lucy-Anne,..
Luphelo,..
Lyndsey,..
Lynsey,..
Macushla,..
Macy,..
Madaleine,..
Maddalena,..
Maddison,..
Madisyn,..
Maebh,..
Maille,..
Maire,..
Makayla,..
Makenzii,..
Malaika,..
Malaiqa,..
Malk,..
Mallaigh,..
Mallory,..
Mamie,..
Maoliosa,..
Marcie,..
Mariana,..
Marianna,..
Marie-Therese,..
Marina,..
Marissa,..
Mariya,..
Marnie,..
Marta,..
Martha-Rose,..
Martina,..
Maryann,..
Mary-Ellen,..
Mary-Jade,..
Maryjo,..
Mary-Louise,..
Massommie,..
Matti,..
Maureen,..
May,..
Meadow,..
Meagain,..
Meagan,..
Meaghan,..
Meah,..
Medb,..
Medbh,..
Megan-Kate,..
Megen,..
Mei,..
Meral-Olivia,..
Miadach,..
Miah,..
Mia-Sarah,..
Micah,..
Micheala,..
Milli,..
Millie-Lou,..
Ming,..
Mirna,..
Mischa,..
Mise,..
Missy,..
Miya,..
Molli,..
Mollie-Ann,..
Mollie-Anne,..
Molly-Anne,..
Molly-Jane,..
Monica,..
Morell,..
Morgan-Linzi,..
Morgann,..
Morgen,..
Morgyn,..
Muireann,..
Musumba,..
Myia,..
Mykenzie,..
Nabeela,..
Nadia-Neale,..
Nadina,..
Naina,..
Nakia,..
Nakita,..
Nancy-Louise,..
Nanette,..
Naoise,..
Naomh,..
Nargis,..
Natalia,..
Natalya,..
Nayana,..
Nazrin,..
Neamh,..
Neasa,..
Neave,..
Neisha,..
Nell,..
Nerissa,..
Nia,..
Niabh,..
Nichola,..
Nieve,..
Nikolah,..
Niobe,..
Noelle,..
Nola,..
Noor,..
Nora,..
Noran,..
Normakhosi,..
North,..
Nyisha,..
Nyse,..
Olana,..
Olive,..
Olivia-Jayne,..
Olufiyin,..
Oluwatobiloba,..
Omayma,..
Ombeline,..
Omnia,..
Onyinyechi,..
Oriana,..
Orianna,..
Orlaigh,..
Orliath,..
Ornagh,..
Ornait,..
Oy,..
Paislie,..
Patrice,..
Paulena,..
Penny,..
Peppie,..
Perry,..
Petannie,..
Phebe,..
Phia,..
Phillippa,..
Philomena,..
Phoenix,..
Piper,..
Pippa,..
Qi,..
Qiana,..
Queenie,..
Rachel-Marie,..
Radha,..
Raghad,..
Raheema,..
Raina,..
Raja,..
Rama,..
Rawasi,..
Rayna,..
Reah,..
Ream,..
Reanna,..
Rebeca,..
Rebecka,..
Rebeka,..
Rebekka,..
Reegan,..
Reem,..
Reese,..
Regan,..
Rema,..
Renee,..
Reo,..
Rhaine,..
Rheanna,..
Rhia,..
Rhian,..
Rhiana,..
Rhiann,..
Rhianne,..
Ria,..
Riana,..
Rian-Louise,..
Rianna,..
Riannan,..
Riannon,..
Riddhi,..
Rikki,..
Rilla,..
Rimsha,..
Rionach,..
Rita,..
Rois,..
Romaissa,..
Romi,..
Romy,..
Ros,..
Rosalind,..
Rosealeia,..
Rosemarie,..
Rose-Teresa,..
Roslyn,..
Roxanne,..
Rudi,..
Ruth-Ellen,..
Ryan,..
Rylee,..
Ryley,..
Ryouka,..
Saahithyasree,..
Sabrina,..
Sadhbh,..
Safia,..
Saidhbhin,..
Saleema,..
Salma,..
Samarah,..
Sameera,..
Sami,..
Samia,..
Samih,..
Sammie-Leigh,..
Sammi-Jo,..
Sanchia,..
Sancia,..
Sandra,..
Saorla,..
Saorliath,..
Sapphire,..
Sarahanne,..
Sarah-Jane,..
Sarah-Lee,..
Sara-Jayne,..
Sara-Leigh,..
Sarasvati,..
Sarina,..
Sarnait,..
Sascha,..
Saskia,..
Saskia-Leigh,..
Savana,..
Savanna,..
Saya,..
Scarlet,..
Seadhna,..
Seafra,..
Seaneen,..
Seani,..
Seannain,..
Searlait,..
Sedinam,..
Selena,..
Selina,..
Senja,..
Senna,..
Seona,..
Seorsa,..
Seren,..
Seskia,..
Setanta,..
Sevennagh,..
Shaceara,..
Shaelyn,..
Shah,..
Shahinda,..
Shaima,..
Shalimar,..
Shana,..
Shanais,..
Shanelle,..
Shanesha,..
Shanice-Louise,..
Shaniece,..
Shann,..
Shannon-Marie,..
Shannyn,..
Shantelle,..
Sharon,..
Shauneen,..
Shayna,..
Shealee,..
Sheelagh-Ann,..
Shehrbano,..
Shelby,..
Shelley,..
Shellie,..
Sherrie,..
Sheryl,..
Shi,..
Shian,..
Shianne,..
Shiao,..
Shiela,..
Shirley,..
Shonagh,..
Shonagh-Leigh,..
Shoshana,..
Shuxing,..
Siabhradh,..
Siain,..
Sianan,..
Sianeese,..
Siannah,..
Simone,..
Simran,..
Sindy,..
Sineve,..
Siobhra,..
Siofra,..
Siondel,..
Sirayah,..
Sofia,..
Sofie,..
Solsne,..
Sommur,..
Sonia,..
Sophia-Rose,..
Sophie-Lee,..
Sophie-Leigh,..
Sophie-Louise,..
Stacie,..
Stacy-Leigh,..
Steffi,..
Stella,..
Storm,..
Sui,..
Suranne,..
Susanne,..
Susy-Saffron,..
Sydney,..
Sylvia,..
Tabitha,..
Tadhgan,..
Tahiya,..
Tailte,..
Taisha,..
Taisie,..
Talei,..
Taleigha,..
Talia,..
Tallyia,..
Tamala,..
Tamara,..
Tamika,..
Tammi,..
Tammie,..
Tammi-Lee,..
Tammy-Lee,..
Tamzyn,..
Taneisha,..
Taneth,..
Tanisha-Shannon,..
Tannika,..
Taoighan,..
Taragh,..
Tarra,..
Tasnim,..
Tate,..
Tatiana,..
Tatyana,..
Taylor-Lee,..
Taylor-Leigh,..
Tazmin,..
Teagan,..
Teah,..
Teea,..
Teegan,..
Tegann,..
Teigan,..
Teigan-Jayde,..
Teighan,..
Temaya,..
Temuera-Grace,..
Teniola,..
Tepenga,..
Teresa,..
Teri,..
Terri-Ann,..
Terrie,..
Terrie-Leigh,..
Terri-Lee,..
Tertia,..
Tess,..
Tessa,..
Texzera,..
Thea,..
Theresa,..
Thomasina,..
Tiah,..
Tian,..
Tiarnaniamh,..
Tiegan,..
Tieghan,..
Tilly,..
Ting,..
Tirzah,..
Tizia,..
Toluwanimi,..
Toni-Lee,..
Tori-Jane,..
Torri,..
Tory,..
Tracey,..
Tran,..
Tyanna,..
Uainin,..
Ulan,..
Umaima,..
Unetta,..
Ursula,..
Vania,..
Varshana,..
Vicki,..
Vinita,..
Violet,..
Vivienne,..
Wasma,..
Wendy,..
Wilhelmina,..
Willa,..
Willow,..
Xin,..
Xing,..
Ya,..
Yampoue,..
Ya-Ning,..
Yasmine,..
Yun,..
Yuyoung,..
Yvette,..
Yvonne,..
Zaienab,..
Zaina,..
Zanna,..
Zara-Jayne,..
Zara-Lily,..
Zaynab,..
Zoe-Leigh,..
Zoe-Louise,..
Zoe-Mae,..
Zoey-Lee,..
Zofia,..
