Silva,207
Pereira,165
Costa,141
Santos,131
Martins,130
Ferreira,119
Fernandes,111
Gonçalves,107
Pinto,104
Oliveira,98
Rodrigues,87
Almeida,81
Dias,75
Lopes,67
Monteiro,65
Ribeiro,64
Cardoso,63
Sousa,63
Carvalho,61
Machado,61
Gomes,60
Soares,58
Nunes,57
Mendes,57
Rocha,56
Lima,54
Ramos,53
Neves,53
Marques,49
dos Santos,48
Cruz,48
Vieira,48
Cunha,47
Reis,46
Correia,46
Fonseca,46
Alves,45
Barbosa,44
Teixeira,43
Coelho,43
da Silva,43
Freitas,42
Castro,40
Tavares,38
Pires,37
Magalhães,36
Azevedo,36
Pinheiro,35
Rosa,35
Araújo,35
Borges,35
Duarte,34
Morais,33
Baptista,32
Amaral,31
Moura,30
Simões,29
Moreira,29
Melo,28
Maia,28
Vasconcelos,28
Mota,28
Miranda,28
Nogueira,27
Andrade,27
Faria,27
Campos,27
Henriques,26
Matos,26
Antunes,26
Pacheco,25
Jorge,25
Cabral,25
Neto,25
Macedo,24
Barros,24
de Brito,24
Leite,23
Afonso,23
Carneiro,23
Abreu,23
Figueiredo,23
de Sousa,23
Guedes,22
Rebelo,22
Guimarães,21
Torres,21
Freire,20
Sá,20
Guerra,20
Godinho,20
Coutinho,20
Brito,20
Albuquerque,19
Conceição,19
Barroso,19
Saraiva,18
Bastos,18
Leitão,18
Sequeira,18
Brandão,18
Aguiar,18
Braga,18
Valente,18
Botelho,18
Pais,18
Mascarenhas,17
de Freitas,17
Barreto,17
Lourenço,17
Franco,17
da Costa,17
Branco,17
Pimentel,16
Lobo,16
Vaz,15
Loureiro,15
Semedo,15
Jesus,15
Ventura,15
Gam,15
Sampaio,15
Menezes,14
Camacho,14
Paiva,14
Delgado,14
Nascimento,14
Mateus,14
Couto,14
Moniz,14
García,14
Bettencourt,14
Amorim,14
Gaspar,13
Portugal,13
Esteves,13
Rego,13
de Oliveira,13
Leal,13
Câmara,12
Amaro,12
Silveira,12
Guerreiro,12
Vicente,12
Ávila,11
Meneses,11
Cerqueira,11
Belo,11
Miguel,11
Raposo,11
Trindade,11
Mendonça,11
Pinho,11
Chaves,11
Matias,11
de Bragança,11
Bento,11
Coimbra,11
Sobral,11
Domingues,11
Lucas,10
Serra,10
Sanches,10
Pimenta,10
Queiroz,10
Gil,10
de Carvalho,9
Gouveia,9
Barradas,9
Noronha,9
Lacerda,9
Ramalho,9
Viegas,9
Girão,9
Medeiros,9
Abrantes,9
Lemos,9
Furtado,9
Álvares,9
Marado,8
de Castro,8
Salgado,8
Leão,8
Madeira,8
Júdice,8
Bernardo,8
Nobre,8
Durão,8
de Almeida,8
Viana,8
Salgueiro,8
Santana,8
Mata,7
Ferraz,7
Filipe,7
Pina,7
Portela,7
Cid,7
Barata,7
Romão,7
Veloso,7
Garcia,7
do Amaral,7
Carmo,7
Caetano,7
Varela,7
Figueira,7
O'Neill,7
Xavier,7
Pegado,7
Castelo Branco,7
Ornelas,7
Medina,6
Alvarenga,6
Serpa,6
Montez,6
Barjona,6
Galhardo,6
Dinis,6
Moreno,6
Assis,6
Vilar,6
Félix,6
Crespo,6
Gabriel,6
Vidigal,6
Francisco,6
André,6
Vidal,6
Da Silva,6
Mestre,6
Cabrita,6
Paredes,6
Moutinho,6
Pessoa,6
Cavaco,6
Corte-Real,6
Andrea,5
Neuparth,5
Mesquita,5
Frazão,5
da Conceição,5
Horta,5
Pamplona,5
Ataíde,5
Almada,5
Farinha,5
Maciel,5
de Bettencourt,5
Lisboa,5
Teles,5
Bordalo,5
Pestana,5
Torlades O'Neill,5
do Carmo,5
Abranches,5
Lupi,5
Prata,5
Manuel,5
Pratas,5
Caldeira,5
Cordeiro,5
da Fonseca,5
Amado,5
Quaresma,5
Seixas,5
Pedro,5
Castanheira,5
Abecasis,5
Portas,5
de Jesus,4
Pascoal,4
Telles,4
Passos,4
Arruda,4
Accioli,4
Duque,4
Carlos,4
Clode,4
Fialho,4
Veiga,4
Homem,4
Velez,4
Rodrigo,4
Quintela,4
Colaço,4
Valadão,4
Durães,4
Ribas,4
Brazão,4
Calado,4
Goulart,4
Bravo,4
Amador,4
Soeiro,4
Bruno,4
Saldanha,4
Daniel,4
Madureira,4
Soller,4
Amarante,4
Palma,4
Morgado,4
Solano,4
Madruga,4
Mourão,4
Roque,4
Serrano,4
Lobato,4
Ferrão,4
Fonte,4
Dantas,4
João,4
Marto,4
Seabra,4
Falcão,4
Lamy,4
Carreira,4
Augusto,4
Alcoforado,4
Proença,4
Parente,4
House of Braganza,4
Salazar,4
Alexandre,4
da Cunha,4
Gago,4
Porto,3
Tinoco,3
Souto,3
Caula,3
Sebastião,3
de Melo,3
Sardinha,3
Urbano,3
Wagner,3
Pereira da Silva,3
Carrondo,3
Lencastre,3
Mortágua,3
Martinho,3
Beleza,3
Magro,3
Albergaria,3
Marinho,3
Flores,3
Arriaga,3
de Lima,3
Capela,3
Archer,3
Martinez,3
Mora,3
Venâncio,3
Magno,3
Casimiro,3
Brás,3
Peralta,3
Domingos,3
Simas,3
Caires,3
Peixoto,3
Bruges,3
Pizarro,3
Norton,3
Serrao,3
Nicolau,3
de Andrade,3
De Sá,3
Crawford,3
Gusmão,3
Quadros,3
Videira,3
De Mesquita,3
Aires,3
Galvão,3
Torlade,3
Prieto,3
Vital,3
Braz,3
Capelo,3
Carvalhal,3
Sancho,3
Basto,3
Mayer,3
Vasques,3
Aguilar,3
Cadete,3
Cândido,3
Corrêa,3
Inácio,3
Fernandez,3
De Vasconcelos,3
He,3
Vale,3
Enes,3
Azenha,3
Tiago,3
Távora,3
Bernardes,3
Breyner,3
Aleixo,3
Chagas,3
Paixão,3
Clemente,3
Queirós,3
Bensaude,3
Diniz,3
Verissimo,3
Sarmento,3
Quina,3
Fontes,3
Fortes,3
Fraga,3
De Castro,3
Taira,3
Bessa,3
Navarro,3
Caeiro,3
Pato,3
Bernardino,3
Silvestre,3
Metrass,3
Novo,3
Feio,3
d'Orléans,3
Vitorino,3
Meireles,3
Assunção,3
Cabreira,3
Braamcamp,3
Meira,3
Patrício,3
Wallenstein,3
Jardim,3
Siza,3
Encarnação,3
Mourinho,3
Cravinho,3
Quintas,3
Tomás,3
Lino,3
Natividade,2
Prego,2
Claro,2
Cacoilo,2
Azuaje-Fidalgo,2
Anjos,2
Mello,2
Casado,2
Bragança,2
Cambra,2
Ponte,2
Isungo,2
Constantino,2
Curado,2
Ruivo,2
Avelino,2
Catarino,2
Aranha,2
Conde,2
Gameiro,2
Trigo,2
Fidalgo,2
Goncalves,2
Velosa,2
Louro,2
Dionisio,2
Luís,2
Paz,2
Meirinhos,2
Sena,2
Janeiro,2
Nesbitt,2
Cristina,2
Moita,2
Cancela,2
Quintal,2
Evangelista,2
Viveiros,2
Luis,2
Araujo,2
Lourenco,2
Ortiz,2
Barreira,2
Sobrinho,2
Ruas,2
Fuschini,2
Aragão,2
Ferrao,2
Valerio,2
Patrocínio,2
Tristão,2
Morna,2
Cox,2
Canas,2
Palla,2
Felizardo,2
Alberto,2
Lamas,2
Faleiro,2
Benevides,2
de Figueiredo,2
Motta,2
De Lemos,2
Grosso,2
Areias,2
Otero,2
Jacques,2
Vilela,2
Salema,2
Aibéo,2
Maria,2
Soveral,2
Fazenda,2
Fortuna,2
de Pina,2
Grande,2
de Araújo,2
Ferreira da Silva,2
Avilez,2
Bívar,2
Soromenho,2
Camarinha,2
Reparaz,2
Dart,2
Raimundo,2
Valsassina,2
George,2
Pena,2
Boaventura,2
Prazeres,2
Corvo,2
Castilho,2
Pupo,2
Penha,2
Alcântara,2
Couceiro,2
Téllez de Meneses,2
Chichorro,2
Gaivão,2
Jordão,2
de Morais,2
Abelho,2
Batalha,2
Stilwell,2
Gentil,2
Vargas,2
Cardim,2
Curto,2
Condesso,2
Candal,2
Limpo,2
Monjardin,2
Montemor,2
Canto,2
Casanova,2
Fortunato,2
Lapa,2
Damas,2
Perez,2
Bragance,2
Wilson,2
Gonzaga,2
Ulrich,2
Geraldes,2
Fernández,2
Freixo,2
Tovar,2
De Meneses,2
Nóbrega,2
Évora,2
Taveira,2
Bica,2
Margarido,2
de Lacerda,2
Varanda,2
Paulo,2
Molder,2
d'Ávila,2
Valentim,2
Areal,2
Rio,2
Palhares,2
Pedroso,2
César,2
Parra,2
de Gouveia,2
Ortigão,2
Clara,2
Rosas,2
Robles,2
Bello,2
Folha,2
Perry,2
Figueiras,2
de Matos,2
Deslandes,2
Resende,2
Calisto,2
De Seabra,2
Bandeira,2
Agostinho,2
Malhoa,2
Alegre,2
Li,2
Andrino,2
Baixinho,2
Da Costa,2
Borrego,2
Luz,2
Salvador,2
França,2
Maldonado,2
Carrilho,2
Ferro,2
Henrique,2
Prostes,2
Romero,2
Graça,2
Smith,2
Ivens,2
Tudela,2
Anes,2
Rates,2
Forbes,2
Batista,2
Norte,2
Sangreman,2
de Ascensão,2
Marcos,2
Valadas,2
de Barros,2
Manta,2
Fragoso,2
Uva,2
Mendoça,2
Comparato,2
Ayres,2
Seguro,2
Canelas,2
De Mello,2
Manso,2
Grilo,2
Teodoro,2
Souza,2
Villaverde,2
Peres,2
Vitória,2
Braganza,2
Carita,2
Spínola,2
Garrett,2
Guterres,2
Keil,2
Pessanha,2
Velho,2
Pedrosa,2
Rafael,2
Escobar,2
Lello,2
Saramago,2
Valle,2
Eanes,2
Travassos,2
Pastor,1
Cortez,1
Laureano,1
Isabel,1
Pery,1
Schaaf,1
Frei,1
Flower,1
Moncada,1
Soriano,1
Cirne,1
Wall,1
Howorth,1
Souto Maior,1
Schwalbach,1
Teixeira Pinto,1
Pește,1
Damaso,1
Q10261254,1
Santos Homem Aparício,1
Arroyo,1
Resendes,1
Rutler,1
Hurst,1
Booth,1
Peneda,1
Carré,1
Villar,1
Rueff,1
Forrester,1
Peixinho,1
Taibner,1
Remedios,1
Azinhal,1
Balaguer,1
Best,1
Zhao,1
Ferrier,1
Maia,1
De Noronha,1
Newton,1
Cordon,1
Álamo,1
Flamengo,1
Cautela,1
Ferrer,1
Seara,1
Real,1
Negrão,1
Negreira,1
Echevarría,1
Dacosta,1
Fagundes,1
Osório,1
Toste,1
Sala,1
Viale,1
Gonzalez,1
Campelo,1
Paula,1
Crabbé,1
Nave,1
Flora,1
Reigada,1
Massai,1
Toledo,1
Gayo,1
Cordo,1
Zinchenko,1
Novaes,1
Trigoso,1
De Albuquerque,1
Chardron,1
Biester,1
Casanovas,1
Biel,1
Nadal,1
Jacinto,1
Malta,1
Alvarez,1
Mezquita,1
Pereira de Azambuja,1
Cavaleiro,1
Acosta,1
Álvarez,1
Latino,1
López,1
de Escobar,1
Saa,1
Valadim,1
Ormonde,1
Berardo,1
Torrend,1
Dunn,1
Castaño,1
Carinhas,1
Wright,1
Sartorius,1
Fino,1
Palmeiro,1
Pastel,1
De Souto-Maior,1
De Torralva,1
Mourão-Ferreira,1
De Paiva,1
Huerta,1
Bueno,1
Dourado,1
Bechegas,1
Alhinho,1
Sánchez,1
Rondón,1
Cerejeira,1
Orta,1
Baldé,1
Ângelo,1
Lume,1
Niz,1
Antero,1
Müller,1
Aquino,1
Perdigão,1
Rato,1
Carraco,1
Quadrio,1
Albergaria Pinheiro,1
Goulart de Bettencourt,1
de Souza,1
Franklyn,1
Ester,1
Jombati,1
Gettinger,1
Brun,1
Azinhais,1
Rosa da Cruz,1
Byrne,1
Valdereis,1
Pereirinha,1
Riley,1
Tréfaut,1
Crato,1
Gómez,1
Monsaraz,1
Abrunhosa,1
Zink,1
Morao,1
Cougill,1
Eusebio,1
Solignac,1
Vintém,1
Frischknecht,1
Festa,1
Pessa,1
Paes,1
Caiado,1
Brunhoso,1
Clímaco,1
Taboas,1
Cotta,1
Robalo,1
Boxer,1
Aboab,1
Terzi,1
Malato,1
Fabião,1
Nowak-Jeziorański,1
José,1
Santareno,1
Roberto,1
Markl,1
Moral,1
Kiko,1
Ogando,1
Pezelho,1
Nichols,1
D'Cruz,1
De Encarnação,1
De Aranda,1
D'Andrade,1
House of Baião,1
Camara,1
Gesche,1
Mantero,1
Aparício,1
Mane,1
Domingomes,1
Stuart,1
Bizarro,1
Marchionni,1
Dyson,1
Barrio,1
Lavrentyev,1
Vara,1
Arnault,1
Sereno,1
Sabido,1
Listopad,1
Rosário,1
Galvani,1
Paião,1
de Marques,1
Frasco,1
Botto,1
Marcelino,1
De Montezinos,1
Lecor,1
Mathews,1
Pichardo,1
Cervantes,1
Vincente,1
Marçal,1
Vilas,1
Arrobas,1
Borregana,1
Gutiérrez,1
Arnaut,1
Sacadura,1
Holm,1
Caminha,1
Evans,1
Tuncará,1
Linda,1
Angélico,1
Correa,1
Manini,1
Costa,1
Pedreira,1
Bermudes,1
DeKay,1
Zuber,1
Gao,1
Albano,1
Koster,1
Swift,1
Junqueira,1
Baldi,1
Hogan,1
Cutileiro,1
Cancelo,1
Nabais,1
Tribolet,1
Marafona,1
Vala,1
Monteiro de Castro,1
Regula,1
da Rocha,1
Felicio,1
Pereire,1
Senoussi,1
Roçadas,1
Djaló,1
Oulman,1
Beto,1
Allgayer,1
Muñoz,1
Ruth,1
Torre,1
Guiomar,1
Konoplev,1
Carney,1
Cordero,1
Han,1
Nover,1
Chanterene,1
Adam,1
Benoît,1
Penalva,1
Alvares,1
Vilardebó,1
Cubas,1
China,1
Abelaira,1
de Miranda,1
Losa,1
Iria,1
Viera,1
Elias,1
Patrone,1
Villaret,1
Andaluz,1
Campbell,1
Cohen,1
Drago,1
Kastner,1
Locks,1
Vandelli,1
Carrera,1
Guisado,1
Alarcão,1
Vendrell,1
Seno,1
Tordo,1
Barreiros,1
Benite,1
Galego,1
Gonçalves de Oliveira,1
Figo,1
Taborda,1
Nasi,1
Famille Abravanel,1
Sá-Carneiro,1
Verçosa,1
Mercuri,1
Beauharnais,1
Nordlund,1
Mamona,1
Bischoff,1
Lázaro,1
Damiano,1
Sassetti,1
Guinot,1
Blanco,1
Cristas,1
Sami,1
Livramento,1
Ruah,1
de Medeiros,1
Pontes,1
Tabucchi,1
Villas-Boas,1
Bosingwa,1
Larcher,1
Zingaro,1
Abramović,1
Bulhões,1
Vaz Tê,1
da Costa Gomes,1
Beresford,1
Dominguez,1
Castelo,1
Carmona,1
Cão,1
Nassi,1
Baía,1
Bratchikova,1
De Arriaga,1
Iglesias,1
Savoia,1
Sacramento,1
Cunhal,1
Magueijo,1
Rose,1
Schmidhuber,1
Michaëlis,1
Schmitz,1
Ludwig,1
Raniere,1
Cá,1
Policarpo,1
Cary,1
Lawson,1
Capdeville,1
Aveiro,1
Free,1
de Camões,1
Freire de Andrade,1
Cintra,1
Juran,1
Romagnoli,1
Espírito Santo,1
Varatojo,1
Sanches de Baena,1
Redondo,1
De Alcobaça,1
Belardo,1
Borralhinho,1
Ademar,1
Barretto,1
Bleck,1
Caldas,1
Calvet,1
Carreiras,1
Falch,1
Mardell,1
Alegria,1
Bivar,1
Ferreiro,1
Pureza,1
Milhazes,1
Poiares,1
Smith de Vasconcellos,1
de Langres,1
Barroca,1
Vecchi,1
Prats,1
Veredas,1
Bandeiras,1
Bull,1
Choffat,1
David,1
Arroja,1
Granger,1
Jervis,1
Pézerat,1
Mexia,1
Penim,1
Leroux,1
Arditi,1
Daehnhardt,1
Martínez,1
Blanc,1
Gandra,1
Stafford,1
Isidro,1
Morales,1
Lomelino,1
Sacchetti,1
Bentes,1
Cabanas,1
Gantes,1
Guilherme,1
Inojosa,1
Rodríguez,1
Monge,1
Jacob,1
Caldevilla,1
Oudinot,1
Gordon,1
Severo,1
Lupo,1
Vilhena,1
Malheiro,1
Felner,1
Cui,1
Damasceno,1
Villa,1
Drumond,1
Morrison,1
Fischer,1
Pitta,1
Rolim,1
Dolores,1
Radulet,1
Kullberg,1
Maristany,1
Anghel,1
Andringa,1
Haskins,1
Samuel,1
Celas,1
Beirão,1
Nordin,1
Manrique,1
Primo,1
Pardal,1
Seidenfaden,1
Grillo,1
Nicholson,1
Portal,1
Silva-Terra,1
Valadares,1
Wiborg,1
Zerbone,1
Greaves,1
De Almada,1
De Galhegos,1
De Saldanha,1
Santa,1
Cassola,1
Marle,1
Outeiro,1
Del Carlo,1
Mathias,1
D'Almeida,1
Cardeal,1
Alice,1
Guardiola,1
Carolina,1
Dulce,1
Lalande,1
Soares de Albergaria,1
Daveau,1
Praia,1
Rizzo,1
de Castillon,1
Vieira de Castro,1
Lago,1
Craveiro,1
Benedetto,1
Alcaide,1
Wellenkamp,1
Prova,1
Palminha,1
Bunguê,1
Ochoa,1
Jeremias,1
Groër,1
Marquez,1
Macchi,1
D'Algy,1
Portada,1
Liz,1
Loja,1
Chora,1
Cardona,1
Toulouze,1
Vingiano,1
Castro,1
Auerbach,1
Gallis,1
Bola,1
Jotta,1
Emiliano,1
Mingote,1
Guzzo,1
de Silva,1
Reboleira,1
Onofre,1
Vitor,1
Moore,1
Reinoso,1
Paim,1
Patrício,1
Cerdeira,1
De Pinho,1
Schulz,1
Morganti,1
Parafita,1
Balesteros,1
Lapido,1
De Quadros,1
Q21483101,1
Casas,1
Bugalho,1
Salabert,1
Roseira,1
Zuaa,1
Mutange,1
Thiam,1
Spencer,1
Djú,1
Figueredo,1
Cartaxo,1
Calle,1
Nuno,1
Santos Marcos,1
Andressen,1
Dutra,1
Drummond,1
Calçada,1
Hermida,1
Fatima,1
Ventosa,1
Quintino,1
Lasri,1
Barral,1
Cafôfo,1
Kopke,1
Mazza,1
Madu,1
Midosi,1
Chełmicki,1
Albarran,1
Rambois,1
Carusone,1
Alves Machado,1
Staël,1
de Moura,1
Pernes,1
Pintor,1
Carrascalão,1
Jonet,1
Massena,1
Lousada,1
Tota,1
Rollo,1
Babo,1
Q10279962,1
Abubakar,1
Trincão,1
Stanković,1
Cambournac,1
Merino,1
Carrasquinho,1
Andermatt,1
Holtreman,1
Ansemondes,1
Harris,1
Catry,1
Florindo,1
Delgadillo,1
Gordo,1
Tenreiro,1
Bailey,1
Cavadas,1
Fuel,1
Borga,1
Potra,1
Santiago,1
Poulson,1
Mucha,1
Riquicho,1
Richmond,1
Seco,1
Abravanel,1
Da Fonte,1
Fu,1
Bunga,1
Villalobos,1
Beja,1
Hintze,1
Abreu e Lima,1
Campilho,1
Zamora,1
Lomba,1
Rito,1
Tomé,1
Perles,1
Navalho,1
Maurice,1
Terlica,1
Jonas,1
Virgínia,1
Pintado,1
Nero,1
Chang,1
Coelmo,1
Bénard,1
Ferrandini,1
Pisco,1
Sauvayre,1
Covas,1
Poeta,1
Maximiano,1
Tamagnini,1
Schenker,1
Volkmar,1
Gaudêncio,1
Pen,1
Montenegro,1
Buta,1
Dalot,1
Vinagre,1
Holub,1
Rosendo,1
Fausto,1
Meyer,1
Hubay,1
Alvelos,1
Restivo,1
Honorio,1
Nepomuceno,1
Delicado,1
Solá,1
Prudêncio,1
Neiva,1
Narciso,1
Chung,1
Balula,1
Schmidt,1
Guimarães,1
Allen,1
Cortes,1
Patrick,1
Casares,1
Freyre de Andrade,1
Heldt,1
Bonito,1
Rabelo,1
Timo,1
Capeta,1
Moraes,1
Carranca,1
Anahory,1
Pita,1
Favila,1
Leme,1
Emonts,1
Franca,1
Bazenga,1
Pinguinha,1
Ladeira,1
Perneta,1
Lira,1
Esgaio,1
Banks,1
Moscoso,1
Prada,1
Parola,1
Gavião,1
Gato,1
Trancoso,1
Sargento,1
Spinola,1
Vincze,1
Rodriguez,1
Atilano,1
Vallera,1
Landau,1
Picanco,1
Sherman,1
Avilés,1
Felix,1
Berger,1
Esmeraldo,1
Devesa,1
Palmeirim,1
Diógenes,1
Rolo,1
Teodosio,1
Pombo,1
Baceira,1
Nandy,1
Scott,1
Frias,1
Pelágio,1
Quintana,1
Gamito,1
Aguiar,1
Garro,1
Lorence,1
Suleiman,1
Sales,1
Mineiro,1
Brochado,1
Launay,1
Liu,1
Huang,1
Mangas,1
Chaby,1
Guerillot,1
Candeias,1
Lind,1
Patriarca,1
Castel,1
Joaquim,1
Doria,1
Rivera,1
Nuncio,1
Sá Peixoto,1
Novais,1
Silvano,1
Meninea,1
Juzarte,1
Preto,1
Simao,1
Huja,1
Rey,1
Marta,1
Bradford,1
Nacarato,1
Villate,1
Salcedo,1
de Abreu,1
Melchior,1
Balseiro,1
Deputter,1
Groz,1
Fajardo,1
Gilli,1
Mouta,1
Mathieu,1
Bacelar,1
Kelly,1
Castro-Neves,1
De Chaby,1
Bayard,1
Regala,1
Cravo,1
Valença,1
Möller,1
da Piedade,1
Atalaya,1
Principe,1
Estrada,1
Mimoso,1
Dassault,1
Ricardo,1
Baltazar,1
Anglin,1
Benaderet,1
François,1
Costa,1
Xavier,1
Trigueiros,1
Sousa,1
Fontoura,1
Iturriza,1
Mazziotti,1
Mohler,1
Ramires,1
de Azevedo,1
Pape,1
Diez,1
Corado,1
Diogo,1
Cerdas,1
Cidade,1
Singer,1
Velluti,1
Lafuente,1
do Nascimento,1
Fong,1
Miller,1
Lins,1
Tazmani,1
Candé,1
Sardo,1
Power,1
Roganova,1
Mantua,1
Wolf,1
Pott,1
Almeyda,1
Testa,1
Oliva,1
Ruggieri,1
Scudieri,1
Belmonte,1
Escaja,1
Bulcão,1
Ubaldo,1
da Luz,1
Conceicao,1
de Sales,1
Garrido,1
Tasso,1
Eiró,1
Pego,1
de Macedo,1
Roxo,1
de Assis,1
Arantes,1
Mariano,1
Osswald,1
Wood,1
Mendoza,1
Lauren,1
Bom,1
Alvernaz,1
Bordalo Pinheiro,1
Valera,1
Russo,1
Toscano,1
Albernaz,1
Luna,1
Baldy,1
Andresen,1
Damásio,1
Talassi,1
Jeronimo,1
Silva Monteiro,1
e Silva,1
Parreira,1
Polla,1
Vergueiro,1
Cristo,1
Graciano,1
Ribeira,1
Baker,1
de Faria,1
Cavalheiro,1
Brasil,1
Liber,1
Ardisson,1
Marchand,1
Do Couto,1
Brasileiro,1
Benitez,1
Massa,1
Alcalde,1
Plácido,1
Mena,1
Saavedra,1
Madaleno,1
Chiola,1
Cipriano,1
Rente,1
Oneto,1
dos Reis,1
Falco,1
de Aguilar,1
Querido,1
Poeiras,1
Alvez,1
Aguas,1
Fulgencio,1
de,1
Militão,1
Ruiz,1
Robens,1
Zrihen,1
Branch,1
Pando,1
Vaquinhas,1
Frade,1
Valido,1
Marante,1
Galveias,1
Mithá,1
Iglésias,1
Pérez,1
Isidoro,1
de Ávila,1
