Salem,4
Qubaisi,3
Alameri,2
Al Qasimi,2
Saleh,2
Hassan,2
Abdulrahman,2
Abbas,2
Mohammadi,1
al-Zarouni,1
Rose,1
Saeed,1
Bernardini,1
Q55340950,1
Amro,1
Q55680730,1
Wolters,1
Eden,1
Q62396161,1
Q100384330,1
Eisa,1
Faraj,1
Mansoor,1
Jaber,1
Al-Futtaim,1
Mathews,1
Q48538152,1
Hammadi,1
Murad,1
Q55791529,1
Moussa,1
Gergawi,1
Al Ghurair,1
Suhail,1
Adel,1
Hussain,1
Darwish,1
Mousa,1
Alkaabi,1
Khalil,1
Toma,1
Remarenco,1
Musa,1
Canedo,1
Correa,1
Awana,1
Haddad,1
Matar,1
Pachachi,1
Maktoum,1
Q66663727,1
Ahmed,1
Sulaiman,1
Jones,1
