Peter,330
Ján,241
Jozef,236
Martin,236
Juraj,151
Tomáš,133
Michal,20
Milan,124
Pavol,114
Vladimír,108
Miroslav,1
Štefan,99
Marek,99
Ladislav,97
Ivan,6
František,80
Lukáš,78
Andrej,76
Marián,75
Roman,1
Róbert,71
Dušan,67
Ľubomír,60
Karol,60
Matej,56
Stanislav,55
Jakub,49
Richard,49
Daniel,46
Matúš,44
Anton,43
Ondrej,42
Tibor,39
Patrik,38
Rudolf,37
Igor,15
Jaroslav,33
Adam,31
Yaroslav,31
Július,31
Erik,29
Filip,27
Boris,26
Branislav,26
Pavel,3
Ľuboš,25
Alexander,25
Viliam,24
Samuel,24
Viktor,22
Eduard,22
Ľudovít,22
Emil,22
Miloš,22
Radoslav,21
Rastislav,21
Dávid,20
Jan,20
Zoltán,18
Robert,18
László,18
Marian,18
Marcel,18
Vojtěch,16
Mikuláš,16
Mário,16
Denis,15
Radovan,15
Dominik,14
Vladimir,13
David,13
József,13
Julius,12
Adrián,12
Maroš,12
Gejza,11
Šimon,11
Gabriel,11
Attila,11
Kamil,11
Árpád,10
Imrich,9
Miloslav,9
Gábor,9
Alojz,9
Vincent,9
István,9
Norbert,8
Kristián,8
Slavomír,8
René,8
Oliver,8
Dalibor,8
János,8
Miro,7
Csaba,7
Petr,7
Károly,7
Eugen,7
Vojtech,7
Stefan,6
Marko,6
Ferdinand,6
Bohumil,6
Oto,4
György,6
Ferenc,6
Augustín,6
Roland,6
Vlastimil,6
Ivo,5
Josef,5
Michael,5
Sándor,5
Luboš,5
Gyula,5
Lukas,5
Vladislav,1
Libor,5
Péter,4
Géza,4
Mario,4
Zdenko,4
Timotej,4
Gustáv,4
Oskar,4
Andreas,4
Fedor,4
Ludovic,4
Alfonz,4
Václav,4
Sergej,4
Bohuslav,4
Otto,4
Henrich,4
Tomas,3
Dusan,3
Dezider,3
Braňo,3
Frederik,3
Krisztián,3
Joseph,3
Gorazd,3
Koloman,3
Vlado,3
Leonard,3
Ernő,3
Blažej,3
Cyril,3
Ernest,3
Benjamín,3
Albert,3
Zdeněk,3
Zsolt,3
Lajos,3
Kornel,3
Béla,3
Tamás,3
Jiří,3
Vratislav,3
Andre,2
Artur,2
Egon,2
Teodor,2
Walter,2
Svätopluk,2
Alan,2
Silvester,2
Maximilián,2
Ronald,2
Michail,2
Christián,2
Bruno,2
Bedrich,2
Arnošt,2
Alexej,2
Imre,2
Lubomír,2
Lubomir,2
Jerguš,2
Ilja,2
Vasil,2
Andy,2
András,2
Leopold,2
Adrian,2
Karel,2
Adolf,2
Mátyás,2
Ctibor,2
Alajos,2
Antonín,2
Sergey,2
Dárius,2
Pál,2
Ignác,2
Miklós,2
Belo,2
Titus,2
Heinrich,1
Svetozár,1
Matěj,1
Teo,1
Metod,1
Viktória,1
Fares,1
Leon,1
Vince,1
Kristian,1
Marcos,1
Emőd,1
Alex,1
http,1
4,1
Aba,1
Ottó,1
Noël,1
Mária,1
Lotár,1
Dionýz,1
Klement,1
Léon,1
Radomír,1
Evermod,1
Jozafat,1
Beáta,1
Vít,1
Adorján,1
Aladár,1
Simon,1
Valér,1
Jaromír,1
Georg,1
Iván,1
Zsigmond,1
Sinan,1
Julián,1
Elemér,1
Evžen,1
Alfréd,1
Vernon,1
Ernesto,1
Otokar,1
Benedikt,1
Osvald,1
Juro,1
Christian,1
Arno,1
Ádám,1
Urban,1
Jonas,1
Yuri,1
Arne,1
Rudolph,1
Ramón,1
Kasimir,1
Zdenek,1
Andraž,1
Teofil,1
Oldrich,1
Zbyněk,1
Marco,1
Timon,1
Thomas,1
Taras,1
Slaven,1
Semir,1
Sebastian,1
Miko,1
Maxim,1
Ervín,1
Raymundo,1
Gerhard,1
Mouhamadou,1
Timothy,1
Yitzhak,1
Bystrík,1
Ibrahim,1
Hanuš,1
Nikolas,1
Damián,1
Felix,1
Edmund,1
Drahoslav,1
Dag,1
Bohuš,1
Alfred,1
Agda,1
Tadeáš,1
Christopher,1
Jonáš,1
Oleg,1
Goran,1
Istvan,1
Kyle,1
Matt,1
Ludo,1
Tarek,1
Robo,1
Rezső,1
Oszkár,1
Oldřich,1
Justin,1
Fabián,1
George,1
Győző,1
Oswald,1
Franek,1
Kevin,1
Dániel,1
Dmitri,1
Jarolím,1
Ernst,1
Arnold,1
Szilárd,1
Gustav,1
Radek,1
Stan,1
Žigmund,1
Bohdan,1
Balázs,1
Csongor,1
Gennady,1
Samir,1
Móric,1
Mark,1
Mihály,1
Dezső,1
Tihamér,1
Dano,1
Jakob,1
Richárd,1
Allan,1
Mikhail,1
Paul,1
Michel,1
Szabolcs,1
Jozo,1
Bernard,1
Ákos,1
Max,1
Albín,1
Emanuel,1
Karim,1
Branko,1
John,1
