Popescu,203
Popa,166
Pop,124
Ionescu,120
Dumitrescu,83
Nagy,82
Radu,81
Munteanu,80
Stoica,74
Constantinescu,73
Moldovan,68
Rădulescu,63
Szabó,61
Marin,60
Șerban,60
Georgescu,60
Constantin,58
Matei,58
Oprea,56
Cristea,56
Gheorghe,55
Rusu,54
Toma,53
Marinescu,52
Stan,52
Petrescu,52
Lupu,51
Barbu,51
Dumitru,50
Ciobanu,49
Kovács,49
Roman,49
Lazăr,48
Dinu,47
Gheorghiu,47
Ilie,46
Sandu,45
Stănescu,45
Iordache,45
Ștefan,43
Popovici,43
Vasile,43
Mureșan,41
Ungureanu,41
Tudor,40
Avram,40
Nistor,39
Preda,39
Ștefănescu,38
Neagu,38
Lungu,38
Olteanu,37
Albu,37
Niculescu,37
Bălan,36
Florea,35
Vlad,35
Bucur,35
Andrei,35
Simion,35
Iancu,34
Teodorescu,34
Stanciu,34
Rotaru,33
Enache,33
Coman,33
Pavel,33
Anghel,33
Ioniță,32
David,32
Iacob,32
Dragomir,32
Voicu,32
Nicolae,31
Tănase,31
Zaharia,30
Cojocaru,30
Suciu,30
Grigore,30
Crișan,30
Badea,30
Mihai,30
Varga,29
Crăciun,29
Diaconu,29
Ivan,29
Bogdan,28
Manea,28
Dobre,28
Iliescu,28
Florescu,28
Dan,27
Petre,27
Luca,27
Marcu,27
Nicolescu,26
Cosma,26
Botez,26
Stancu,26
Vasilescu,26
Filip,26
Rus,26
Moraru,26
Mihăilă,25
Niță,25
Anton,24
Drăgan,24
Muntean,24
Baciu,24
Sava,24
Alexandrescu,24
Năstase,24
Apostol,24
Ion,23
Molnár,23
Păun,23
Mihăilescu,23
Pascu,23
Dima,23
Antal,23
Sârbu,23
Fodor,23
Damian,23
Kiss,22
Pană,22
Balogh,22
Alexandru,22
Costea,22
Roșca,21
Ene,21
Călin,20
Soare,20
Solomon,20
Bratu,20
Szőcs,20
Stoian,20
Drăghici,20
Székely,20
Mihalache,20
Groza,20
Crețu,20
Toader,19
Cristescu,19
Nedelcu,19
Moldoveanu,19
Cazacu,19
Ciocan,19
Stanca,19
Nicoară,19
Manole,19
Dobrescu,19
Oltean,18
Nica,18
Chiriac,18
Grosu,18
Cornea,18
Simionescu,18
Szilágyi,18
Balázs,18
Farkas,18
Savu,18
Ursu,18
Niculae,18
Zamfir,18
Roșu,18
Diaconescu,18
Mocanu,18
Neamțu,17
Andreescu,17
Costache,17
Grecu,17
Răducanu,17
Necula,17
Horváth,17
Török,17
Grigorescu,17
Mihăescu,17
Neacșu,17
Antonescu,17
Péter,16
Albert,16
Incze,16
Bădescu,16
László,16
Zamfirescu,16
Croitoru,16
Tătaru,16
Bálint,16
Bărbulescu,16
Prodan,16
Ardelean,15
Turcu,15
Banu,15
Vasiliu,15
Gherman,15
Păunescu,15
Lăzărescu,15
Petcu,15
Negru,15
Stroe,15
Grigoraș,15
Alexe,15
Dincă,15
Novac,15
Enescu,15
Mateescu,15
Ghica,15
Simon,15
Voinea,15
Oancea,14
Szabo,14
Dumitrașcu,14
Nițu,14
Cazan,14
Dănilă,14
Manolescu,14
Moga,14
Macovei,14
Șerbănescu,14
Puiu,14
Dumitrache,14
Sîrbu,14
Cozma,14
Ghiță,14
Gergely,14
Mirea,14
Paraschiv,14
Neagoe,14
Codreanu,14
Ignat,14
Tudorache,13
Grădinaru,13
Burlacu,13
Aldea,13
Marian,13
Tănăsescu,13
Tudose,13
Bartha,13
Panait,13
Alexa,13
Pătrașcu,13
Dumitriu,13
Ferencz,13
Fazakas,13
Fekete,13
Tomescu,13
Florian,13
Dragoș,12
Duma,12
Vintilă,12
Morariu,12
Mitrea,12
Ivanov,12
Morar,12
Mărginean,12
Nicolau,12
Tóth,12
Chiriță,12
Voiculescu,12
Predescu,12
Bíró,12
Mărculescu,12
Iuga,12
Giurgiu,12
Staicu,12
Costin,12
Moise,12
Szász,12
Adam,12
Deac,12
Tamás,12
Drăgoi,12
Stoenescu,12
Chirilă,12
Dascălu,12
Olaru,12
Ioan,11
Vulpe,11
Cucu,11
Irimia,11
Bălănescu,11
Maxim,11
Istrate,11
Jianu,11
Ciucă,11
Holban,11
Orbán,11
Papp,11
Jakab,11
Maftei,11
Carp,11
Pașca,11
Takács,11
Voinescu,11
Miron,11
Pintilie,11
Gavrilă,11
Negrea,11
Gabor,11
Mareș,10
Achim,10
Drăgușin,10
Andronic,10
Sabău,10
Bejan,10
Martin,10
Ganea,10
Nanu,10
Kozma,10
Király,10
Balint,10
Sima,10
Pârvulescu,10
Oros,10
Olariu,10
Anghelescu,10
Dedu,10
Sándor,10
Drăgănescu,10
Cernea,10
Anca,10
Surdu,10
Iorga,10
Boros,10
Rosetti,10
Kelemen,10
Călinescu,10
Bănică,10
Manolache,10
Murariu,10
Robu,10
Nechita,10
Ceaușescu,10
Dragu,9
Vereș,9
Duță,9
Micu,9
Trif,9
Buda,9
Maior,9
Angelescu,9
Bodea,9
Burcea,9
Boboc,9
Lucaci,9
Câmpeanu,9
Ivănescu,9
Theodorescu,9
Frunză,9
Cernat,9
Pál,9
Negoiță,9
Moisescu,9
Bodó,9
Rațiu,9
Manu,9
Duca,9
Butnaru,9
Kulcsár,9
Izsák,9
Schwartz,9
Gábor,9
Pap,9
Gherasim,9
Păduraru,9
Covaci,9
Cantacuzino,9
Crăciunescu,9
Spiridon,9
Mușat,9
Borza,9
Timofte,9
Irimescu,9
Silaghi,9
Grigoriu,9
Filipescu,9
Márton,9
Țăranu,9
Manoliu,9
Cristian,8
Iosif,8
Sălăgean,8
Precup,8
Lixandru,8
Farcaș,8
Nechifor,8
Negreanu,8
Scurtu,8
Lefter,8
Vincze,8
Bădulescu,8
Dogaru,8
Caraman,8
Mircea,8
Sterian,8
Dorobanțu,8
Văduva,8
Mihu,8
Duțu,8
Vasilache,8
Sasu,8
Mitu,8
Tofan,8
Cocoș,8
Mihuț,8
Găină,8
Ichim,8
Mihalcea,8
Deák,8
Vaida,8
Stoican,8
Buzea,8
Lőrincz,8
Pârvu,8
Bunea,8
Zsigmond,8
Borbély,8
Miklós,8
Bujor,8
Miculescu,8
Milea,8
Kovacs,8
Maniu,8
György,8
Ardeleanu,8
Hațegan,8
Negulescu,8
Vieru,8
Blaga,8
Todoran,8
Pușcaș,8
Kocsis,8
Klein,8
Dinescu,8
Weber,8
Demian,8
Veress,8
Melinte,8
Stănică,7
Gherghe,7
Gheorghiță,7
Ciubotaru,7
Tiron,7
Mureșan,7
Savin,7
Șuteu,7
Bălășoiu,7
Pistol,7
Pîrvu,7
Ciobotaru,7
Sinescu,7
Cerchez,7
Mihail,7
Atanasiu,7
Comșa,7
Raicu,7
Demetrescu,7
Șchiopu,7
Onofrei,7
Davidescu,7
Nemeș,7
Danciu,7
Banciu,7
Pantea,7
Miclea,7
Busuioc,7
Vișan,7
Tătar,7
Leonte,7
Marc,7
Németh,7
Nemes,7
Costescu,7
Lupașcu,7
Manta,7
Doboș,7
Buga,7
Almășan,7
Popp,7
Cojocariu,7
Spătaru,7
Budeanu,7
Enăchescu,7
Marton,7
Kósa,7
Iacobescu,7
Deleanu,7
Ghițescu,7
Dăscălescu,7
Filimon,7
Udrea,7
Dunca,7
Matache,7
Mărgineanu,7
Țurcanu,7
Barabás,7
Vicol,7
Luchian,7
Mănescu,7
Vancea,7
Oprescu,7
Dimitrescu,7
Tănasă,7
Ursache,7
Chelaru,7
Mutu,7
Pintea,7
Iorgulescu,7
Lupescu,7
Goga,7
Răileanu,6
Chifor,6
Catană,6
Dimitriu,6
Bica,6
Nicula,6
Cândea,6
Buta,6
Țuțuianu,6
Petrea,6
Bârlea,6
Ispas,6
Alecu,6
Cernescu,6
Deaconu,6
Grama,6
Stoicescu,6
Postolache,6
Nițescu,6
Mladin,6
Cercel,6
Braniște,6
Pădureanu,6
Cismaru,6
Cârciumaru,6
Pavelescu,6
Furdui,6
Mitrofan,6
Simu,6
Gavrilescu,6
Fejér,6
Gliga,6
Movilă,6
Geambașu,6
Postelnicu,6
Vlădescu,6
Timar,6
Naghi,6
Chiș,6
Ciorănescu,6
Măgureanu,6
Man,6
Timiș,6
Miu,6
Csiky,6
Belu,6
Bokor,6
Bodor,6
Benedek,6
Mărgărit,6
Nicola,6
Tudoran,6
Ciurea,6
Asztalos,6
Lupulescu,6
Drăgulescu,6
Săndulescu,6
Andronescu,6
Arbore,6
Dina,6
Blaj,6
Ciolacu,6
Puskás,6
Paál,6
Pataki,6
Osváth,6
Ilea,6
Hanganu,6
Bârlădeanu,6
Avramescu,6
Minea,6
Ianculescu,6
Fülöp,6
Trică,6
Baicu,6
Mustață,6
Magyari,6
Petrache,6
Dinulescu,6
Pleșca,6
Graur,6
Bercea,6
Dragnea,6
Lăcătuș,6
Athanasiu,6
Botezatu,6
Șandru,6
Kós,6
Kántor,6
Ionică,6
Dediu,6
Lambrino,6
Paul,6
Kádár,6
Donici,6
Dabija,6
Tița,6
Bunescu,6
Abrudan,6
Kováts,6
Barna,6
Gruia,6
Maier,6
Eremia,6
Moroșanu,6
Rădoi,6
Corbu,6
Gál,6
Popoviciu,6
Băjenaru,6
Stănculescu,6
Faur,6
Săvulescu,6
Panduru,6
Dobrin,6
Ungur,6
Severin,6
Baba,6
Magheru,6
Militaru,6
Tamaș,6
Coandă,6
Cocea,6
Negruzzi,6
Lung,6
Acatrinei,6
Chivu,6
Mazilu,6
Mihály,6
Apostu,6
Salamon,6
Mitran,5
Laza,5
Folea,5
Mocan,5
Butnariu,5
Anuța,5
Trăistaru,5
Cristache,5
Băluță,5
Ionel,5
Ionașcu,5
Prună,5
Chelariu,5
Antonie,5
Gâdea,5
Gavril,5
Mezei,5
Poruțiu,5
Bârsan,5
Nițulescu,5
Mercea,5
Hogea,5
State,5
Dorneanu,5
Baltă,5
Cuc,5
Minciună,5
Petrișor,5
Șimon,5
Bagdasar,5
Calotă,5
Voica,5
Fulga,5
Ambrus,5
Máthé,5
Vianu,5
Farago,5
Cârstea,5
Velicu,5
Jipa,5
Păcurariu,5
Muraru,5
Aramă,5
Teculescu,5
Brezeanu,5
Mărcuș,5
Mihaiu,5
Greceanu,5
Bălteanu,5
Anastasiu,5
Ghinea,5
Pelin,5
Bârcă,5
Știrbu,5
Marcovici,5
Fătu,5
Iași,5
Penescu,5
Turcan,5
Stahl,5
Râmniceanu,5
Buzatu,5
Nedelea,5
Nan,5
Csapó,5
Hristea,5
Berde,5
Petrașcu,5
Eșanu,5
Gal,5
Lazar,5
Dumbravă,5
Poenaru,5
Ciofu,5
Cioabă,5
Pușcașu,5
Guran,5
Stern,5
Bogza,5
Guțu,5
Bota,5
Mateiu,5
Gane,5
Leonida,5
Teodoreanu,5
Péterfi,5
Ceaușu,5
Opriș,5
Călugăreanu,5
Nicolaescu,5
Dumitraș,5
Burcă,5
Rada,5
Iordăchescu,5
Protopopescu,5
Ivașcu,5
Trifu,5
Makkai,5
Catargiu,5
Botezan,5
Golea,5
Teodoru,5
Lambru,5
Horvath,5
Damaschin,5
Pașcanu,5
Popović,5
Codrescu,5
Cantacuzène,5
Dinicu,5
Vajda,5
Ștef,5
Macri,5
Balla,5
Axente,5
Lavric,5
Răducan,5
Buzoianu,5
Gherghel,5
Imre,5
Rotariu,5
Naum,5
Gafencu,5
Gáll,5
Micle,5
Știrbei,5
Sturdza,5
Sorescu,5
Chițu,5
Burada,5
Pricop,5
Petruț,5
Ban,5
Lovinescu,5
Mardare,5
Iovan,5
Egyed,5
Oprean,5
Bölöni,5
Albulescu,5
Șerbu,5
Rusescu,5
Comănescu,5
Dávid,5
Domokos,5
Debreczeni,5
Roth,5
Schmidt,5
Petrovici,5
Wagner,5
Agache,5
Streinu,5
Rădescu,5
András,5
Andone,5
Müller,5
Neaga,5
Buruiană,5
Soós,5
Dulgheru,5
Furtună,4
Giosan,4
Negoescu,4
Murărescu,4
Nădejde,4
Mitroi,4
Apetrei,4
Florean,4
Rugină,4
Badiu,4
Ilieșiu,4
Cupșa,4
Aelenei,4
Țopa,4
Enciu,4
Porumb,4
Leca,4
Burtea,4
Stoia,4
Eftimie,4
Ludu,4
Cârjan,4
Surugiu,4
Bănescu,4
Vass,4
Bradu,4
Coldea,4
Pandele,4
Vraciu,4
Chira,4
Vela,4
Vîlcu,4
Drăguț,4
Pâslaru,4
Chindriș,4
Fischer,4
Ciortea,4
Păcuraru,4
Mănăilă,4
Berényi,4
Zărnescu,4
Nuțu,4
Bădărău,4
Cherecheș,4
Gârbea,4
Negrescu,4
Lupaș,4
Romanescu,4
Braga,4
Grădișteanu,4
Giurescu,4
Cazaban,4
Vrabie,4
Truță,4
Bengescu,4
Colceag,4
Nichita,4
Arsenescu,4
Tobă,4
Condurache,4
Pamfil,4
Bălăceanu,4
Bibescu,4
Creangă,4
Păcurar,4
Bordeianu,4
Vizitiu,4
Corbeanu,4
Olar,4
Vlașin,4
Nae,4
Huțanu,4
Nasta,4
Urzică,4
Potra,4
Csutak,4
Lecca,4
Costa,4
Cepoi,4
Baltag,4
Bács,4
Bogdán,4
Caranfil,4
Chirnoagă,4
Lemnaru,4
Crețulescu,4
Rizea,4
Giurcă,4
Mârza,4
Fărcaș,4
Coroamă,4
Coliu,4
Leon,4
Malița,4
Bivolaru,4
Epure,4
Vernescu,4
Darie,4
Igna,4
Chiper,4
Curelea,4
Trandafir,4
Stere,4
Moiș,4
Cârlan,4
Todor,4
Sabou,4
Velea,4
Vlaicu,4
Tatu,4
Câmpean,4
Neguț,4
Brătianu,4
Lupan,4
Iliuță,4
Platon,4
Rudeanu,4
Stăncioiu,4
Todea,4
Lascăr,4
Rácz,4
Páll,4
Oláh,4
Băncilă,4
Ciocoiu,4
Bostan,4
Busuioceanu,4
Budișteanu,4
Moisin,4
Bindea,4
Pușcariu,4
Marchiș,4
Boerescu,4
Herman,4
Baltazar,4
Bentoiu,4
Papahagi,4
Verdeș,4
Ulici,4
Oană,4
Moscovici,4
Copil,4
Berindei,4
Brașoveanu,4
Flutur,4
Lakatos,4
Pădurariu,4
Mihali,4
Drăguș,4
Condrea,4
Gluhovschi,4
Vodă,4
Adorján,4
Răduță,4
Cioacă,4
Balaban,4
Guga,4
Kessler,4
Hodoș,4
Illyés,4
Domide,4
Voina,4
Chiroiu,4
Jurcă,4
Caragiale,4
Panțuru,4
Rebreanu,4
Codrea,4
Szatmári,4
Halász,4
Hajdu,4
Adamescu,4
Gaál,4
Fábián,4
Pavăl,4
Mureșanu,4
Sanda,4
Sebestyén,4
Nichifor,4
Dragomirescu,4
Bartoș,4
Foișor,4
Haidu,4
Dolha,4
Tuzson,4
Tompa,4
Ghiață,4
Bányai,4
Golescu,4
Vida,4
Dinică,4
Lăzăreanu,4
Isac,4
Frățilă,4
Cordoș,4
Lukács,4
Dicu,4
Mincu,4
Șotropa,4
Balan,4
Dică,4
Filotti,4
Novák,4
Pruteanu,4
Doroftei,4
Storck,4
Mironescu,4
Berceanu,4
Demeter,4
Ionesco,4
Flondor,4
Lázár,4
Cseh,4
Bibesco,4
Bocu,4
Vălean,4
Băsescu,4
Beke,4
Aprodu,4
Várady,4
Loghin,4
Katona,4
Stratan,4
Pătru,4
Enea,4
Cotescu,4
Chitic,4
Grecea,4
Secară,4
Teodor,4
Șelaru,4
Tomșa,4
Vâlcu,4
Barta,4
Vulpescu,4
Tulbure,4
Boldea,4
Bocșan,4
Suru,4
Acsinte,4
Lăzăroiu,4
Macrea,4
Tăbăcaru,4
Năstasă,4
Ivanovici,4
Iorgu,4
Donțu,4
Breazu,4
Tache,4
Văcaru,4
Roșiu,4
Ivancea,4
Percea,4
Ancuța,4
Rotar,4
Onea,4
Bologa,4
Gligor,4
Romcescu,4
Oanea,4
Răuță,4
Simionca,4
Ilaș,4
Agafiței,4
Cătană,4
Vesa,4
Cadar,4
Coadă,4
Zdrenghea,4
Petrică,4
Gusti,3
Hossu,3
Black,3
Ghionea,3
Brediceanu,3
Cioran,3
Pogonat,3
Mizil,3
Gyulai,3
Aslan,3
Szekely,3
Donose,3
Ridzi,3
Papiu,3
Babeș,3
Olinescu,3
Pantelimon,3
Ghimpu,3
Marica,3
Scarlat,3
Tăutu,3
Weiner,3
Dezső,3
Stîngă,3
Nicorescu,3
Lovin,3
Balaj,3
Mungiu,3
Maiorescu,3
Istrati,3
Steiner,3
Penciu,3
Curcă,3
Nicu,3
Alecsandrescu,3
Caragiu,3
Elekes,3
Ferenczy,3
Botta,3
Antoniu,3
Goian,3
Pătrășcanu,3
Stroescu,3
Goia,3
Pavlovici,3
Lustig,3
Somogyi,3
Teleman,3
Sánta,3
Toth,3
Jula,3
Densusianu,3
Andreica,3
Proca,3
Conta,3
Glăvan,3
Brânzeu,3
Ciupe,3
Mandache,3
Trofin,3
Földes,3
Gyarmati,3
Keresztes,3
Hamar,3
Calotescu,3
Hosszú,3
Hunyadi,3
Chihaia,3
Iordan,3
Mărăcineanu,3
Țăruș,3
Bilașco,3
Bellu,3
Friedman,3
Curta,3
Posteucă,3
Kerekes,3
Talpoș,3
Kristóf,3
Ploieșteanu,3
Nunweiller,3
Hora,3
Vartolomei,3
Mărgăritescu,3
Preoteasa,3
Mincă,3
Rednic,3
Sütő,3
Weisz,3
Ghibu,3
Deutsch,3
Ifrim,3
Dușa,3
Pescaru,3
Trifa,3
Nestorescu,3
Grunfeld,3
Brauner,3
Klimek,3
Trușcă,3
Buhăescu,3
Németi,3
Onescu,3
Dulca,3
Moșoiu,3
Winkler,3
Bălescu,3
Alessandrescu,3
Dobrogeanu,3
Bercovici,3
Neumann,3
Hotea,3
Pojar,3
Cionca,3
Erdélyi,3
Ioviță,3
Oprișan,3
Bacalbașa,3
Mazăre,3
Ghenea,3
Nazare,3
Attila,3
Marosi,3
Nilca,3
Greavu,3
Grigorovici,3
Clinciu,3
Sturza,3
Vlădoiu,3
Gărdescu,3
Răduț,3
Kuti,3
Adameșteanu,3
Strătilă,3
Birtalan,3
Corban,3
Pitu,3
Pațurcă,3
Voiculeț,3
Huidu,3
Cioculescu,3
Goldiș,3
Beldiceanu,3
Bădoiu,3
Bănuță,3
Culcer,3
Beligan,3
Cursaru,3
Axinte,3
Gârleanu,3
Pusztai,3
Negrilă,3
Djuvara,3
Gâlcă,3
Pancu,3
Craioveanu,3
Nour,3
Jivan,3
Pippidi,3
Perianu,3
Antohi,3
Bobu,3
Băban,3
Purdea,3
Abraham,3
Irimie,3
Cojoc,3
Tincu,3
Mărăscu,3
Sion,3
Gîrleanu,3
Bălașa,3
Dăianu,3
Mogoșanu,3
Stana,3
Frâncu,3
Vatamanu,3
Herea,3
Leu,3
Bonciu,3
Bute,3
Radovici,3
Faragó,3
Țăran,3
Delavrancea,3
Davidoglu,3
Nedelcovici,3
Amariei,3
Buzura,3
Criste,3
Steriade,3
Săvescu,3
Țurcaș,3
Papadima,3
Dron,3
Dobrițoiu,3
Brumaru,3
Minovici,3
Barbălată,3
Runcan,3
Breban,3
Secăreanu,3
Safta,3
Bedő,3
Benkő,3
Biró,3
Angelescu,3
Sandulescu,3
Săftoiu,3
Corduneanu,3
Costăchescu,3
Csiki,3
Dănălache,3
Buia,3
Socol,3
Benga,3
Ispir,3
Lăcustă,3
Bonca,3
Comănici,3
Cruceru,3
Huiban,3
Adler,3
Nicolai,3
Batin,3
Iosub,3
Hager,3
Pițigoi,3
Băcilă,3
Ioanid,3
Coroian,3
Vescan,3
Cerna,3
Boeriu,3
Pillat,3
Soporan,3
Săceanu,3
Stănoiu,3
Stavarache,3
Negrean,3
Băcăoanu,3
Cimpoeșu,3
Virág,3
Costinescu,3
Șușman,3
Zaharescu,3
Petry,3
Catrina,3
Palade,3
Pîrvan,3
Obreja,3
Tocilescu,3
Gottlieb,3
Pătruț,3
Caragea,3
Haneș,3
Ralea,3
Iosifescu,3
Papacostea,3
Tămaș,3
Arhire,3
Vlase,3
Chirca,3
Beldiman,3
Cardoș,3
Cioară,3
Săsărman,3
Săulescu,3
Vâlceanu,3
Bucurescu,3
Iovănescu,3
Arghir,3
Serediuc,3
Borș,3
Berechet,3
Moisil,3
Stătescu,3
Itu,3
Cazac,3
Țepelea,3
Strungaru,3
Buzdugan,3
Motroc,3
Bulai,3
Kirițescu,3
Borcea,3
Ureche,3
Motreanu,3
Pascariu,3
Turturică,3
Bara,3
Zrínyi,3
Vizi,3
Chifu,3
Ciocâlteu,3
Socor,3
Modorcea,3
Cartianu,3
Boroș,3
Rădăcină,3
Negruț,3
Russu,3
Rășcanu,3
Sonea,3
Secrieru,3
Jurcan,3
Gireadă,3
Armășescu,3
Pardău,3
Neag,3
Livezeanu,3
Pantazi,3
Moscu,3
Both,3
Barnea,3
Cîrstoiu,3
Jinga,3
Maria,3
Mogoș,3
Năstăsescu,3
Râpeanu,3
Giurgea,3
Ioja,3
Ferenczi,3
János,3
Mészáros,3
Szegő,3
Chebac,3
Lăzureanu,3
Chiru,3
Drugă,3
Beldie,3
Borcia,3
Botoș,3
Burduja,3
Ciolan,3
Andrieș,3
Teohari,3
Dobrinescu,3
Hulea,3
Negraru,3
Gruescu,3
Vultur,3
Dancă,3
Tutunaru,3
Gafton,3
Gheție,3
Givulescu,3
Ilieș,3
Morărescu,3
Dorobăț,3
Drugan,3
Ciocănel,3
Petrariu,3
Andronache,3
Mohanu,3
Resmeriță,3
Tomoiagă,3
Stroia,3
Iconaru,3
Căpraru,3
Balica,3
Duminică,3
Grumezescu,3
Udrescu,3
Rotea,3
Ciorbă,3
Șandor,3
Briceag,3
Popoiu,3
Perju,3
Țicu,3
Cerbu,3
Dragoman,3
Juravle,3
Tudorică,3
Budoiu,3
Procopie,3
Vărzaru,3
Negoi,3
Corciovă,3
Magda,3
Cîmpean,3
Raica,3
Șerb,3
Pleșea,3
Topan,3
Vasiu,3
Iacomi,3
Leuștean,3
Bușe,3
Pavelea,3
Dologa,3
Racolța,3
Iftene,3
Veștea,3
Moșteanu,3
Benea,3
Coste,3
Achiței,3
Ișfan,3
Pănescu,3
Gurgu,3
Pîrvulescu,3
Trandafirescu,3
Stratulat,3
Romaniuc,3
Dumitra,3
Sângeorzan,3
Kent,3
Barb,3
Poșircă,3
Logofătu,3
Glodeanu,3
Cîrjan,3
Cornean,3
Domșa,3
Hotăran,3
Manu,3
Dăncuș,3
Bilțiu,3
Branga,3
Decu,3
Vulcu,3
Dobrotă,3
Voaideș,3
Donca,3
Bordei,3
Craiu,3
Vladu,3
Patriche,3
Bosânceanu,3
Diniță,3
Chițescu,3
Totolici,3
Dunăreanu,3
Micșa,3
Tacu,3
Váradi,3
Q87339358,3
Udvary,3
Szikszai,3
Laczkó,3
Petri,3
Creț,3
Grapini,3
Brătescu,3
Nastasă,3
Teodosiu,3
Gavrilaș,3
Lengyel,3
Duda,3
Gaspar,3
Ciocănea,3
Gurzău,3
Vișinescu,3
Bălu,3
Șora,3
Țeicu,3
Amet,3
Samoilă,3
Giușcă,3
Mărdărescu,3
Oproiu,3
Niga,3
Moisa,3
Gabrielescu,3
Ciuciu,3
Pânzaru,3
Chirică,3
Máté,3
Golopenția,3
Dijmărescu,3
Cîmpeanu,3
Paladi,3
Solcan,3
Horga,3
Lascu,3
Șuta,3
Pârva,3
Balș,3
Coculescu,3
Deaconescu,3
Botea,3
Fabini,3
Brînză,3
Ciocârlan,3
Jurca,3
Stănilă,3
Panaite,3
Petra,3
Suțu,3
Tăut,3
Căpățînă,3
Dogariu,3
Șchiau,3
Pleșa,3
Roșianu,3
Urs,3
Brânzan,3
Miclău,3
Prioteasa,3
Stamate,3
Sipos,3
Szántó,3
Varró,3
Portocală,3
Szilagyi,3
Tripon,3
Tulpan,3
Hecht,3
Bethlen,3
Erdei,3
Gălățanu,3
Mărăcine,3
Diamandi,3
Maghiar,3
Țone,3
Mîrza,3
Pandrea,3
Bordea,3
Hogaș,3
Coșovei,3
Ruse,3
Boldor,3
Halic,3
Arnăutu,3
Arsene,3
Cobzaru,3
Podelean,3
Picu,3
Tatomir,3
Smeu,3
Smarandache,3
Diamandescu,3
Canarache,3
Siriopol,3
Lobonț,2
Orosz,2
Sinka,2
Balaș,2
Pauker,2
Rusan,2
Puică,2
Vrănceanu,2
Horia,2
Porumboiu,2
Dudás,2
Mang,2
Isărescu,2
Macalik,2
Grasu,2
Nădășan,2
Piersic,2
Stăniloae,2
Sălăgeanu,2
Vamoș,2
Brânză,2
Hagi,2
Steinberg,2
Segal,2
Spîrlea,2
Madaras,2
Susanu,2
Boc,2
Grigorie,2
Drîmbă,2
Marinca,2
Ciornei,2
Moisuc,2
Karácsonyi,2
Ágoston,2
Marga,2
Văcărescu,2
Strămăturaru,2
Bánffy,2
Plugaru,2
Timofti,2
Moculescu,2
Czirjék,2
Stupar,2
Diószegi,2
Aderca,2
Ciobotariu,2
Topîrceanu,2
Luchin,2
Eftimiu,2
Daicoviciu,2
Raț,2
Pellea,2
Lucescu,2
Popeangă,2
Bușoi,2
Penu,2
Bordeanu,2
Péntek,2
Bourceanu,2
Juhász,2
Bădoi,2
Hațieganu,2
Bretan,2
Endre,2
Finta,2
Răducu,2
Ciorbea,2
Benția,2
Ioana,2
Săpunaru,2
Cociș,2
Pițurcă,2
Marković,2
Țițeica,2
Gavrila,2
Arba,2
Geoană,2
Arghezi,2
Stănuleț,2
Nemescu,2
Szathmáry,2
Tempfli,2
Tordai,2
Chițac,2
Lăpușneanu,2
Coraș,2
Vișoiu,2
Hurezeanu,2
Pena,2
Licu,2
Dolănescu,2
Gârniță,2
Brata,2
Buș,2
Károlyi,2
Argeșanu,2
Vâlcov,2
Papuc,2
Năstăsie,2
Fabian,2
Cepraga,2
Bulandra,2
Chețan,2
Grosaru,2
Bîrlădeanu,2
Oaidă,2
Brăescu,2
Oișteanu,2
Avakian,2
Fogarasi,2
Fritz,2
Gazda,2
Gyallay,2
Gábos,2
Hajdú,2
Holló,2
Stoianov,2
Miclăuș,2
Huszár,2
Ciulei,2
Csák,2
Pantilimon,2
Păucă,2
Daniel,2
Alupei,2
Mărășescu,2
Boagiu,2
Polihroniade,2
Mălăele,2
Grozav,2
Găman,2
Șoavă,2
Ciolac,2
Suba,2
Balaci,2
Rotman,2
Zegrean,2
Dărăban,2
Venczel,2
Joó,2
Kallós,2
Meiroșu,2
Kis,2
Țuculescu,2
Kormos,2
Zavoda,2
Bodnăraș,2
Bud,2
Părăluță,2
Antoci,2
Moți,2
Plămădeală,2
Babici,2
Berescu,2
Berciu,2
Buicliu,2
Mogârzan,2
Alboiu,2
Erhan,2
Christescu,2
Xenopol,2
Lazariuc,2
Poantă,2
Bodnar,2
Onciul,2
Partoș,2
Asachi,2
Marina,2
Felecan,2
Tufan,2
Călugăru,2
Călinoiu,2
Simionov,2
Artimon,2
Boca,2
Bercu,2
Ábrahám,2
Boștină,2
Moiceanu,2
Cosac,2
Petean,2
Tilihoi,2
Mulțescu,2
Milescu,2
Arghiropol,2
Chițoiu,2
Káli,2
Károly,2
Kónya,2
Bosianu,2
Carabela,2
Țălnar,2
Papură,2
Orac,2
Mandeal,2
Oroș,2
Predoiu,2
Ojog,2
Tararache,2
Dănciulescu,2
Sadoveanu,2
Wetzer,2
Petrás,2
Iordănescu,2
Brăneț,2
Mozes,2
Pescariu,2
Nisipeanu,2
Noica,2
Șova,2
Bizău,2
Bencze,2
Raicea,2
Richter,2
Russo,2
Teleucă,2
Aldea-Teodorovici,2
Duțescu,2
Silvășan,2
Avrămia,2
Covic,2
Gușatu,2
Pacea,2
Marino,2
Olah,2
Sitaru,2
Paleologu,2
Odobescu,2
Dimitrovici,2
Socaci,2
Arcu,2
Macarencu,2
Grünberg,2
Zincă,2
Martinescu,2
Bunaciu,2
Tismăneanu,2
Lovas,2
Lévai,2
Levy,2
Isăilă,2
Thellmann,2
Maksay,2
Makó,2
Sârbulescu,2
Băiceanu,2
Coteanu,2
Ritter,2
Macedonski,2
Chiva,2
Wittstock,2
Ciutureanu,2
Romașcanu,2
Curtean,2
Erőss,2
Józsa,2
Ploscaru,2
Coșa,2
Ádám,2
Țigău,2
Spircu,2
Iureș,2
Ilyés,2
Știrbey,2
Arion,2
Fântânaru,2
Stefanescu,2
Cuciula,2
Miroiu,2
Petroșanu,2
Viciu,2
Mușatescu,2
Băeșu,2
Sorohan,2
Dobroiu,2
Gușă,2
Grozea,2
Ratiu,2
Andrițoiu,2
Ciucur,2
Dandea,2
Groapă,2
Găvan,2
Marcus,2
Dragalina,2
Fercu,2
Untaru,2
Stoichiță,2
Aur,2
Frosin,2
Szántay,2
Teodorini,2
Budești,2
Balotă,2
Olajos,2
Panek,2
Pálffy,2
Sabo,2
Sechelariu,2
Tătulescu,2
Roată,2
Almási,2
Pîrv,2
Maurer,2
Brăiloiu,2
Császár,2
Hauser,2
Iohannis,2
Gângă,2
Constantine,2
Ioanovici,2
Koller,2
Moghioroș,2
Ologu,2
Terheș,2
Țigănașu,2
Ilin,2
Laiu,2
Ulmeanu,2
Boncea,2
Bușilă,2
Dăescu,2
Merticariu,2
Csik,2
Ianoș,2
Sânmărtean,2
Barba,2
Vosganian,2
Bejinariu,2
Ralli,2
Brânduș,2
Portugal,2
Negoițescu,2
Straton,2
Constantinovici,2
Ciochină,2
Onoriu,2
Grămadă,2
Pordea,2
Periețeanu,2
Nemțanu,2
Ariton,2
Ciosescu,2
Geantă,2
Vartic,2
Dimofte,2
Crivac,2
Herold,2
Goldstein,2
Iftodi,2
Măstăcan,2
Druncea,2
Mărănducă,2
Țaga,2
Gheară,2
Haralambie,2
Drăghicescu,2
Marchitan,2
Stemate,2
Bumb,2
Șnep,2
Gherea,2
Burian,2
Massim,2
Gângioveanu,2
Agarici,2
Aldulescu,2
Becali,2
Mihalachi,2
Flueraș,2
Baconsky,2
Tămârjan,2
Teleki,2
Csiha,2
Angi,2
Brădeanu,2
Onyejekwe,2
Balasko,2
Voican,2
Țepeș,2
Aposteanu,2
Demetriescu,2
Larie,2
Iorgovan,2
Kreindler,2
Botescu,2
Codoban,2
Bărăscu,2
Bălcescu,2
Pereș,2
Cuza,2
Ciontu,2
Coșniță,2
Bărăgan,2
Boureanu,2
Ciubotariu,2
Gafița,2
Târnăvean,2
Mitulescu,2
Bucșă,2
Copos,2
Cotarcea,2
Covaciu,2
Samungi,2
Mavrodin,2
Enceanu,2
Vârtic,2
Fenechiu,2
Bălăeț,2
Vartolomeu,2
Benzar,2
Cioflec,2
Elek,2
Farmache,2
Bodnărescu,2
Szasz,2
Brujan,2
Celac,2
Cozmiuc,2
Bîrzu,2
Gîju,2
Göllner,2
Rașovan,2
Cărare,2
Tcaciuc,2
Petrașincu,2
Ács,2
Vásárhelyi,2
Blank,2
Demetriade,2
Stamatoiu,2
Cotruș,2
Acterian,2
Traian,2
Moș,2
Cojan,2
Rău,2
Gulea,2
Filipaș,2
Bednarik,2
Chirițoiu,2
Mihăiță,2
Scutaru,2
Butoiu,2
Huțan,2
Mihoc,2
Dobrică,2
Bugariu,2
Seres,2
Sanielevici,2
Moskowitz,2
Căuș,2
Prelipceanu,2
Argatu,2
Balabașciuc,2
Machat,2
Ciucu,2
Selagea,2
Puia,2
Istodor,2
Agiu,2
Balcan,2
Balmuș,2
Creția,2
Ștrempel,2
Dorian,2
Juncu,2
Saizescu,2
Calboreanu,2
Danielescu,2
Motoi,2
Stoleriu,2
Drumen,2
Miuțescu,2
Brânzei,2
Bunduc,2
Cunescu,2
Cătuneanu,2
Gheorghiev,2
Iova,2
Suditu,2
Turda,2
Prisăcaru,2
Patrichi,2
Prigoană,2
Chifiriuc,2
Coliban,2
Macavei,2
Roca,2
Konrad,2
Brateș,2
Cihărean,2
Trestioreanu,2
Panțîru,2
Petruș,2
Coca,2
Baraschi,2
Bedreag,2
Nacu,2
Petran,2
Cărpinișan,2
Brenciu,2
Brănescu,2
Mayer,2
Ciocanu,2
Santo,2
Sirbu,2
Momanu,2
Ciurtin,2
Gram,2
Poteraș,2
Șofron,2
Țopescu,2
Ciobănașu,2
Felea,2
Vlasie,2
Micula,2
Goanță,2
Peter,2
Păsat,2
Bănulescu,2
Ohanesian,2
Kőrösi,2
Ababi,2
Miklósi,2
Simó,2
Palkó,2
Baranyai,2
Forrai,2
Járai,2
Harabagiu,2
Velcea,2
Grigorcea,2
Lehaci,2
Lașcu,2
Sacară,2
Deleu,2
Iamandi,2
Soreanu,2
Velculescu,2
Ignătescu,2
Drăghia,2
Madgearu,2
Nemoianu,2
Hagiu,2
Gheba,2
Sălceanu,2
Trancu,2
Botiș,2
Q87256521,2
Uioreanu,2
Cucerzan,2
Colan,2
Bernea,2
Medeleanu,2
Bălcești,2
Stamatin,2
Ciuculete,2
Gâlea,2
Danilov,2
Bianu,2
Buraga,2
Ceterchi,2
Curea,2
Leș,2
Onisei,2
Oncea,2
Șirianu,2
Romano,2
Zugrăvescu,2
Onaca,2
Speranția,2
Branc,2
Crudu,2
Corbea,2
Atodiresei,2
Boșneag,2
Caracaș,2
Alexiu,2
Cocorăscu,2
Taloș,2
Zugrav,2
Joca,2
Colojoară,2
Cumpănașu,2
Diniș,2
Făgărășanu,2
Gonțea,2
Gurău,2
Hudiță,2
Lapedatu,2
Verona,2
Boia,2
Tecuceanu,2
Rurac,2
Socaciu,2
Ilcu,2
Cheregi,2
Davidovici,2
Vâlsan,2
Zafiu,2
Bolohan,2
Gavra,2
Cucui,2
Mișu,2
Spulber,2
Chintoan,2
Buican,2
Dudiță,2
Balauru,2
Bertzi,2
Mitriță,2
Tinu,2
Țintea,2
Teodoroiu,2
Tismănaru,2
Bondar,2
Postică,2
Gross,2
Bacaloglu,2
Liță,2
Beza,2
Anastasescu,2
Baniciu,2
Gogoncea,2
Vulcănescu,2
Grindea,2
Guttman,2
Burileanu,2
Balaban,2
Bivol,2
Lahovary,2
Suruceanu,2
Grossu,2
Fulgeanu,2
Bartalis,2
Bede,2
Bihari,2
Anania,2
Orendi,2
Liiceanu,2
Békési,2
Béres,2
Wolff,2
Dianu,2
Cuțov,2
Firan,2
Spinei,2
Mititelu,2
Varlam,2
Cioranu,2
Bejenaru,2
Budescu,2
Bumbac,2
Constantiniu,2
Schumacher,2
Stănici,2
Csillag,2
Csákány,2
Cipariu,2
Csűrös,2
Sfetescu,2
Meleșcanu,2
Murnu,2
Minune,2
Timaru,2
Tabără,2
Nemțeanu,2
Doană,2
Căpățână,2
Jebeleanu,2
Nicolăescu,2
Mateianu,2
Spânu,2
Nebunu,2
Mina,2
Mugur,2
Stângă,2
Gheoca,2
Ormenișan,2
Zidaru,2
Lipan,2
Raețchi,2
Gore,2
Ioachim,2
Cocârlă,2
Țugui,2
Bogatu,2
Malâhin,2
Sala,2
Druțu,2
Lucian,2
Sopon,2
Saulea,2
Cuibuș,2
Barabaș,2
Sporea,2
Vlădăreanu,2
Ștefoi,2
Carțiș,2
Godeanu,2
Porumbaru,2
Kedves,2
Burzo,2
Gavriș,2
Negruțiu,2
Pălăngeanu,2
Ornea,2
Vătafu,2
Turcea,2
Cornilescu,2
Pastor,2
Duminicel,2
Boghian,2
Codrici,2
Grand,2
Ambruș,2
Bortnyik,2
Vígh,2
József,2
Ady,2
Veres,2
Strâmbeanu,2
Zlotea,2
Bobescu,2
Băileșteanu,2
Livescu,2
Nicoleanu,2
Broșteanu,2
Osman,2
Bârgăoanu,2
Jucan,2
Ruja,2
Teodorovici,2
Dronca,2
Weiss,2
Cârneci,2
Cosmescu,2
Fuchs,2
Măciucă,2
Krausz,2
Bunta,2
Priceputu,2
Gavriliu,2
Lalu,2
Ionesi,2
Iolu,2
Ciocârlie,2
Wald,2
Demetrius,2
Arnăuțoiu,2
Dăncilă,2
Haimovici,2
Burtică,2
Balló,2
Igrișan,2
Podoleanu,2
Selegean,2
Săvoiu,2
Țuțu,2
Tușa,2
Holhoș,2
Știucă,2
Buză,2
Mailat,2
Iliuț,2
Gomoiu,2
Bobeș,2
Chirițescu,2
Durac,2
Scupra,2
Butunoiu,2
Iriza,2
Târcă,2
Vătavu,2
Trașcă,2
Mitrache,2
Runceanu,2
Guriță,2
Onicaș,2
Panc,2
Chioveanu,2
Rogin,2
Boilă,2
Marinache,2
Braia,2
Fotino,2
Mereuță,2
Fenoghen,2
Târziu,2
Gogoriță,2
Climescu,2
Codarcea,2
Moldovanu,2
Myller,2
Satmari,2
Spiroiu,2
Mușoiu,2
Dacian,2
Urziceanu,2
Țoiu,2
Vlăduț,2
Singer,2
Drăganu,2
Mohora,2
Uritescu,2
Todirașcu,2
Berci,2
Bran,2
Docea,2
Fălcoianu,2
Golu,2
Nică,2
Basarab,2
Beuran,2
Mihăieș,2
Pavlu,2
Șeptilici,2
Boruzescu,2
Mișicu,2
Isopescu,2
Gavreliuc,2
Brezianu,2
Mlendea,2
Buciu,2
Donescu,2
Movileanu,2
Neacșa,2
Szűcs,2
Marincu,2
Vîlsan,2
Grințescu,2
Anghelina,2
Cicic,2
Predică,2
Pungan,2
Suceveanu,2
Biriș,2
Barbăroșie,2
Papilian,2
Slăvescu,2
Tufescu,2
Știr,2
Erbiceanu,2
Galin,2
Șipoteanu,2
Oprișor,2
Barabancea,2
Pera,2
Rose,2
Mîndruță,2
Monția,2
Muller,2
Amzulescu,2
Angheluță,2
Bălășescu,2
Caracostea,2
Duicu,2
Alexi,2
Amza,2
Buică,2
Docan,2
Enășescu,2
Gheciu,2
Ghilea,2
Humelnicu,2
Murgeanu,2
Neculau,2
Nestor,2
Văleanu,2
Niculiță,2
Nistoran,2
Paraschivescu,2
Tudorie,2
Neculai,2
Andriescu,2
Eminescu,2
Stoleru,2
Cruceanu,2
Șahighian,2
Pătrănoiu,2
Rașcu,2
Drăgoescu,2
Grămescu,2
Himcinschi,2
Dridea,2
Negură,2
Hodos,2
Moșescu,2
Prichici,2
Pruncu,2
Pușcă,2
Rizescu,2
Tătăran,2
Began,2
Peiu,2
Tánczos,2
Botos,2
Tabacu,2
Keresztesi,2
Cazimir,2
Gologan,2
Șeicaru,2
Cernovodeanu,2
Țene,2
Wertheimer,2
Scriban,2
Stănciulescu,2
Steriu,2
Emilian,2
Lăpădat,2
Vârgolici,2
Rareș,2
Szakáts,2
Godja,2
Iambor,2
Zainea,2
Bumbăcea,2
Cernătescu,2
Timică,2
Tinca,2
Tomaziu,2
Tomozei,2
Țurlea,2
Ursulescu,2
Velniciuc,2
Ciorogariu,2
Vuia,2
Sireteanu,2
Henția,2
Mesaroș,2
Cioiu,2
Chiriacescu,2
Macarie,2
Hegyi,2
Beyer,2
Bugnar,2
Moisă,2
Wexler,2
Doncea,2
Leșe,2
Cazanciuc,2
Stolnicu,2
Oțel,2
Androne,2
Volceanov,2
Vreme,2
Greblă,2
Aioanei,2
Torok,2
Szöllősi,2
Buciuceanu,2
Rogoz,2
Coja,2
Radan,2
Cuciuc,2
Pamfile,2
Dordea,2
Géczi,2
Danci,2
Ducaru,2
Aricescu,2
Slav,2
Ghika,2
Pugna,2
Alexescu,2
Arvinte,2
Baban,2
Pupăză,2
Boncoi,2
Dochinoiu,2
Purcaru,2
Miklos,2
Iovescu,2
Smaranda,2
Mohor,2
Gioabă,2
Galbenu,2
Berbec,2
Blejan,2
Duică,2
Boiangiu,2
Bolcaș,2
Boroianu,2
Brad,2
Bulgăr,2
Burghele,2
Burlă,2
Matekovits,2
Bociort,2
Burciu,2
Pohoață,2
Nichiteanu,2
Ciuciulete,2
Aruștei,2
Jacob,2
Pătuleanu,2
Măinescu,2
Smădu,2
Spirescu,2
Buicu,2
Căprar,2
Dîrzu,2
Ghera,2
Gudu,2
Marocico,2
Bîrsan,2
Chișu,2
Cinteză,2
Codiță,2
Comișel,2
Corodan,2
Panaitescu,2
Armeanu,2
Spiță,2
Mitroiu,2
Sturzu,2
Ghenu,2
Rababoc,2
Cristinoiu,2
Diculescu,2
Dohotariu,2
Dună,2
Floașiu,2
Floca,2
Gorun,2
Bereș,2
Basarabescu,2
Derzsi,2
Brumă,2
Scărișoreanu,2
Jitianu,2
Spătar,2
Mazilescu,2
Márkus,2
Bobonete,2
Onel,2
Carpen,2
Wolf,2
Spătărelu,2
Burleanu,2
Săraru,2
Chivulescu,2
Ante,2
Peia,2
Petric,2
Șcheau,2
Berea,2
Cadariu,2
Schreiber,2
Gheran,2
Ghișe,2
Grozuță,2
Hrițcu,2
Ianovici,2
Ianuș,2
Iana,2
Bucuroiu,2
Sîrghie,2
Petraru,2
Machidon,2
Ouatu,2
Joarză,2
Borcan,2
Azamfirei,2
Bănățeanu,2
Lup,2
Lupău,2
Cambir,2
Bădic,2
Celea,2
Ipate,2
Herța,2
Hurduc,2
Pîrjol,2
Burlea,2
Cristina,2
Vasiliev,2
Pîslaru,2
Gheonu,2
Soceanu,2
Calu,2
Răcăreanu,2
Gună,2
Gheorgheci,2
Vlăduți,2
Băbuță,2
Gulie,2
Ciupitu,2
Peligrad,2
Dobrița,2
Oiță,2
Chirea,2
Huber,2
Veliciu,2
Fotache,2
Breabăn,2
Saviuc,2
Moroșan,2
Onică,2
Haliuc,2
Grădinariu,2
Cobuz,2
Screciu,2
Moț,2
Taifas,2
Ristea,2
Bolovan,2
Armencea,2
Sticlaru,2
Bratosin,2
Gârneață,2
Țandără,2
Neață,2
Afloroaei,2
Berar,2
Șumălan,2
Bercean,2
Berinde,2
Breda,2
Huza,2
Pocol,2
Ursachi,2
Isvoranu,2
Manolea,2
Lică,2
Nedea,2
Peța,2
Chiran,2
Bătrânu,2
Gheboianu,2
Manda,2
Vlădulescu,2
Mandea,2
Ghena,2
Bănăseanu,2
Marșavela,2
Pocora,2
Nicolaie,2
Caragață,2
Anea,2
Huja,2
Beschiu,2
Troancă,2
Vișa,2
Răcuciu,2
Antim,2
Rogoveanu,2
Borugă,2
Pasăre,2
Prundeanu,2
Vârciu,2
Breaz,2
Lazea,2
Lupșan,2
Horșia,2
Alba,2
Jurj,2
Pleș,2
Mariș,2
Chelcea,2
Uța,2
Cupăreanu,2
Velcu,2
Cărăușu,2
Dumea,2
Dudău,2
Zăbrăuțanu,2
Ambăruş,2
Iștoc,2
Horchidan,2
Andrușcă,2
Pascali,2
Misăilă,2
Caba,2
Ochescu,2
Bradea,2
Someșan,2
Todașcă,2
Râjnoveanu,2
Pandea,2
Zanfir,2
Poede,2
Arteni,2
Ibănescu,2
Postolachi,2
Topoleanu,2
Gherghișan,2
Petroi,2
Păsărin,2
Ciocea,2
Bobaru,2
Mate,2
Șut,2
Sav,2
Crainic,2
Goron,2
Maris,2
Fărtan,2
Prunean,2
Petruescu,2
Cubleșan,2
Ursea,2
Moșneagu,2
Cnejevici,2
Aniței,2
Oanță,2
Nichitean,2
Motrescu,2
Flucuș,2
Copaciu,2
Wiener,2
Sandor,2
Orbulescu,2
Radovancovici,2
Fara,2
Mik,2
Márk,2
Tomuța,2
Incicău,2
Feieș,2
Olea,2
Toda,2
Ienciu,2
Blendea,2
Șerbescu,2
Vîlceanu,2
Gavriliță,2
Lungoci,2
Botaș,2
Zăvoianu,2
Donciu,2
Sevastian,2
Neague,2
Beiu,2
Mitrana,2
Săcăleanu,2
Aciobăniței,2
Matiș,2
Condor,2
Focșa,2
Chiorean,2
Bordaș,2
Codrean,2
Bulzan,2
Vâlcan,2
Tiperciuc,2
Tudosi,2
Moruzi,2
Dican,2
Iovu,2
Trăilă,2
Haiduc,2
Vasu,2
Holicov,2
Cibotaru,2
Folescu,2
Ropan,2
Lupșe,2
Stredie,2
Jităreanu,2
Guță,2
Ciontea,2
Silișteanu,2
Măceșanu,2
Herescu,2
Josan,2
Marinoschi,2
Morega,2
Petrisor,2
Piciu,2
Cotoi,2
Balog,2
Pădurean,2
Stoean,2
Diaconița,2
Șomlea,2
Secula,2
Semeniuc,2
Gîfu,2
Potop,2
Grăjdeanu,2
Borda,2
Raiciu,2
Calin,2
Horhat,2
Forcoș,2
Pravăț,2
Tudosă,2
Tocală,2
Ailincăi,2
Bidireanu,2
Sarbu,2
Koncz,2
Forna,2
Vrînceanu,2
Bulgaru,2
Huțu,2
Ana,2
Ispravnic,2
Bounegru,2
Capătă,2
Semciuc,2
Doda,2
Mircescu,2
Buzan,2
Spîrcu,2
Neacsu,2
Ștefaniu,2
Fleșeriu,2
Bârzu,2
Vidican,2
Ciucurel,2
Argintaru,2
Mederle,2
Ionaș,2
Modreanu,2
Sebeșan,2
Pahone,2
Onu,2
Velican,2
Horgoș,2
Vînătoru,2
Birău,2
Berlescu,2
Câmpulungeanu,2
Moțiu,2
Chinezu,2
Catalina,2
Gașpar,2
Gudea,2
Pricu,2
Manoilă,2
Căpușă,2
Mihalca,2
Albani,2
Nilă,2
Segall,2
Mormăilă,2
Onișor,2
Hălmăgean,2
Rusen,2
Strugariu,2
Thomas,2
Andrica,2
Bozdog,2
Genescu,2
Culineac,2
Bordás,2
Gheju,2
Gulei,2
Margineanu,2
Banea,2
Borbely,2
Pârv,2
Pleter,2
Borlan,2
Fechete,2
Pînzaru,2
Gurban,2
Sitar,2
Gagea,2
Scripcariu,2
Todericiu,2
Dimache,2
Moscalu,2
Lupa,2
Coteț,2
Sădeanu,2
Elian,2
Feroiu,2
Gherguț,2
Talabă,2
Geană,2
Forțofoiu,2
Burtănete,2
Tarța,2
Brînzănescu,2
Dinuță,2
Mioc,2
Stoicea,2
Giurgescu,2
Bedea,2
Tanasă,2
Brînzanic,2
Gregorian,2
Stoianovici,2
Roșeanu,2
Bani,2
Chirila,2
Schiller,2
Vremir,2
Kalmár,2
Zimța,2
Bobe,2
Benchea,2
Sali,2
Orășan,2
Gaiță,2
Sipoș,2
Hurjui,2
Călina,2
Sanie,2
Boroneanț,2
Mușețeanu,2
Pecurariu,2
Cucuruz,2
Spridon,2
Tohănean,2
Biro,2
Vermeșan,2
Bulboacă,2
Miftode,2
Rujan,2
Molnar,2
Orfanu,2
Dranga,2
Tuță,2
Enachi,2
Matieș,2
Cavași,2
Ciumac,2
Volovăț,2
Onofriescu,2
Bîlha,2
Maximilian,2
Arie,2
Dărăbuș,2
Costiescu,2
Brănișteanu,2
Arno,1
Alexianu,1
Halep,1
Cîrstea,1
Yavetz,1
Gallovits-Hall,1
Ponor,1
Lipă,1
Izbașa,1
Baros,1
Amânar,1
Silivaș,1
Seling,1
Romain,1
Ruzici,1
Cadanțu,1
Begu,1
Reghecampf,1
Cioncan,1
Cotrubaș,1
Potec,1
Peneș,1
Cușmir,1
Pougy,1
Mălaimare,1
Ursuleasa,1
Varia,1
Rainea,1
Viscopoleanu,1
Târlea,1
Miriuță,1
Beier,1
Menis,1
Marksteiner,1
Wininger,1
Ackermann,1
Jakubinyi,1
Spoerri,1
Coșeriu,1
Stolojan,1
Văcăroiu,1
Grünbaum,1
Brâncusi,1
Brâncuşi,1
Celan,1
Ligeti,1
Celibidache,1
Răcilă,1
Morgenstern,1
Musicescu,1
Keitel,1
Roco,1
Gaitán,1
Hammer,1
Gueye,1
Tăriceanu,1
Tomoroveanu,1
Hellman,1
Rosé,1
Mesko,1
Iagăr,1
Miloșovici,1
Burcică,1
Ienei,1
Gluck,1
Adelstein,1
Rozeanu,1
Ursuleac,1
Câșlaru,1
Beclea,1
Silai,1
Aliuță,1
Zeller,1
Ilarian,1
Sepsi,1
Marchini,1
Monyer,1
Funar,1
Negulesco,1
Casandra,1
Linca,1
Heyman,1
Parghel,1
Steff,1
Zenga,1
Contra,1
Mera,1
Anya,1
Rosenstock,1
Wiesel,1
Arafat,1
Comăneci,1
Conne,1
Chaynes,1
Renner,1
Lateiner,1
Latovlevici,1
Panin,1
Lazarov,1
Filat,1
Ponta,1
Leancă,1
Corlățean,1
Averescu,1
Marghiloman,1
Dîba,1
Ausländer,1
Lara,1
Axmann,1
Diță,1
Pick,1
Radulescu,1
Kolles,1
Holmes,1
Roos,1
Oberth,1
Avar,1
Gray,1
Weisselberger,1
Bergel,1
Hell,1
Pauly,1
Nadin,1
Zauner,1
Bosch,1
Denes,1
Văitoianu,1
Ivănceanu,1
Römer,1
Söllner,1
Azoiței,1
Dani,1
Deșu,1
Duka,1
Ianu,1
Tiberian,1
Labiș,1
Țiriac,1
Poór,1
Ressu,1
Pulhac,1
Ciuhandu,1
Cuțescu,1
Vastag,1
Cioloș,1
Q18537291,1
Novak,1
Tameș,1
Librescu,1
Hănescu,1
Ganț,1
Zelinski,1
Pacha,1
Verdeț,1
Ujică,1
Kräuter,1
Ciocâltea,1
Cernăianu,1
Țîrle,1
Podgorean,1
Dîncu,1
Becheru,1
Coșea,1
Paler,1
Pașcu,1
Hellvig,1
Trăistariu,1
Lucinschi,1
Percă,1
Țuțulan,1
Chetroiu,1
Fiscuteanu,1
Răducioiu,1
Albin,1
Janco,1
Jenei,1
Dolipschi,1
Minteuan,1
Robe,1
Agopian,1
Pelecaci,1
Țuțea,1
Foiaș,1
Racoviță,1
Wass,1
Irimiciuc,1
Popper,1
Burincă,1
Loaieș,1
Gogean,1
Țugurlan,1
Ozon,1
Depner,1
Rang,1
Remmel,1
Karpen,1
Dénes,1
Erős,1
Brote,1
Fazekas,1
Feleki,1
Aaron,1
Iaru,1
Cîrțu,1
Puric,1
Bumbescu,1
Cojenelu,1
Cioroianu,1
Stelea,1
Gelberg,1
Neșu,1
Ropotan,1
Sobaru,1
Nelson,1
Comes,1
Freund,1
Borbás,1
Ullmann,1
Dobay,1
Negrișan,1
Petică,1
Procopiu,1
Oprița,1
Sameș,1
Bessenyei,1
Tänzer,1
Pleșan,1
Cochela,1
Cogeanu,1
Popistașu,1
Armășel,1
Bobocel,1
Codruț,1
Perl,1
Rășinaru,1
Bălace,1
Manyak,1
Sigmond,1
Botis,1
Plăcintă,1
Zwick,1
Quintus,1
Ströck,1
Széles,1
Miriță,1
Draica,1
Wallisch,1
Tedeschi,1
Thorma,1
Sgîrcea,1
Cârstoi,1
Prunea,1
Szalla,1
Petru,1
Săndoi,1
Ciosu,1
Troi,1
Ghiurițan,1
Urechean,1
Romanov,1
Sinn,1
Kirsch,1
Etrog,1
Țambrea,1
Negri,1
Weigl,1
Vadász,1
Joantă,1
Țvetcov,1
Homei,1
Noja,1
Grănicerul,1
Lerescu,1
Ceaușilă,1
Chișinevschi,1
Lari,1
Piț,1
Weinstock,1
Jalea,1
Hoban,1
Zsiga,1
Balaur,1
Ferfelea,1
Lauer,1
Căprioriu,1
Korner,1
Gontineac,1
Anghelini,1
Lerner,1
Stepa,1
Nägler,1
Vinea,1
Târnăcop,1
Măceșeanu,1
Szepesi,1
Mokos,1
Glavan,1
Dumănoiu,1
Pleașcă,1
Zeciu,1
Weinberger,1
Frunza,1
Chirilov,1
Țiu,1
Abramescu,1
Dărăscu,1
Helcioiu,1
Kuki,1
Mladen,1
Spurcatu,1
Șoo,1
Pogor,1
Găureanu,1
Pepoli,1
Baronian,1
Ciosici,1
Bărboianu,1
Füzi,1
Gedeon,1
Gellért,1
Popilean,1
Goldner,1
Neculiță,1
Bontaș,1
Roguski,1
Ray,1
Gyárfás,1
Gyöngyösi,1
Győri,1
Illés,1
Görög,1
Hajós,1
Hirsch,1
Hollós,1
Davila,1
Vitéz,1
Horák,1
Huzella,1
Măroiu,1
Cheorleu,1
Chivorchian,1
Chendi,1
Racea,1
Sterne,1
Lesko,1
Mateuț,1
Perie,1
Ghelber,1
Samara,1
Ladoși,1
Cărtărescu,1
Cliveti,1
Plumb,1
Rühn,1
Eberle,1
Anastase,1
Belodedici,1
Bariț,1
Teutsch,1
Prunariu,1
Golopența,1
Forescu,1
Presăcan,1
Bufanu,1
Löwensohn,1
Wechsler,1
Prepeliță,1
Peptan,1
Nicolesco,1
Miricioiu,1
Nicoliță,1
Dodean,1
Torje,1
Țilea,1
Heltne,1
Tecău,1
Holender,1
Sofronie,1
Vărzaru,1
Hădărean,1
Persu,1
Pușcău,1
Cătună,1
Constant,1
Hobana,1
Chipciu,1
Aftenie,1
Pfaff,1
Lincar,1
Katz,1
Monea,1
Lițu,1
Birțoiu,1
Herschkowitz,1
Gershkovich/Hershkovych,1
Herşcovici,1
Ivăncescu,1
Adamache,1
Karmitz,1
Paulescu,1
Kremm,1
Paneth,1
Ujvárossy,1
Andru,1
Donceanu,1
Mazanek,1
Pădurețu,1
Ziffer,1
Paraschiva,1
Sburlea,1
Cheran,1
Cotora,1
Gardoș,1
Indig,1
Bog,1
Mihuțiu,1
Jakobovits,1
Jancsó,1
Kassay,1
Kenyeres,1
Rutkovskij,1
Chirtoacă,1
Eperjessy,1
Văetuș,1
Kohl,1
Korda,1
Kovách,1
blacksmith,1
Koós,1
Krajnik,1
Tavitian,1
Davidyan,1
d'Istria,1
Herlea,1
Văcariu,1
Puceanu,1
Apolzan,1
Homeghi,1
Alexandra,1
Cămătaru,1
Arăpașu,1
Chiacu,1
Alupi,1
Geolgău,1
Moșuc,1
Olăroiu,1
Zicu,1
Herbolzheimer,1
Bartis,1
Berki,1
Găluț,1
Glanzmann,1
Istrățescu,1
Ivanović,1
Mutulescu,1
Pleșu,1
Wurmbrand,1
Goldmann,1
Han,1
Bujin,1
White,1
Baranga,1
Beloiu,1
Istru,1
Calciu,1
Dumitreasa,1
Vangheli,1
Wachmann,1
Vetrov,1
Rîmaru,1
Besoiu,1
Bălănuță,1
Bleonț,1
Giugaru,1
Iliu,1
Glaser,1
Goldblat,1
Gușuleac,1
Gyr,1
Pricopie,1
Netzer,1
Iașinschi,1
Dubinovschi,1
Dăniță,1
Igorov,1
Ijac,1
Ilașcu,1
Chiraș,1
Lifșiț,1
Manzatti,1
Timuș,1
Nadolschi,1
Orlov,1
Orloff,1
Blaier,1
Bone,1
Buzărnescu,1
Tattarescu,1
Manoilescu,1
Grozăvescu,1
Hohenzollern,1
Beniuc,1
Galaction,1
Deutschmeister,1
Remenco,1
Patilineț,1
Höfling,1
Pârvan,1
Knechtel,1
Guzganu,1
Linguraru,1
Loteanu,1
Covaliov,1
Șafran,1
Ianchelevici,1
Papană,1
Amlacher,1
Zilberman,1
Gojnea,1
Tișcă,1
Vona,1
Castaldi,1
Bărcăuan,1
Luttwak,1
Zikeli,1
Cambrea,1
Bruck,1
Izvoranu,1
Holzträger,1
Buta,1
Cuedan,1
Weichelt,1
Deheleanu,1
Subășeanu,1
Kiriță,1
Turner,1
Dolniceanu,1
Zalomir,1
Vinczeffy,1
Vályi,1
Cânu,1
Chintilă,1
Bellow,1
Böhm,1
Enacovici,1
Glueck,1
Piștereanu,1
Boulanger,1
Vidrighin,1
Băcuț,1
Ciprian,1
Guțiu,1
Liliac,1
Megelea,1
Rubin,1
Oțeanu,1
Milon,1
Badovici,1
Martini,1
Davidoiu,1
Corneanu,1
Turlea,1
Sirițeanu,1
Șișeștean,1
Liebhardt,1
Furcoi,1
Kátai,1
Huba,1
Pereira,1
Kövér,1
Kürthy,1
Korossy,1
Argetoianu,1
Gherea,1
Tudosie,1
Len,1
Ligeti,1
Bonchiș,1
Dumbrăvean,1
Dimovici,1
Fugaru,1
Râpă,1
Deiac,1
Vâtcă,1
Miereanu,1
Pomacu,1
Vasiloiu,1
Ranga,1
Potorac,1
Hîldan,1
Bittman,1
Perjovschi,1
Murgoci,1
Pongratz,1
Bruckmann,1
Mitea,1
Albuleț,1
Altman,1
Lehrer,1
Patzaichin,1
Bumba,1
Sonnabend,1
Pașcalău,1
Voskanyan,1
Macovescu,1
Ince,1
Răduleț,1
Briban,1
Plotogea,1
Majearu,1
Țucudean,1
Bălgrădean,1
Klarsfeld,1
Mihaileanu,1
Duduș,1
Radó,1
Marbe,1
Kor,1
Stoilov,1
Balas,1
Mara,1
Rebengiuc,1
Crihălmeanu,1
Ghioane,1
Mățel,1
Plahotniuc,1
Pleșiță,1
Prelipcean,1
Șteflea,1
Rangheț,1
Rivkin,1
Ropcea,1
Răutu,1
Zamșa,1
Siținski,1
Soltan,1
Stefanov,1
Braverman,1
Troianescu,1
Cizmaș,1
Hauși,1
Hârlescu,1
Ciugureanu,1
Ivanițchi,1
Câlția,1
Pucă,1
Tapalagă,1
Holland,1
Cerrahoğlu,1
Lucuță,1
Sidorov,1
Levițchi,1
Galați,1
Chichișan,1
Mușina,1
Pița,1
Teușan,1
Perjă,1
Stănișoară,1
Găinușă,1
Bantas,1
Tașcă,1
Crivoi,1
Astaloș,1
Ierunca,1
Lupasco,1
Mihadaș,1
Colin,1
Artzi,1
Cajal,1
Vainer,1
Küpper,1
Jägendorf,1
Norocel,1
Mihalesco,1
Ciurcu,1
Pitești,1
Tudori,1
Radici,1
Ogrăzeanu,1
Zoller,1
Zhukovskyi,1
Roller,1
Gudju,1
Botnar,1
Dothan,1
Bughici,1
Porumbacu,1
Banuș,1
Sarău,1
Ludo,1
Bundea,1
Alkalai,1
Mirodan,1
Buhuș,1
Láng,1
Bakk,1
Létay,1
Lorinczi,1
Maderspach,1
Nane,1
Markovits,1
Merza,1
Mihalik,1
Mikó,1
Pompiliu,1
Morvay,1
Mráz,1
Muckenhaupt,1
Muhi,1
Muszka,1
Chipăruș,1
Leșcenco,1
Salman,1
Drăgan,1
Marky,1
Mátyás,1
Méhes,1
Mérő,1
Alpár,1
Petraș,1
Buculei,1
Stürmer,1
Mălineanu,1
May,1
Toboc,1
Nucu,1
Chiculiță,1
Daminuță,1
Diamond,1
Voronca,1
Weissglas,1
Șereș,1
Cozacu,1
Zare,1
Davidov,1
Pîrcălab,1
Augustin,1
Perlea,1
Gălițeanu,1
Jakob,1
Terschak,1
Duran,1
Cibișescu,1
Hirțea,1
Bărbășescu,1
Konnerth,1
Pișcoran,1
Boțilă,1
Szücs,1
Dafinoiu,1
Pallady,1
Moser,1
Sbârcea,1
Teitelbaum,1
Schönberger,1
Stângaciu,1
Draga,1
Durcovici,1
Bătrânac,1
Kórodi,1
Dănceanu,1
Bulimar,1
Buci,1
Tătărușanu,1
Orăscu,1
Arsache,1
Ivasiuc,1
Vagner,1
Voievod,1
Gaster,1
Lecușanu,1
Bürger,1
Cruciat,1
Drida,1
Dulcea,1
Adomniței,1
Olinici,1
Oțoiu,1
Poparadu,1
Puțanu,1
Pătulea,1
Vlas,1
Bazon,1
Tarasov,1
Bădiță,1
Șunda,1
Pașcovici,1
Colibășanu,1
Șomcherechi,1
Coruț,1
Lăcătușu,1
Schifirneț,1
Șoltuz,1
Cătinaș,1
Coțan,1
Szatmari,1
Omer,1
Loesch,1
Arșinel,1
Baltagă,1
Buzbuchi,1
Buhuși,1
Bălțoi,1
Coci,1
Ciucurencu,1
Dulău,1
Fronea,1
Forminte,1
Ghiban,1
Vrăjitoarea,1
Hoffmann,1
Meissner,1
Feuerstein,1
Silvestri,1
Bernard,1
Viziru,1
Macoviciuc,1
Beldi,1
Caplescu,1
Boghicevici,1
Pittiș,1
Teașcă,1
Hănceanu,1
Frăsinescu,1
Săuan,1
Arnauld,1
Albuț,1
Funeriu,1
Caragiani,1
Vena,1
Boștinaru,1
Bodu,1
Stephănescu,1
Ney,1
Sayler,1
Ormos,1
Anderco,1
Paizs,1
Palczer,1
Perényi,1
Pogatschnigg,1
Pogány,1
Pongrácz,1
Pálfy,1
Rajka,1
Rappert,1
Vencz,1
Jude,1
Rendi,1
Ritoók,1
Tureanu,1
Pintilii,1
Ruha,1
Cesereanu,1
Révai,1
Rózsa,1
Rónay,1
Vlahuță,1
Dondoe,1
Tatomirescu,1
Pachia,1
Teclu,1
Berkovic,1
Băcescu,1
Blecher,1
Iser,1
Șraibman,1
Ibrăileanu,1
Tapu,1
Coe,1
Patzelt,1
Zombori,1
Sebastian,1
Ebner,1
Șumudică,1
Ogăraru,1
Jora,1
Edeleanu,1
Cicero,1
Isou,1
Aman,1
Brucan,1
Bogdánffy,1
Muscă,1
Scheffler,1
Cuclin,1
Trifon,1
Covaliu,1
Mihoreanu,1
Bărbulețiu,1
Karikaș,1
Leucuță,1
Mironov,1
Moșanu,1
Nicolschi,1
Sahia,1
Zub,1
Alexuc,1
Ciurariu,1
Cârstocea,1
Chibulcutean,1
Chița,1
Toșca,1
Goreac,1
Gorghiu,1
Karpat,1
Redlinger,1
Codru,1
Pătrășcoiu,1
Cacovean,1
Bodiu,1
Bozeșan,1
Cuculici,1
Hergheligiu,1
Iosep,1
Peteleu,1
Poverlovici,1
Rohețki,1
Scobioală,1
Toncu,1
Hogiu,1
Raschka,1
Burdujan,1
Gong,1
Dimov,1
Sadowski,1
Sainéan,1
Speck,1
Klepper,1
Tătărăscu,1
Chiricheș,1
Onofraș,1
Spiess,1
Cornici,1
Livio,1
Berghianu,1
Negra,1
Papazicopol,1
Romilă,1
Bornescu,1
Dejeu,1
Ispirescu,1
Odobleja,1
Abramović,1
Vornicescu,1
Druc,1
Twersky,1
Videanu,1
Vulpeș,1
Corodeanu,1
Segărceanu,1
Mergea,1
Huțupan,1
Fulger,1
Steinhardt,1
Berca,1
Brezoianu,1
Sîncrăian,1
Haupt,1
Boroi,1
Ialomițianu,1
Solomie,1
Antipa,1
Méndez,1
Patapievici,1
Luz,1
Bucan,1
Caraion,1
Câmpineanu,1
Lutu,1
Nicodim,1
Strâmbescu,1
Vaillant,1
Helder,1
Coppel,1
Loghi,1
Marconi,1
Vorel,1
Brăila,1
Caraiosifoglu,1
Gogoșoiu,1
Găldeanu,1
Potocianu,1
Păltinișanu,1
Sociu,1
Nălbaru,1
Baston,1
Dociu,1
Ghindeanu,1
Vădrariu,1
Gurz,1
Beța,1
Sescioreanu,1
Goantă,1
Q12722844,1
Bolintineanu,1
Cărăuș,1
Maimarolu,1
Paciurea,1
Nicodin,1
Patriciu,1
Ghermani,1
Dobrincu,1
Gornea,1
Pântea,1
Bădilă,1
Menghia,1
Pîrșan,1
Ochiroșii,1
Urmuzescu,1
Andricu,1
Mehedinți,1
Heliade,1
Gănănău,1
Dugulescu,1
Fâșie,1
Nuță,1
Constante,1
Gabrea,1
Dsida,1
Walker,1
Tyroler,1
Papaiani,1
Eckstein,1
Tonitza,1
Dancs,1
Dănănae,1
Molter,1
Șirato,1
Frunda,1
Kun,1
Rath,1
Bajor,1
Angel,1
Anka,1
Antalffy,1
Cernei,1
Aradi,1
Țicleanu,1
Arató,1
Ciupercă,1
Focșeneanu,1
Titulescu,1
Kálmán,1
Vaștag,1
Vițelaru,1
Vîlcea,1
Șeran,1
Zăgrean,1
Calenic,1
Caraiman,1
Razu,1
Gorovei,1
Sciotnic,1
Mărăcescu,1
Leifer,1
Cozacovici,1
Nikiforov,1
Alinescu,1
Făinaru,1
Langsner,1
Reder,1
Bock,1
Răzor,1
Stanik,1
Bucurică,1
Cistean,1
Mazuru,1
Onuț,1
Străuț,1
Ungurușan,1
Cosoi,1
Schmuck,1
Fried,1
Johnson,1
Pitică,1
Armanca,1
Hălmăgeanu,1
Kirschner,1
Bode,1
Tătăranu,1
Trombițaș,1
Izot,1
Stavinschi,1
Lalescu,1
Ventura,1
Petreu,1
Matzourakis,1
Vioreanu,1
Dauer,1
Cantor,1
Perpelea,1
Corjeuțanu,1
Lichtblau,1
Murgan,1
Dumitresco,1
Secrieriu,1
Tonița,1
Horvat,1
Geiger,1
Toderașc,1
Cârja,1
Ferrero,1
Eliade,1
Hașotti,1
Iliaș,1
Semeghin,1
Dendiu,1
Plopeanu,1
Firțulescu,1
Carlaonț,1
Cipere,1
Hărădău,1
Matkovskyi,1
Renaldo,1
Borbil,1
Oancia,1
Novarro,1
Papu,1
Palii,1
Alistar,1
Gaja,1
Leușteanu,1
Săcălici,1
Băbeanu,1
Bârzotescu,1
Calmanovici,1
Hoștină,1
Ninu,1
Petrović,1
Szolomajer,1
Vătășoiu,1
Galaicu,1
Urdărianu,1
Gardeev,1
Aburel,1
Baștină,1
Q12737814,1
Mantale,1
Bolba,1
Brînzea,1
Ciumara,1
Daneliuc,1
Frățică,1
Nedelciu,1
Răceanu,1
Roznoveanu,1
Cârstoiu,1
Sandberg,1
Cioveie,1
Taubes,1
Cialâk,1
Cameniță,1
Schwarzfeld,1
Reuveni,1
Boxer,1
Tarara,1
Calimachi,1
Cernăuțeanu,1
Leonard,1
Mămăligă,1
Nemirschi,1
Zuluf,1
Valéry,1
Luciu,1
Paleru,1
Baricz,1
Baráth,1
Bege,1
Betegh,1
Ilincăi,1
Fondane,1
Gaston,1
Schubert,1
Natan,1
Dragićević,1
Baumstark,1
Haiduc,1
Bodrogi,1
Bognár,1
Hârtopeanu,1
Abăluță,1
Foriș,1
Váczi,1
Tita,1
Bréda,1
Bura,1
Buzás,1
Báthory,1
Böszörményi,1
Dobrosavlevici,1
Cartas,1
Tronescu,1
Benesch,1
Valmy,1
Bakken,1
Vădineanu,1
Rîșco,1
Boaru,1
Pălimaru,1
Lircă,1
Arămescu,1
Tonegaru,1
Antoniade,1
Arbănaș,1
Atanasescu,1
Foru,1
Ferariu,1
Gărgălie,1
Mille,1
Petrovicescu,1
Tobescu,1
Vișoianu,1
Prezan,1
Coposu,1
Dorcioman,1
Csire,1
Csizmadia,1
Csorba,1
Csóka,1
Jäger,1
Stăiculescu,1
Șelariu,1
Brândză,1
Flinta,1
Markó,1
Czakó,1
Czeglédy,1
Smedescu,1
Casablanca,1
Gârleșteanu,1
Vardală,1
Austerlitz,1
Vidrașcu,1
Foarță,1
Volvoreanu,1
Sînă,1
Souriau,1
Berman,1
Ciuntu,1
Tenețchi,1
Tiță,1
Baconschi,1
Igaș,1
Caratană,1
Bogardo,1
Năstac,1
Babii,1
de Caraman,1
de Riquet,1
Ghioc,1
Lucaciu,1
Tomoioagă,1
González,1
Tașnadi,1
Covacs,1
Nalați,1
Găinușe,1
Zotincă,1
Părău,1
Weissenbacher,1
Borșan,1
Nevednicii,1
Drăguțescu,1
Gondi,1
St George,1
Pascal,1
Afrăsiloaie,1
Marschall,1
Băd,1
Diacu,1
Hidișan,1
Nohai,1
Pripu,1
Popete,1
Purece,1
Țârcă,1
Buck,1
Țapu,1
Caramarin,1
Conache,1
Cotabiță,1
Kron,1
Siminic,1
Velcovici,1
Vochin,1
Lisac,1
Flocea,1
Nedeff,1
Brosch,1
Petrovschi,1
Cozmâncă,1
Onicescu,1
Brega,1
Iacov,1
Tender,1
Mușetescu,1
Pecican,1
Stoianof,1
Polonic,1
Curteanu,1
Kinikinilau,1
Borilă,1
Mavrogheni,1
Ștefănucă,1
Luncanu,1
Comarnescu,1
Toarcă,1
Brâncuș,1
Mitican,1
Pribeagu,1
Felix,1
Landau,1
Mircu,1
Nacht,1
Brandes,1
Fox,1
Brunea,1
Doicaru,1
Dudescu,1
Belcea,1
Cacoveanu,1
Frăsineanu,1
Milan,1
Nemțoc,1
Medrea,1
Pelmuș,1
Nistorescu,1
Trăilescu,1
Muj,1
Tilincă,1
Mozacu,1
Canacheu,1
Silion,1
Gugu,1
Bădiliță,1
Cigan,1
Dancia,1
Hăisan,1
Soleanu,1
Boiț,1
Sugár,1
Gârd,1
Doman,1
Lichioiu,1
Măruță,1
Zmărăndescu,1
Dungaciu,1
Kabengele,1
Răchită,1
Bagiu,1
Gheorghițoaia,1
Socolan,1
Indrei,1
Sârghi,1
Ruști,1
Burlan,1
Orb,1
Hila,1
Fiat,1
Lupeică,1
Beca,1
Gușet,1
Vasilichi,1
Schreck,1
Gațu,1
Fölker,1
Berbece,1
Dogărescu,1
Grabovski,1
Bedivan,1
Drăgăniță,1
Buligan,1
Durău,1
Vasilcă,1
Stöckl,1
Gribincea,1
Klapper,1
Babaligea,1
Sârghe,1
Bossy,1
Șorban,1
Marincău,1
Lukacs,1
Opreanu,1
Priboi,1
Turcescu,1
Frîntu,1
Goliescu,1
Boamfă,1
Ilyeș,1
Dâlbea,1
Riviș,1
Țârlea,1
Bornei,1
Cojocar,1
Măriuță,1
Tăbârcă,1
Chitoșcă,1
Cojocnean,1
Ghinga,1
Sfârlea,1
Saka,1
Belușica,1
Petrilă,1
Călinești,1
Plătăreanu,1
Ghindă,1
Timu,1
Iancovici,1
Pavlov,1
Socolescu,1
Bulzesc,1
Kalinderu,1
Ghebosu,1
Lungescu,1
Iosim,1
Cișmigu,1
Luhan,1
Afrim,1
Batır,1
Toman,1
Zografi,1
Ciarnău,1
Paar,1
Trenk,1
Bohatireț,1
Gociu,1
Robciuc,1
Ianțu,1
Drăgescu,1
Mica,1
Daliș,1
Slăniceanu,1
Ceară,1
Licea,1
Iotzu,1
Hărdău,1
Tulliu,1
Capidan,1
Cândroveanu,1
Egri,1
Heim,1
Szécsi,1
Vándor,1
Corciovei,1
Buhoiu,1
Peride,1
Roibu,1
Căncescu,1
Todoroni,1
Belașcu,1
Coulin,1
Mendel,1
Bena,1
Christi,1
Bulgariu,1
Bărglăzan,1
Daraban,1
Decei,1
Giurumia,1
Gubandru,1
Leucuția,1
Miheleș,1
Miloș,1
Rogalschi,1
Vijoli,1
Răduțu,1
Dochia,1
Son,1
Moustache,1
Cadîr,1
Aneta,1
Dumitrean,1
Zilber,1
Corlaciu,1
Velici,1
Justinian,1
Scripcaru,1
Burianu,1
Lăcusta,1
Hurmuzachi,1
Gantz,1
Titu,1
Apostoleanu,1
Băgulescu,1
Bănciulescu,1
Costaforu,1
Epurescu,1
Falcă,1
Pogea,1
Pănculescu,1
Rohat,1
Răscănescu,1
Tadici,1
Brișcu,1
Iunian,1
Buzești,1
Turcuman,1
Galovici,1
Höfer,1
Sebe,1
Serényi,1
Chirieac,1
Suceavă,1
Teodoriu,1
Dimoftache,1
Zorlescu,1
Gafar,1
Topciu,1
Ivanciov,1
Bârbora,1
Serghi,1
Tricolici,1
Poghirc,1
Toporan,1
Urican,1
Vălcan,1
Millian,1
Fometescu,1
Vaișcovici,1
Lorințiu,1
Maioreanu,1
Aferăriței,1
Amarie,1
Anastasatu,1
Plăiașu,1
Spahiu,1
Pintilei,1
Geiculescu,1
Mihalschi,1
Michailescu,1
Rotică,1
Covalschi,1
Creța,1
Dașchievici,1
Stancov,1
Beșe,1
Almosnino,1
Gană,1
Lesnea,1
Petrone,1
Tutoveanu,1
Vraca,1
Șovu,1
Țărnea,1
Vulturescu,1
Șipoș,1
Văsii,1
Năpăruș,1
Gingăraș,1
Alexandrache,1
Schwerin,1
Nussbächer,1
Adrian,1
Alupoae,1
Bujorean,1
Ciompec,1
Cuciureanu,1
Câutiș,1
Prăjescu,1
Miclescu,1
Străjescu,1
Talpeș,1
Totu,1
Bulcă,1
Gaspar-Ivan,1
Berdilă,1
Bazac,1
Boițeanu,1
Băieșu,1
Cojar,1
Cristoiu,1
Ignatiuc,1
Madan,1
Minulescu,1
Niculi,1
Oncescu,1
Pantelimonescu,1
Vidu,1
Pieptea,1
Știrbeț,1
Bichineț,1
Berbente,1
Gîrbea,1
Micloși,1
Seniuc,1
Turianu,1
Șumuleanu,1
Radović,1
Bangu,1
Băloiu,1
Cașcaval,1
Ovidenie,1
Macaleți,1
Buceschi,1
Feneșan,1
Maleș,1
Murgescu,1
Halaicu,1
Danileț,1
Zăinescu,1
Buturugă,1
Cucuian,1
Hera,1
Grețcu,1
Stragea,1
Troncotă,1
Floruța,1
Ioachimescu,1
Mihuleac,1
Brudașcu,1
Deșliu,1
Cărămidariu,1
Hăulică,1
Merișca,1
Tufiș,1
Tufaru,1
Verbina,1
Săvuică,1
Zbenghea,1
Iordăchioaie,1
Ilușcă,1
Zeca,1
Praporgescu,1
Brândușescu,1
Grecescu,1
Găzdaru,1
Pető,1
Bölöny,1
Nyári,1
Fráter,1
Lantos,1
Maresch,1
Dominte,1
Albrecht,1
Kőszegi,1
Schranz,1
Keller,1
Lazányi,1
Kálmán,1
Pataky,1
Martos,1
Robin,1
Sárközi,1
Bardócz,1
Belia,1
Máday,1
Andrássy,1
Porcișteanu,1
Tăzlăuanu,1
Beşe,1
Gârlă,1
Netedu,1
Calancea,1
Avădanei,1
Cijevschi,1
Curuzan,1
Ghindaru,1
Hutopilă,1
Cozorici,1
Erizanu,1
Ghețău,1
Grigurcu,1
Gârda,1
Hoha,1
Izbășescu,1
Șișești,1
Mencinicopschi,1
Neamu,1
Nețoiu,1
Onișoru,1
Pantelie,1
Panu,1
Perian,1
Racoveanu,1
Roșoga,1
Răboacă,1
Sfercoci,1
Silaș,1
Seculici,1
Tarna,1
Tecuci,1
Udubașa,1
Vespan,1
Răcoasa,1
Volcovinschi,1
Zaman,1
Gorga,1
Mândrean,1
Berejan,1
Galițchi,1
Armstrong,1
Gogîrlă,1
Renciu,1
Bușu,1
Ilfoveanu,1
Iodi,1
Frunzăverde,1
Tănăsie,1
Uncu,1
Gîdoiu,1
Ioncu,1
Potocean,1
Mikloș,1
Clenci,1
Seviciu,1
Ioneticu,1
Bompa,1
Chiuariu,1
Coșereanu,1
Mavrodineanu,1
Barozzi,1
Bîciu,1
Stolnici,1
Ciopraga,1
Crengăniș,1
Crupenschi,1
Severeanu,1
Drâmbă,1
Făină,1
Fântâneru,1
Galeriu,1
Georgian,1
Găucan,1
Hârjeu,1
Ionete,1
Mișelăricu,1
Năsturescu,1
Parascan,1
Piliuță,1
Ramadan,1
Rezachevici,1
Rauțchi,1
Simirad,1
Sophronius,1
Speteanu,1
Sterea,1
Sărățeanu,1
Topliceanu,1
Tămagă,1
Vremuleț,1
Zăiceanu,1
Penciuc,1
Baran,1
Grofșorean,1
Pungea,1
Papadat,1
Moutinho,1
Frimu,1
Ivaciuc,1
Cârjă,1
Astafei,1
Morcov,1
Cătărău,1
Tesleoanu,1
Mandy,1
Bengliu,1
Condruc,1
Florariu,1
Martinoiu,1
Șoimaru,1
Țanțu,1
Calabiciov,1
Anagnastopol,1
Ciutacu,1
Cădere,1
Hrebenciuc,1
Kraus,1
Lepădatu,1
Sălișcan,1
Bodescu,1
Cristi,1
Adolph,1
Stepper,1
Feider,1
Țukerman,1
Cobălcescu,1
Ilisei,1
Nandriș,1
Obrejanu,1
Tăușan,1
Georgiu,1
Kisch,1
Reininger,1
Britz,1
Catargi,1
Klöß,1
Paștina,1
Cioloboc,1
Maicu,1
Văsioiu,1
Holtea,1
Buiuc,1
Bâja,1
Mihălcescu,1
Mălăncioiu,1
Sărăroiu,1
Carabulea,1
Ciuclea,1
Merce,1
Vidovici,1
Plătică,1
Miloia,1
Amihăesei,1
Antoniadi,1
Andrieșescu,1
Bogolea,1
Burghelea,1
Cărmăzan,1
Cuculescu,1
Dzițac,1
Gâțu,1
Iețcu,1
Kunst,1
Ghermănescu,1
Missir,1
Moța,1
Neculaie,1
Ornescu,1
Piso,1
Sdrobiș,1
Seracin,1
Szigeti,1
Stelaru,1
Flămând,1
Noghin,1
Livianu,1
Arcanu,1
Ieșan,1
Mitișor,1
Vataman,1
Ursărescu,1
Umbrărescu,1
Gaita,1
Hurmuzescu,1
Galgoțiu,1
Ujeniuc,1
Temelie,1
Zisopol,1
Sfințescu,1
Almaș,1
Brăneanu,1
Bîtea,1
Calance,1
Chițoran,1
Călueanu,1
Kiriac,1
Moinescu,1
Murărașu,1
Nagîț,1
Protase,1
Lețcae,1
Bâlbă,1
Iftimoaie,1
Vînă,1
Matula,1
Tâlvan,1
Cretzoiu,1
Hasnaș,1
Micescu,1
Javorek,1
Bobeică,1
Ruican,1
Humet,1
Prunescu,1
Cristocea,1
Veroiu,1
Hulubei,1
Caramitru,1
Arhip,1
Anitaș,1
Băldescu,1
Vijelie,1
Cuparencu,1
Gajić,1
Kadar,1
Cizek,1
Baier,1
Uscătescu,1
Turlacu,1
Voicea,1
Vlădea,1
Geacăr,1
Ginghină,1
Toană,1
Angelo,1
Armeanca,1
Bică,1
Bozgă,1
Bunoaica,1
Burnei,1
Chiricuță,1
Chirănescu,1
Culcea,1
Cristoreanu,1
Cămărășescu,1
Gogoi,1
Găvănescu,1
Hopulele,1
Hristu,1
Hui,1
Lazia,1
Lazu,1
Luican,1
Mocioalcă,1
Moina,1
Monoran,1
Mitilineu,1
Mușlea,1
Mînzînă,1
Oarcăsu,1
Ochinciuc,1
Pantilie,1
Pățan,1
Puzdrea,1
Rădăuceanu,1
Stăncescu,1
Teaci,1
Vatamaniuc,1
Văsescu,1
Culețu,1
Nenițescu,1
Bălăcioiu,1
Hügel,1
Konradt,1
Deda,1
Schneider,1
Mezincescu,1
Ciupală,1
Schwartzenberg,1
Armenescu,1
Ehling,1
Sereda,1
Dulcu,1
Neculce,1
Deatcu,1
Arghiriade,1
Boldan,1
Condurachi,1
Gulian,1
Tocaci,1
Uncheșel,1
Turdeanu,1
Șimăndan,1
Bodoni,1
Luka,1
Baștovoi,1
Bârsănescu,1
Stîngu,1
Urâtu,1
Plavăț,1
Onisie,1
Voitec,1
Albon,1
Papacioc,1
Palaghiță,1
Gregory,1
Gálffy,1
Mendelssohn,1
Merka,1
Bizim,1
Q12724058,1
Lințmaier,1
Chin,1
Crum,1
Todirenchi,1
Zahei,1
Țenescu,1
Trifoi,1
Slavici,1
Csata,1
Vigh,1
Becski,1
Szőnyi,1
Darida,1
Orth,1
Wesselényi,1
Raiss,1
Ianoși,1
Mikes,1
Marx,1
Patay,1
Szamosi,1
Hanke,1
Moldvay,1
Wohl,1
Ruth,1
Faludi,1
Lőwi,1
Virágh,1
Darvas,1
Rițiu,1
Siminie,1
Simuț,1
Solcanu,1
Zgorcea,1
Șcurea,1
Șinca,1
Oardă,1
Băjescu,1
Bondariu,1
Marineci,1
Stoiț,1
Rotărescu,1
Ghiorghioni,1
Contraș,1
Fulea,1
Mistode,1
Timen,1
Costinaș,1
Jumanca,1
Secășan,1
Tocoian,1
Egli,1
Scraba,1
Răcăciuni,1
Bonis,1
Sămășescu,1
Rick,1
Marțian,1
Grozescu,1
Văcărel,1
Brenduș,1
Băluțeanu,1
Zegreanu,1
Mollick,1
Byck,1
Decuseară,1
Buhman,1
Dinga,1
Scharf,1
Krauser,1
Quinet,1
Juvara,1
Christian,1
Nicogosian,1
Cioclea,1
Evu,1
Herovanu,1
Macovschi,1
Nicolicea,1
Negrici,1
Camilar,1
Oța,1
Spoitoru,1
Rebreanu,1
Veber,1
Fărcașiu,1
Rușid,1
Cârdei,1
Daju,1
Țuțugan,1
Morlova,1
Cârpanu,1
Bichir,1
Ionea,1
Pogonaru,1
Oarză,1
Farcas,1
Lovrenschi,1
Serghei,1
Kövesi,1
Birnbaum,1
Dănăilă,1
Naidin,1
Țurcan,1
Grozavu,1
Sălăjan,1
Limbău,1
Carmel,1
Leibovici,1
Laiș,1
Cangeopol,1
Floricel,1
Rădăceanu,1
Zanoni,1
Sólyom,1
Alperin,1
Guguianu,1
Bosi,1
Fricioiu,1
Bondrea,1
Bâcu,1
Miluț,1
Ignácz,1
Kasza,1
Lugossy,1
Józan,1
Herczegh,1
Lovász,1
Demény,1
Prager,1
Lőcsei,1
István,1
Murányi,1
Tatai,1
Beder,1
Bottlik,1
Seidner,1
Dézsi,1
Sylvester,1
Vita,1
Chilian,1
Ciorăscu,1
Crisbășan,1
Hălălău,1
Medeleț,1
Botică,1
Pécsi,1
Toba,1
Băltăceanu,1
Storch,1
Schuller,1
Huian,1
Copilău,1
Gioacăș,1
Dub,1
Szönyi,1
Auner,1
Sebők,1
Fazakaș,1
Grunberg,1
Tulai,1
Panaitopol,1
Profeta,1
Livovschi,1
Viorescu,1
Daniello,1
Fințescu,1
Galic,1
Ruxăndoiu,1
Miroșeanu,1
Antonesei,1
Cigăreanu,1
Codîrlă,1
Câmpanu,1
Tudan,1
Șucar,1
Blanc,1
Ștefănoiu,1
Popov,1
Ofrim,1
Boz,1
Băluț,1
Abiței,1
Steege,1
Mardari,1
Mrazek,1
Cazzavillan,1
Martis,1
Zavloschi,1
Zimmermann,1
Olărașu,1
Lichiardopol,1
Măcinic,1
Pițicaru,1
Norris,1
Sára,1
Norman,1
Makai,1
Monteverde,1
Senin,1
Kalai,1
Hapaină,1
Buzean,1
Amorim,1
Buleică,1
Bakos,1
Val,1
Mihălăchioae,1
Gáspár,1
Kemény,1
Tompos,1
Opra,1
Huszty,1
Nikolits,1
Wellmann,1
Győry,1
Lendvay,1
Poch,1
Jar,1
Sperber,1
Ancel,1
Elias,1
Solomovici,1
Braunstein,1
Breslașu,1
Ernster,1
Cambos,1
Lavi,1
Spirer,1
Strașnei,1
Orleanu,1
Condeescu,1
Baldovin,1
Cășunean,1
Despot,1
Lemeni,1
Majuru,1
Inimăroiu,1
Moisoiu,1
Silistraru,1
Titieni,1
Chirița,1
Stoichițoiu,1
Bârsescu,1
Catone,1
Petrovanu,1
Urșianu,1
Hărăbor,1
Bouroș,1
Bejgu,1
Marcian,1
Clipa,1
Butaciu,1
Dragomiroiu,1
Urbanovici,1
Bia,1
Șleahtițchi,1
Ghiveciu,1
Hoinaru,1
Jilăveanu,1
Râlea,1
Bezdadea,1
Bucă,1
Almăjanu,1
Arva,1
Bănărescu,1
Jugravu,1
Iorda,1
Predilă,1
Nicolaev,1
Bugeanu,1
Bodochi,1
Mihălăchioiu,1
Vanghelie,1
Șotărcă,1
Vlădărău,1
Văsie,1
Marinică,1
Bâtfoi,1
Cocioran,1
Curtuiuș,1
Chițiga,1
Căta,1
Mârne,1
Onciu,1
Măldărășanu,1
Tucă,1
Țenter,1
Agathon,1
Samuel,1
Auschnitt,1
Badian,1
Cimpoi,1
Coțovanu,1
Cioc,1
Dolgan,1
Nedef,1
Stelescu,1
Ștețca,1
Fărcășanu,1
Maculețchi,1
Striblea,1
Cozmin,1
Jurchescu,1
Heckel,1
Cojocărița,1
Dogan,1
Bănuș,1
Hacman,1
Vâlva,1
Haulică,1
Redl,1
Vasil,1
Pârâianu,1
Mancaș,1
Ruva,1
Bendeac,1
Drecin,1
Isbășescu,1
Lugojanu,1
Stepănescu,1
Teja,1
Tatulici,1
Zotta,1
Țălpeanu,1
Țâbuleac,1
Indrieș,1
Bocăneț,1
Bătrâneanu,1
Casapu,1
Cistelecan,1
Ciura,1
Clenciu,1
Cișman,1
Conovaru,1
Depărățeanu,1
Ecovoiu,1
Dănescu,1
Filipașcu,1
George,1
Ghilduș,1
Iliuciuc,1
Ioanițiu,1
Lascarov,1
Lulescu,1
Ponehalschi,1
Repan,1
Sassu,1
Simionovici,1
Slătineanu,1
Stark,1
Vericeanu,1
Ventonic,1
Ștefulescu,1
Țupa,1
Teitel,1
Ucenescu,1
Danielopolu,1
Meițoiu,1
Kerekeș,1
Buzescu,1
Törok,1
Cărbunariu,1
Băicoianu,1
Gyarfaș,1
Zangor,1
Duvlea,1
Pîtea,1
Bordi,1
Babiaș,1
Despina,1
Bursuc,1
Bugnariu,1
Ciuhodaru,1
Ghideanu,1
Octavian,1
Mătușa,1
Tăvală,1
Barde,1
Iheadindu,1
Spineanu,1
Crăvcescu,1
Bușcă,1
Dolfi,1
Iuliano,1
Muste,1
Păduroiu,1
Crețoiu,1
Seciu,1
Chioreanu,1
Șomfelean,1
Alaci,1
Bărbuceanu,1
Gogescu,1
Hedea,1
Aileni,1
Cautiș,1
Coloși,1
Cocheci,1
Frăteanu,1
Fudulică,1
Bekker,1
Buracu,1
Iușut,1
Lădaru,1
Lupoi,1
Novicov,1
Orzeață,1
Vlasov,1
Antin,1
Blidariu,1
Cărpenișan,1
Enăceanu,1
Dobzeu,1
Pitulice,1
Silvaș,1
Bârsilă,1
Boulescu,1
Coloșenco,1
Hrișcă,1
Mihordea,1
Opriță,1
Pospai,1
Zorileanu,1
Adomnicăi,1
Locker,1
Negrițoiu,1
Pivniceru,1
Găleteanu,1
Banceu,1
Tișe,1
Trășculescu,1
Nelega,1
Horjea,1
Zweyer,1
Meleacă,1
Colda,1
Birchall,1
Corondan,1
Agemolu,1
Țurcașiu,1
Sigartău,1
Roseti,1
Vasluianu,1
Bibiri,1
Berecleanu,1
Burac,1
Andreicuț,1
Chiliman,1
Gropper,1
Colompar,1
Oțetea,1
Speriatu,1
Țugulea,1
Spornic,1
Pîrvuț,1
Tîlvăr,1
Bidu,1
Similea,1
Dumbrăveanu,1
Odeanu,1
Ilk,1
Adămuț,1
Mangiurea,1
Chladek,1
Mițaru,1
Palfi,1
Paluga,1
Sindile,1
Greab,1
Mărkuș,1
Chidu,1
Țîru,1
Popadiuc,1
Alecsandru,1
Dosa,1
Cismaș,1
Șlapac,1
Hovhannisyan,1
Buri,1
Czire,1
Thiesz,1
Salaoru,1
Hohl,1
Huștiu,1
Frunzulică,1
Iușco,1
Borota,1
Petercă,1
Gerea,1
Antip,1
Hanga,1
Lucan,1
Măruia,1
Purceld,1
Baboia,1
Babeți,1
Burghel,1
Cioculeasa,1
Harea,1
Hobjilă,1
Ișan,1
Maciu,1
Luțac,1
Mândroviceanu,1
Ofileanu,1
Parizescu,1
Pavelcu,1
Pogăceanu,1
Potolincă,1
Secăreș,1
Urseanu,1
Vetișanu,1
Veselovsky,1
Zottu,1
Vedinaș,1
Tecaru,1
Apostolache,1
Achimescu,1
Bercăroiu,1
Cevdarie,1
Clonaru,1
Daimaca,1
Eskenasy,1
Hălmăjan,1
Murea,1
Cociaș,1
Cosmin,1
Grifoni,1
Crap,1
Cristoforeanu,1
Cuzino,1
Vătu,1
Dafinescu,1
Gyorfi,1
Ghervasuc,1
Velișcu,1
Moreanu,1
Orlea,1
Pelinel,1
Petrăchescu,1
Ploae,1
Roizen,1
Mihalea,1
Hanghiuc,1
Minculescu,1
Măluț,1
Mitchievici,1
Mititelu,1
Mohaci,1
Moise,1
Montanu,1
Mora,1
Motas,1
Motrici,1
Cornățeanu,1
Muscalu,1
Nanau,1
Aichimoaie,1
Pall,1
Baștan,1
Bațu,1
Boșcodeală,1
Caloianu,1
Carabăț,1
Cosașu,1
Cunțan,1
Dulfu,1
Rohan,1
Ciuvică,1
Cozmanciuc,1
Forăscu,1
Ianău,1
Raab,1
Asandei,1
Culianu,1
Rățoi,1
Cobar,1
Rateș,1
Ampoițan,1
Argintescu,1
Alexandri,1
Boșcaiu,1
Băciuț,1
Băteanu,1
Bălțățeanu,1
Corjos,1
Dide,1
Dașcovici,1
Dinculeanu,1
Drăghiea,1
Edroiu,1
Fuior,1
Ghibernea,1
Herineanu,1
Stamatu,1
Husar,1
Andron,1
Löffler,1
Mic,1
Morcovescu,1
Ninosu,1
Cireașă,1
Novacu,1
Obregia,1
Odangiu,1
Olteș,1
Onțanu,1
Ostap,1
Oțelea,1
Pahonțu,1
Palăr,1
Pandelescu,1
Pardi,1
Pastia,1
Anghelinei,1
Arcaș,1
Cataramă,1
Padina,1
Afrăsinei,1
Birou,1
Hnat,1
Onițiu,1
Ogășanu,1
Percec,1
Brahaș,1
Șovărel,1
Fârșirotu,1
Babcinețchi,1
Zeidner,1
Hegel,1
Mark,1
Goldenberg,1
Panțu,1
Draia,1
Pâclișanu,1
Pally,1
Alșec,1
Ghițulescu,1
Codrin,1
Brădișteanu,1
Bezdechi,1
Schutz,1
Lazer,1
Șomăcescu,1
Șorodoc,1
Tastaman,1
Tatar,1
Uricariu,1
Firea,1
Zaha,1
Zeța,1
Zevedei,1
Gucci,1
Bălănoiu,1
Drumeș,1
Ladea,1
Macarovici,1
Ivanof,1
Piciorea,1
Ciorcilă,1
Danilencu,1
Pătrui,1
Vârnav,1
Tóth,1
Saucan,1
Magnani,1
Vătășianu,1
Mirković,1
Zarzu,1
Pogoneanu,1
Mașala,1
Criciotoiu,1
Doboși,1
Cornell,1
Simache,1
Hortolomei,1
Iuruc,1
Leonăchescu,1
Malaxa,1
Oblu,1
Porumbescu,1
Rahău,1
Simescu,1
Sotir,1
Tomazoglu,1
Șerdin,1
Zavici,1
Alifantis,1
Cerveni,1
Mircovici,1
Conovici,1
Rusailă,1
Behar,1
Bădiceanu,1
Văidean,1
Nouri,1
Șaganai,1
Mujea,1
Zăvoranu,1
Buhăianu,1
Doicescu,1
Vorobchievici,1
Buhociu,1
Sadici,1
Paștiu,1
Pădure,1
Pălădescu,1
Păvălașcu,1
Pelican,1
Penciulescu,1
Pepino,1
Dâmbovița,1
Pietraru,1
Pietreanu,1
Pietriș,1
Pipa,1
Piru,1
Pituț,1
Pișcu,1
Plângău,1
Pomohaci,1
Puțuri,1
Pujină,1
Răducă,1
Rau,1
Raveica,1
Răban,1
Rece,1
Regman,1
Retegan,1
Reuț,1
Rogojan,1
Sănătescu,1
Leluțiu,1
Milovan,1
Govor,1
Cristoveanu,1
Rujinschi,1
Bolocan,1
Dospinescu,1
Vutcărău,1
Waitz,1
Mutică,1
Vas,1
Weinberg,1
Essig,1
Borsos,1
Szakács,1
Lawrence,1
Preisz,1
Szávai,1
Major,1
Szép,1
Szombati,1
Szondi,1
Davidovics,1
Homonnai,1
Gerendi,1
Ungherea,1
Crâznic,1
Racoviță,1
Ioanițoaia,1
Ghidirmic,1
Bufnilă,1
Nimigean,1
Sărmășan,1
Zosin,1
Porr,1
Ciuci,1
Fister,1
Ghițiu,1
Lampert,1
Riegler,1
Zarifopol,1
Șomodean,1
Cherescu,1
Tornea,1
Zăgănescu,1
Baniță,1
Daea,1
Gigea,1
Gongu,1
Moțoi,1
Mâțu,1
Andea,1
Brînceanu,1
Ruiu,1
Codin,1
Rădvan,1
Sadoveac,1
Lopez,1
Sălcudeanu,1
Sămărtinean,1
Săniuță,1
Scărlătescu,1
Scorțan,1
Scrob,1
Q89492596,1
Seche,1
Selejan,1
Seleși,1
Senciuc,1
Serafim,1
Sergescu,1
Sersea,1
Silași,1
Silistru,1
Sinulescu,1
Sirețeanu,1
Sîntimbrean,1
Slușanschi,1
Dragan,1
Späthe,1
Stanoevici,1
Stanomir,1
Stavru,1
Strâmbu,1
Străchinaru,1
Stroici,1
Strunilă,1
Străinu,1
Stuparu,1
Suchianu,1
Suhar,1
Ciubotărașu,1
Danila,1
Dîrdală,1
Găvenea,1
Manciulea,1
Meteș,1
Q18544204,1
Radoff,1
Radof,1
Pășcuț,1
Prutianu,1
Sevastre,1
Sileanu,1
Stâncă,1
Zeletin,1
Șendrea,1
Dombrovski,1
Galántai,1
Jodál,1
Kinde,1
Sall,1
Sallay,1
Salló,1
Solti,1
Somló,1
Spielmann,1
Szappanyos,1
Szikszay,1
Zoltán,1
Călian,1
Fleșer,1
Lificiu,1
Lițiu,1
Mirciov,1
Ioțcu,1
Poni,1
Tănasie,1
Pârvescu,1
Marcea,1
Dimitrie,1
Nistoreanu,1
Ceontea,1
Ciuceanu,1
Ghidău,1
Ghețea,1
Ille,1
Homescu,1
Mânea,1
Mironovici,1
Prișcu,1
Theodoru,1
Kofler,1
Truică,1
Policrat,1
Franasovici,1
Jakobi,1
Winter,1
Nassar,1
Traicu,1
Hodovanschi,1
Sârb,1
Șamșudan,1
Goangă,1
Șușară,1
Chițaniuc,1
Tărâță,1
Tașcu,1
Teică,1
Temișan,1
Terinte,1
Teutișan,1
Buiucliu,1
Toduț,1
Tomida,1
Tonoiu,1
Triandafil,1
Turliuc,1
Tăpălagă,1
Țibulcă,1
Țic,1
Țociu,1
Țurai,1
Udilă,1
Ungheanu,1
Urdea,1
Uricaru,1
Uricec,1
Valeca,1
Silvestru,1
Vâlcovici,1
Vărgău,1
Vellescu,1
Verdes,1
Pelici,1
Buteseaca,1
Vilara,1
Soponar,1
Bealcu,1
Moucha,1
Dabu,1
Joldeș,1
Rosenfeld,1
Mustea,1
Manuilă,1
Pralong,1
Năftănăilă,1
Minciu,1
Stiopul,1
Colțescu,1
Andon,1
Ghidarcea,1
Fărcășan,1
Pals,1
Meșca,1
Șter,1
Drăgușanu,1
Toduță,1
Mănuilă,1
Lăuneanu,1
Ciplea,1
Cărpinișianu,1
Curticeanu,1
Mangiuca,1
Reisz,1
Bartos,1
Trella,1
Várhelyi,1
Gönczi,1
Guttmann,1
Ungvári,1
Győrffy,1
Román,1
Vajna,1
Kolozsi,1
Hensel,1
Vértes,1
Bartók,1
Weith,1
Pál,1
Podor,1
Jacquet,1
Silberstein,1
Nemerovschi,1
Ferecatu,1
Huzum,1
Vigariu,1
Zmicală,1
Eshkol,1
Schileru,1
Clopoțel,1
Tîlvescu,1
Ducu,1
Țapardel,1
Dichiseanu,1
Ruicu,1
Dietrich,1
Calcan,1
Bolboașă,1
Racoțea,1
Rebega,1
Kurtz,1
Flonta,1
Bittel,1
Judea,1
Klinghofer,1
Săhleanu,1
Calcișcă,1
Leonids,1
Pham,1
Laslo,1
Plămadă,1
Lațcu,1
Bădără,1
Panțuroiu,1
Pallos,1
Zlătescu,1
Frunzetti,1
Ghelmegeanu,1
Taran,1
Bulică,1
Ceasar,1
Bumbea,1
Zay,1
Diaconide,1
Nuțeanu,1
Ursa,1
Mândrușcă,1
Sbîrcia,1
Gvozdenovici,1
Botnaru,1
Vornicu,1
Comoroșan,1
Mișcoci,1
Pantiș,1
Poleacu,1
Tudorachi,1
Cheptea,1
Baboi,1
Fuia,1
Roll,1
Cârstean,1
Batiște,1
Târța,1
Mihăiescu,1
Cladovan,1
Sîntu,1
Lupuțiu,1
Murășanu,1
Parapiru,1
Pâcă,1
Podaru,1
Saidel,1
Vintilescu,1
Părăian,1
Visarion,1
Visu,1
Vladimir,1
Vlasiu,1
Vlăduțescu,1
Zaciu,1
Zanc,1
Zaremba,1
Zăpârțan,1
Zlăvog,1
Țuglea,1
Archiudean,1
Păiș,1
Pete,1
Procopovici,1
Pupeză,1
Sântimbreanu,1
Sergovici,1
Sișu,1
Smărăndescu,1
Stângu,1
Tanașoca,1
Țipoia,1
Tokay,1
Torouțiu,1
Ulmu,1
Vădan,1
Vencov,1
Vighi,1
Voineag,1
Hegedüs,1
Fânățeanu,1
Rogojinaru,1
Bancu,1
Caradja,1
Telegdy,1
Telegdi,1
Burcuș,1
Cotea,1
Diaconovici,1
Finteșteanu,1
Ghibănescu,1
Crăsnaru,1
Barton,1
Volovici,1
Buceschi,1
Lupul,1
Păscăluță,1
Giorgiu,1
Sân,1
Văluță,1
Reniță,1
Poiată,1
Kirculescu,1
Mătcaș,1
Babiuc,1
Helga,1
Kim,1
Pambuccian,1
Vigu,1
Popea,1
Bărbuț,1
Ghiuță,1
Șeroni,1
Bușniță,1
Râșcanu,1
Sauciuc,1
Săveanu,1
Ceia,1
Vladislav,1
Clocotici,1
Lișcu,1
Brăileanu,1
Rânja,1
Mocuța,1
Furnea,1
Vasilcău,1
Șelmaru,1
Ștefureac,1
Belacurencu,1
Bădeanțu,1
Aram,1
Celarianu,1
Theodorian,1
Obedenaru,1
Stetina,1
Zahan,1
Casap,1
Crevedia,1
Turașvili,1
Onodi,1
Kendrick,1
Ziegler,1
Ramirez,1
Stoicănescu,1
Rombescu,1
Stavri,1
Referendaru,1
Pierdevară,1
Terchilă,1
Vătăjelu,1
Bățagă,1
Berbecar,1
Ocolișan,1
Cotuna,1
Goiți,1
Rolea,1
Prepeliuc,1
Vitcu,1
Mohay,1
Nitescu,1
Bischin,1
Armstead,1
Bănicioiu,1
Oțet,1
Mantea,1
Purcărete,1
Comănești,1
Achițenie,1
Agoston,1
Albeanu,1
Anagnoste,1
Apetroaie,1
Astărăstoae,1
Aurescu,1
Avarvarei,1
Avramovici,1
Baboș,1
Bacovia,1
Dulamă,1
Langer,1
Georgevici,1
Vidan,1
Iatagan,1
Dică-Hristu,1
Bâlea,1
Poștoacă,1
Sorian,1
Satală,1
Tarbă,1
Leau,1
Cătănea,1
Boțârcă,1
Baicea,1
Bobocea,1
Dauș,1
Wolpe,1
Rademacher,1
Guidea,1
Roger,1
Bertok,1
Drehuță,1
Perțea,1
Baghiu,1
Baranovschi,1
Baraș,1
Bârleanu,1
Băbălău,1
Bălălău,1
Băncescu,1
Bârseanu,1
Becșenescu,1
Berbeceanu,1
Barbera,1
Berza,1
Biberi,1
Bibire,1
Bisericanu,1
Blajovici,1
Boabeș,1
Boajă,1
Bobeanu,1
Bocșa,1
Boda,1
Bogea,1
Boghină,1
Boghiță,1
Bogrea,1
Bojor,1
Bolborea,1
Bold,1
Boldur,1
Bolojan,1
Bordenache,1
Braia,1
Broscățeanu,1
Bucuța,1
Budală,1
Bumbu,1
Bursac,1
Hrușcă,1
Bălăiță,1
Szombath,1
Szentpétery,1
Dascalescu,1
Oneț,1
Bogaci,1
Caloenescu,1
Țîră,1
Streza,1
Jurgiu,1
Ciuca,1
Costiniu,1
Sigmirean,1
Măuță,1
Stoff,1
Talpă,1
Auneanu,1
Aninaru,1
Fanache,1
Odăgescu,1
Sachs,1
From,1
Hillier,1
Papadopol,1
Valentiny,1
Sauter,1
Mischianu,1
Trifescu,1
Grindeanu,1
Cupcea,1
Cherry,1
Szilvássy,1
Tecșor,1
Podeanu,1
Budak,1
Ackerman,1
Mihăești,1
Agrigoroaei,1
Cioaric,1
Galbură,1
Seulescu,1
Simionaș,1
Thuma,1
Kaczér,1
Sâmpetrean,1
Ularu,1
Nuțiu,1
Bâtea,1
Shakun,1
Panțeru,1
Țucă,1
Dincuță,1
Aanei,1
Moloiu,1
Olărescu,1
Știubei,1
Spînu,1
Aiacoboae,1
Jacobi,1
Ziguli,1
Nancu,1
Buble,1
Nistea,1
de Herz,1
Tîrcoveanu,1
Tânc,1
Hâncă,1
Heerden,1
Canbek,1
Bărănescu,1
Dongorozi,1
Anușca,1
Bogdănici,1
Bucura,1
Băișanu,1
Chirteș,1
Condurățeanu,1
Cupă,1
Cătăniciu,1
Hărău,1
Iacoban,1
Marcoci,1
Mocioi,1
Măduța,1
Buzică,1
Bădălău,1
Bălțatu,1
Bărar,1
Căciulescu,1
Cănănău,1
Capoianu,1
Capră,1
Caproșu,1
Caraivan,1
Carianopol,1
Căliman,1
Cerghizan,1
Chipreanov,1
Chișleag,1
Chisăr,1
Ciachir,1
Cihodaru,1
Ciomoș,1
Ciulache,1
Ciupei,1
Cochinescu,1
Cocrea,1
Coiciu,1
Coifan,1
Colfescu,1
Colțoiu,1
Combiescu,1
Conea,1
Conțac,1
Copilu,1
Cheatră,1
Catangă,1
Cosmovici,1
Crăcană,1
Cânjău,1
Băcneanu,1
Bașturea,1
Chircă,1
Leaua,1
Gherghiceanu,1
Răican,1
Șercăianu,1
Tirizică,1
Tulin,1
Coțe,1
Dumănică,1
Cimpoeru,1
Pretorian,1
Crecan,1
Ovidiu,1
Cristolovean,1
Cucoșel,1
Cusin,1
Dalea,1
Davideanu,1
Dăneasa,1
Diacon,1
Bârlad,1
Diplan,1
Dipșe,1
Doldur,1
Dolineaschi,1
Duban,1
Durbacă,1
Elenescu,1
Enigărescu,1
Ernu,1
Făniță,1
Feric,1
Ficior,1
Fieroiu,1
Flaișer,1
Ghioca,1
Ibric,1
Penecke,1
Berevoianu,1
Serban,1
Mârzescu,1
Faifer,1
Handrea,1
Ursuleanu,1
Vîrtosu,1
Arghira,1
Borăscu,1
Cișmaș,1
Ieremciuc,1
Tămăduianu,1
Uță,1
Horodniceanu,1
Breitenstein,1
Beldeanu,1
Lengheriu,1
Slivăț,1
Rotiș,1
Stuart,1
Pintelie,1
Muică,1
Căpităneanu,1
Necșoiu,1
Nichici,1
Anastasiade,1
Hercz,1
Chezan,1
Noble,1
Wittmann,1
Târnovan,1
Barbarossa,1
Szentgyörgyi,1
Medgyesi,1
Bielski,1
Zavolan,1
Conachi family,1
Piscupescu,1
Puchianu,1
Caill,1
Lăzăruț,1
Renda,1
Șimicu,1
Metz,1
Nechiti,1
Simonescu,1
Bleahu,1
Paleu,1
Tomac,1
Bucurenci,1
Măniuțiu,1
Bitang,1
Racovitză,1
Benche,1
Frolov,1
Arghirescu,1
Hădean,1
Pistru,1
Podașcă,1
Șoptică,1
Savin,1
Stoiedin,1
Baudis,1
Orghidan,1
Hondru,1
Moglan,1
Berchi,1
Eliscu,1
Cornescu,1
Palmer,1
Achimaș,1
Curaj,1
Sass,1
Artean,1
Balaure,1
Măcriș,1
Onțel,1
Voduț,1
Jancu,1
Glință,1
Fochi,1
Franga,1
Corini,1
Ciuban,1
Gâtan,1
Ghelmez,1
Ghineraru,1
Ghiocel,1
Ghiu,1
Ginculescu,1
Gionea,1
Giuglea,1
Gramatopol,1
Grom,1
Culea,1
Coroi,1
Hălăucescu,1
Hilote,1
Hîrșu,1
Homoștean,1
Honcescu,1
Hușanu,1
Hîncu,1
Iacobovici,1
Iane,1
Ilișiu,1
Alionte,1
Nițoi,1
Bardaș,1
Iarca,1
Cosmoiu,1
Proșcan,1
Poiană,1
Măchițescu,1
Tăbăraș,1
Țîrlea,1
Samson,1
Mărcoceanu,1
Tirifon,1
Calofir,1
Fota,1
Ciorceri,1
Kendi,1
Lupuț,1
Drujescu,1
Boghiu,1
Murgu,1
Țuchel,1
Boț,1
Condrache,1
Chiriloaie,1
Muntianu,1
Arghiri,1
Tuchiluș,1
Hanță,1
Adămache,1
Doca,1
Tărbuc,1
Stroea,1
Filote,1
Cociu,1
Răsmeriță,1
Cârjeu,1
Bârjoveanu,1
Bistriceanu,1
Motfolea,1
Horciu,1
Tănăselea,1
Ploșniță,1
Bereșoaie,1
Țarălungă,1
Cioinac,1
Nedelcearu,1
Iov,1
Istudor,1
Iurcu,1
Jerbaș,1
Jercălău,1
Jienescu,1
Joja,1
Juravlea,1
Kassai,1
Kiazim,1
Leoreanu,1
Botoșăneanu,1
Lăpușan,1
Linția,1
Lis,1
Lobonțiu,1
Lostun,1
Lugojan,1
Luncașu,1
Lupeanu,1
Lăscuț,1
Mancia,1
Marineasa,1
Matetovici,1
Mânzală,1
Măndiță,1
Constantineanu,1
Goțiu,1
Petroveanu,1
Rocco,1
Kapralik,1
Crăciunaș,1
Tripșa,1
Județ,1
Caranda,1
Cornu,1
Gheți,1
Hărășteanu,1
Pura,1
Candu,1
Hartig,1
Vezan,1
Lepșa,1
Buziuc,1
Vașvari,1
Patache,1
Popârlan,1
Mada,1
Neniță,1
Heil,1
Imbroane,1
Arnaout,1
Dolință,1
Furculiță,1
Lebedinschi,1
Babuș,1
Bereanu,1
Blăjuț,1
Budurescu,1
Butunoi,1
Cadăr,1
Chirvăsuță,1
Deneș,1
Duruț,1
Fortuna,1
Grapă,1
Neculoiu,1
Palașcă,1
Pașcan,1
Potor,1
Păran,1
Tabugan,1
Vegh,1
Cărățeanu,1
Spălatu,1
Șiu,1
Ghidănac,1
Surduleasa,1
Nidelea,1
Pașol,1
Daia,1
Cicireagă,1
Cărăpănceanu,1
Vasilică,1
Pătrășescu,1
Noapte,1
Marchidanu,1
Abăseacă,1
Tutulan,1
Drugău,1
Chivereanu,1
Efteme,1
Moroiu,1
Bocănel,1
Bece,1
Titiroagă,1
Corâci,1
Flori,1
Păpăroiu,1
Cătălina,1
Stăncioi,1
Bonea,1
Cârstianu,1
Bană,1
Fulgu,1
Preduca,1
Osiac,1
Ionele,1
Pistrițu,1
Drocan,1
Băzăvan,1
Dunărințu,1
Costaiche,1
Spuză,1
Pătășanu,1
Ovreiu,1
Nănuți,1
Stănaia,1
Murdeală,1
Curici,1
Cioană,1
Bosoancă,1
Ciuru,1
Doscocil,1
Andronie,1
Constăngioară,1
Burcu,1
Matasă,1
Lozonschi,1
Andrici,1
Croitoriu,1
Bâia,1
Todireanu,1
Apostoae,1
Alexandroaia,1
Mărculeț,1
Șoican,1
Oniga,1
Michiu,1
Holmanu,1
Schäffer,1
Mărineață,1
Bondrescu,1
Marancea,1
Sâia,1
Șărpău,1
Cheroiu,1
Gealapu,1
Oane,1
Dinuț,1
Bălă,1
Punta Popa,1
Chitez,1
Amzu,1
Treanță,1
Becheanu,1
Vâlceleanu,1
Vochițoiu,1
Zisu,1
Rezeanu,1
Tonca,1
Șuluțiu,1
Handoca,1
Haller,1
Topor,1
Bojescu,1
Herscovici,1
Hodorogea,1
Ianc,1
Nere,1
Hagel,1
Gohn,1
Molie,1
Ruv,1
Kopacz,1
Bărdașu,1
Măzărache,1
Dimca,1
Hordobețiu,1
Paraschivoiu,1
Nadu,1
Giurgiuca,1
Chirescu,1
Q107287258,1
Uta,1
Chișamera,1
Silviu,1
Naicu,1
Feher,1
Dragoi,1
Hermann,1
Hlinca,1
Vuc,1
Sencovici,1
Roschnafsky,1
Amărăzeanu,1
Ciocăzanu,1
Șotae,1
Tocea,1
Teodosescu,1
Șofaru,1
Ștreangă,1
Beraru,1
Hofner,1
Zdrob,1
Onufrei,1
Cozan,1
Fădor,1
Haliță,1
Babor,1
Chidoveț,1
Cotoară,1
Niculaev,1
Pânzar,1
Boloca,1
Melen,1
Andriciuc,1
Mucilenița,1
Țaran,1
Schipor,1
Petroaie,1
Nimițean,1
Mezdrea,1
Hrincescu,1
Fron,1
Lesenciuc,1
Carpiuc,1
Corjuc,1
Tomăscu,1
Avramia,1
Onisii,1
Păstrăv,1
Boncheș,1
Olărean,1
Berariu,1
Dodan,1
Ghebuță,1
Plumbu,1
Stegariu,1
Ababei,1
Droancă,1
Giura,1
Cergă,1
Gîrgă,1
Mosoarcă,1
Crețescu,1
Manțog,1
Michescu,1
Duralia,1
Prisecaru,1
Csengeri,1
Pițian,1
Cerlincă,1
Greu,1
Bereșoae,1
Gorea,1
Bălăjel,1
Gănescu,1
Tudorașcu,1
Iovancea,1
Căpriță,1
Selescu,1
Măndescu,1
Lunganu,1
Mihăeșteanu,1
Natea,1
Isaiu,1
Palmeș,1
Hârșu,1
Bâtcă,1
Maghiaru,1
Nicolaș,1
Pardoș,1
Văsuian,1
Vatră,1
Tâlvăr,1
Brăicău,1
Pârlogea,1
Zbârciog,1
Bâznă,1
Danțiș,1
Bacinschi,1
Romila,1
Văncică,1
Buibăr,1
Maricescu,1
Ciupac,1
Mitrașca,1
Mellau,1
Barou,1
Cheșeli,1
Dobrai,1
Bălănean,1
Roșan,1
Emil Mureșan,1
Mălăncrăvean,1
Comerzan,1
Sand,1
Casoni,1
Pogăcean,1
Felegean,1
Grieb,1
Ionici,1
Coza,1
Irime,1
Ilyes,1
Ciunt,1
Ghiurco,1
Moraviț,1
Lar,1
Băbănaș,1
Gavriliuc,1
Prodaniuc,1
Pintiliuc,1
Saghin,1
Rogojână,1
Șuleap,1
Luța,1
Sbiera,1
Pașovschi,1
Arsine,1
Bayreuth,1
Răduca,1
Lăceanu,1
Tăbărana,1
Răboj,1
Mănica,1
Budică,1
Dana,1
Siteavu,1
Magereanu,1
Cucurezeanu,1
Buzală,1
Mărcușanu,1
Măceacă,1
Șună,1
Haită,1
Oprina,1
Dragne,1
Bădănoiu,1
Glonț,1
Șefu,1
Chera,1
Brânzărea,1
Naie,1
Bărboiu,1
Duțică,1
Mocănescu,1
Țachianu,1
Brebeanu,1
Bădău,1
Iacobuță,1
Francisc,1
Tusa,1
Benke,1
Marița,1
Boghici,1
Cuclea,1
Tronaru,1
Ciuperceanu,1
Misirgic,1
Ilcuș,1
Vișănoiu,1
Pomojnicu,1
Răduș,1
Panfil,1
Șopu,1
Ghiorghe,1
Deacu,1
Șerpescu,1
Bîlbîe,1
Galeru,1
Băhnăreanu,1
Ghiur,1
Gutău,1
Aleca,1
Sărdărescu,1
Birăruți,1
Săndulache,1
Udubae,1
Berghea,1
Modoi,1
Mândreanu,1
Berghezan,1
Roba,1
Balteș,1
Gâță,1
Strava,1
Dancu,1
Șurean,1
Răceu,1
Lienerth,1
Șușa,1
Maricuța,1
Dârloșan,1
Basarabă,1
Feldeoiu,1
Cîrțan,1
Budin,1
Captari,1
Botă,1
Baltog,1
Novacek,1
Târșă,1
Dudea,1
Jigău,1
Havriștiuc,1
Hurduzeu,1
Boceanu,1
Covlea,1
Rujoi,1
Dăogaru,1
Țârlui,1
Mică,1
Liciu,1
Darabonț,1
Chiuzbaian,1
Pandor,1
Bârzan,1
Mihălțan,1
Heler,1
Hăprian,1
Hava,1
Tuhuț,1
Tomuș,1
Napău,1
Zaharie,1
Barbaș,1
Ponoran,1
Lombrea,1
Nedela,1
Simina,1
Vințeler,1
Jinar,1
Hălălai,1
Bubur,1
Indreiu,1
Țoca,1
Banci,1
Burtă,1
Giurgelea,1
Beșu,1
Concioiu,1
Rusie,1
Ivancu,1
Bărzăgeanu,1
Melente,1
Daneș,1
Boeangiu,1
Voicescu,1
Joița,1
Schell,1
Țârvuică,1
Bănacu,1
Bâzâc,1
Pearcu,1
Pirneci,1
Răspopescu,1
Horăscu,1
Troculescu,1
Peștereanu,1
Cârstina,1
Staiu,1
Puchin,1
Radi,1
Năfliu,1
Istocescu,1
Bușagă,1
Curelaru,1
Spârleanu,1
Tâmplărescu,1
Neagoie,1
Fârtat,1
Stupu,1
Scutelnicu,1
Pletea,1
Ivanciu,1
Apreotesei,1
Șilochi,1
Dochiei,1
Soroiu,1
Osoloș,1
Tifan,1
Cheța,1
Câdă,1
Cioravă,1
Abdula,1
Atonoaie,1
Rață,1
Ghelase,1
Șiler,1
Durlan,1
Neghină,1
Tilibașa,1
Gherghelucă,1
Paliștan,1
Iscu,1
Ciuche,1
Clopotaru,1
Drăgulin,1
Cărtușanu,1
Strașeschi,1
Gheorghescu,1
Ropină,1
Bocșaru,1
Mărcoianu,1
Măgură,1
Balinca,1
Mihăeș,1
Gemănaș,1
Bărbieru,1
Boțu,1
Gogan,1
Ottescu,1
Velcotă,1
Dros,1
Bîrnoi,1
Juncănaru,1
Horj,1
Pîrcălabu,1
Curileac,1
Rodean,1
Bălăjan,1
Țiolan,1
Găurean,1
Horea,1
Encian,1
Bendean,1
Romocea,1
Strugari,1
Bența,1
Clapău,1
Nășcan,1
Monița,1
Bucătaru,1
Pipoș,1
Ciomârtan,1
Armbruster,1
Foti,1
Crăiuțu,1
Ramba,1
Abed,1
Kader,1
Fenici,1
Hegheduș,1
Crașovan,1
Toța,1
Lihoni,1
Duța,1
Stoi,1
Muia,1
Nacov,1
Malac,1
Cădariu,1
Nastor,1
Tomulea,1
Filipiac,1
Bociu,1
Fiștea,1
Sorincău,1
Curuți,1
Petricaș,1
Fărcălău,1
Simoc,1
Ignuța,1
Golubov,1
Magdin,1
Medelean,1
Neșcu,1
Idvorianu,1
Bejera,1
Trifonescu,1
Oroianu,1
Gazu,1
Gurlui,1
Giurea,1
Uleia,1
Cărbune,1
Tocileanu,1
Jugănaru,1
Frițu,1
Stelian,1
Ușurelu,1
Ciriblan,1
Catrinoiu,1
Corlău,1
Șincan,1
Stoene,1
Ciobea,1
Țabără,1
Cârjonțu,1
Pecheanu,1
Simiuc,1
Rebegea,1
Gâfu,1
Tărăgan,1
Pârciu,1
Puițel,1
Fânariu,1
Vlasă,1
Hultoană,1
Vânătoru,1
Ciupilan,1
Cernega,1
Vrămuleț,1
Pascale,1
Sidorencu,1
Chislițchi,1
Acceleanu,1
Ardeiu,1
Jurebie,1
Tăloi,1
Făsuescu,1
Geogia,1
Țucu,1
Vamvu,1
Cotârlău,1
Gâlceavă,1
Gașpăr,1
Nioață,1
Gușiță,1
Gogălniceanu,1
Răgman,1
Hanu,1
Țuilă,1
Rucsanda,1
Cătănoiu,1
Turbăceanu,1
Pârjol,1
Mosor,1
Troacă,1
Stochițoiu,1
Victora,1
Bâldea,1
Paicu,1
Slivilescu,1
Vijulan,1
Castriș,1
Coroianu,1
Acsinteanu,1
Schullerus,1
Bărcăcilă,1
Văcărescu family,1
Tăbăcariu,1
Onul,1
Cămărășan,1
Hognogi,1
Venig,1
Bușcoiu,1
Napeu,1
Mititean,1
Bortăș,1
Dedean,1
Ogâgău,1
Tarniță,1
Vrîncean,1
Becan,1
Scridonesi,1
Lehene,1
Făgădar,1
Fati,1
Julean,1
Petrindean,1
Mânecan,1
Șulea,1
Moncea,1
Zeng,1
Huldușan,1
Szobo,1
Poka,1
Colceriu,1
Gebe,1
Sașa,1
Ștefănie,1
Românu,1
Stoicu,1
Coilă,1
Stănușoiu,1
Mirean,1
Marcuți,1
Gui,1
Doța,1
Mățan,1
Cicâldău,1
Cioablă,1
Dicescu,1
Gagealov,1
Tuchilă,1
Tohăneanu,1
Moskovics,1
Navrotescu,1
Ghelan,1
Deubel,1
Szőke,1
Bufnea,1
Ben,1
Andreiu,1
Almer,1
Hortopan,1
Bican,1
Chirulescu,1
Drulă,1
Draghici,1
Tîrcă,1
Galupa,1
Zenide,1
Algiu,1
Cruțescu,1
Gurănescu,1
Ivanciuc,1
Răcean,1
Juster,1
Sachelarie,1
Bădăuță,1
Lăutaru,1
Chipirliu,1
Watson,1
Renard,1
Pălășan,1
Vocilă,1
Balași,1
Pâtea,1
Pelei,1
Gârbacea,1
Dișor,1
Boricean,1
Perșoiu,1
Popeneciu,1
Epureanu,1
Bărdaș,1
Andreaș,1
Șchiopea,1
Beșchea,1
Chirilaș,1
Ioani,1
Călburean,1
Paltin,1
Bârlez,1
Ignea,1
Muțiu,1
Pósa,1
Vârză,1
Pleșoianu,1
Căruceru,1
Cîțu,1
Presadă,1
Seidler,1
Bîzgan,1
Franck,1
Dobrovie,1
Năsui,1
Tripa,1
Stocheci,1
Șotcan,1
Floroiu,1
Ilișanu,1
Viziteu,1
Dehelean,1
Sighiartău,1
Iurișniți,1
Huncă,1
Budăi,1
Mînzatu,1
Sbîrnea,1
Păle,1
Boambeș,1
Hîrțaucă,1
Jurescu,1
Novăcescu,1
Boboescu,1
Prăsnescu,1
Lorinț,1
Imbrescu,1
Borduz,1
Crîsnic,1
Moșoarcă,1
Tismănariu,1
Velescu,1
Vlasici,1
Beg,1
Baderca,1
Ciobîcă,1
Mălăiescu,1
Verindeanu,1
Solomonesc,1
Daminescu,1
Poplicean,1
Kramer,1
Hașcă,1
Harambașa,1
Moată,1
Scorobete,1
Szöcs,1
György,1
Mîndru,1
Vancu,1
Farcașiu,1
Morodan,1
Popi,1
Mărcuț,1
Jichici,1
Băbău,1
Bondor,1
Țica,1
Negrei,1
Micurescu,1
Jurjescu,1
Vodicean,1
Burdan,1
Bătrânuț,1
Cheșa,1
Ciul,1
Erdős,1
Herbei,1
Țole,1
Țipțer,1
Maroșan,1
Mughiuruș,1
Chirica,1
Bátori,1
Mateaș,1
Sărăcuț,1
Degău,1
Bărnău,1
Corb,1
Niri,1
Sferle,1
Tulvan,1
Mocioran,1
Vid,1
Fărcuța,1
Purge,1
Tiurbe,1
Merț,1
Bocșe,1
Pâlea,1
Mașcaș,1
Ștefănică,1
Stamatian,1
Dohotaru,1
Huțucă,1
Terza,1
Vlăducă,1
Caracota,1
Presură,1
Dircă,1
Rodeanu,1
Marciu,1
Chircu,1
Agachi,1
Micolov,1
Șarapatin,1
Bende,1
Sălan,1
Heiuș,1
Surgent,1
Scântei,1
Cîtea,1
Chichirău,1
Păcioianu,1
Bogaciu,1
Culeafă,1
Zamfira,1
Botnariu,1
Pauliuc,1
Duruș,1
Oteșanu,1
Sprianu,1
Ghinioiu,1
Călințaru,1
Martac,1
Pencea,1
Bîrzan,1
Bițucă,1
Manolovici,1
Răsuceanu,1
Ratcu,1
Martinovici,1
Burnea,1
Lușneac,1
Verbiceanu,1
Mănucă,1
Kindl,1
Sicoe,1
Genoiu,1
Bouariu,1
Doagă,1
Drăgilă,1
Măiță,1
Acozmei,1
Manicea,1
Țiban,1
Clim,1
Gângu,1
Zalis,1
Fifor,1
Naiman,1
Țilincă,1
Niculache,1
Lența,1
Țipirigan,1
Cârjaliu,1
Herdean,1
Nădrag,1
Cenușă,1
Murat,1
Topalu,1
Neicu,1
Telehoi,1
Chirciu,1
Frigioi,1
Iacobici,1
Gălbinașu,1
Nicolin,1
Horneț,1
Gâju,1
Hânsă,1
Cinpoiașu,1
Gâscan,1
Martoncă,1
Prigoreanu,1
Băeanu,1
Postârnac,1
Oloeru,1
Arcan,1
Moagher,1
Bozianu,1
Flora,1
Sibinescu,1
Halici,1
Șișcu,1
Magyar,1
Socotar,1
Bulacu,1
Iftimie,1
Șovăială,1
Cucșa,1
Petrețchi,1
Mihălescul,1
Căciulă,1
Havrici,1
Vexler,1
Fălcoi,1
Lăncrănjan,1
Berzunțeanu,1
Popii,1
Murgea,1
Furic,1
Coidum,1
Păstârnac,1
Orășanu,1
Borcean,1
Orăvicean,1
Vlădia,1
Romînu,1
Urechiatu,1
Cîrdei,1
Lojigan,1
Cighir,1
Om de afaceri,1
Bodiș,1
Ghic,1
Fărgaciu,1
Iojiban,1
Țepeș-Focșa,1
Karda,1
Dascăl,1
Meteșan,1
Ghilean,1
Oprișoni,1
Panța,1
Herciu,1
Ștefoni,1
Huzoni,1
Bulbucan,1
Dud,1
Bârcean,1
Inășescu,1
Păducel,1
Popuș,1
Maghear,1
Matyi,1
Porge,1
Cociuba,1
Strecopîtov,1
Fridrich,1
Ciocoteală,1
Dragolea,1
Waldeck,1
Márta,1
Mirică,1
Paliga,1
Pomponiu,1
Țehaniuc,1
Șoiman,1
Dolcean,1
Bărculescu,1
Hîj,1
Tudurean,1
Wendling,1
Isepciuc,1
Pașniciuc,1
Zamcu,1
Ostrovan,1
Golgotă,1
Păsărică,1
Cosăceanu,1
Armand,1
Mitache,1
Godea,1
Schmierer,1
Lozovan,1
Kara,1
Amaru,1
Andriuță,1
Bâră,1
Bîră,1
Borisov/Borysov,1
Malai,1
Trop,1
Murăruș,1
Abur,1
Ortelecan,1
Bassarabescu,1
Stoenac,1
Carauleanu,1
Bataillard,1
Lingner,1
Eder,1
Grigoroiu,1
Mitra,1
Butean,1
Sîntean,1
Efremov,1
Meleg,1
Pic,1
Herskovits,1
Cîrtog,1
Stoie,1
Ehrenfeld,1
Cozmuța,1
Nicău,1
Obretin,1
Dache,1
Frangopol,1
Hărnuț,1
Pal,1
Strihan,1
Balgiu,1
Răsdan,1
Dodoi,1
Trocan,1
Asanache,1
Leasă,1
Moruțan,1
Monciu-Sudinski,1
Jamaischi,1
Stoika,1
Ușeriu,1
Fugașin,1
Gogea,1
Cîrneală,1
Evolceanu,1
Actarian,1
Pănulescu,1
Ghedi,1
Trâmbițaș,1
Payne,1
Pirici,1
Tokos,1
Fălticineanu,1
Siegescu,1
Sucaciu,1
Dadu,1
Vătămanu,1
Dobreanu,1
Pârlog,1
Antăluț,1
Ștefurac,1
Ciobăniță,1
Râmbu,1
Doacă,1
Mihăiluc,1
Nicuriuc,1
Gurzun,1
Hâra,1
Hobincă,1
Bâzdâgă,1
Hugianu,1
Zota,1
Aiojoaei,1
Aștefanei,1
Ivănucă,1
Curcudel,1
Haidău,1
Gospodaru,1
Zamfirache,1
Brânzanu,1
Petria,1
Puruhniuc,1
Atomei,1
Bucătariu,1
Ivanache,1
Buțincu,1
Drăsleucă,1
Lozneanu,1
Trufin,1
Relinschi,1
Timișag,1
Țâmpău,1
Pătrânjan,1
Băiconi,1
Rîșteiu,1
Cerișer,1
Păsconi,1
Bocșeri,1
Hențiu,1
Bureană,1
Ile,1
Bobouțanu,1
Cărăguț,1
Cacuci,1
Vîrtopean,1
Boitor,1
Duciuc,1
Poienar,1
Cudrici,1
Ceteraș,1
Dumuța,1
Călăuz,1
Cendeș,1
Boga,1
Bohotici,1
Cosor,1
Stegeran,1
Gavriluți,1
Ștețcu,1
Petrovai,1
Dunka,1
Șofineți,1
Țiudic,1
Pasere,1
Marincat,1
Țentiș,1
Țiplea,1
Ștefanca,1
Livinschi,1
Oloeriu,1
Vițel,1
Gaidur,1
Rădeanu,1
Rotundu,1
Vezeteu,1
Leampăr,1
Scutariu,1
Bârliga,1
Aroșoaie,1
Ciornodolea,1
Epuraș,1
Romănescu,1
Magopeț,1
Amarandei,1
Beznă,1
Casiu,1
Țiulescu,1
Bojin,1
Șovăilă,1
Rogojină,1
Vâlcomeanu,1
Celăreanu,1
Ghencioiu,1
Calafeteanu,1
Decă,1
Zavelea,1
Ceană,1
Topârceanu,1
Carabaș,1
Metianu,1
Pigulea,1
Rovinaru,1
Bărbuș,1
Baruch,1
Tarău,1
Ermurache,1
Băleanu,1
Trohonel,1
Ghinescu,1
Neculcea,1
Novăceanu,1
Găiseanu,1
Colori,1
Constantinidi,1
Copăescu,1
Blidaru,1
Marmorosch,1
Ciurel,1
Căpușe,1
Gates,1
Bart,1
Luna,1
Făgădău,1
Abageru,1
Comandaru,1
Dămian,1
Bâscă,1
Opruța,1
Pocrișer,1
Mânduțeanu,1
Nenciu,1
Staicu,1
Mișa,1
Pinteală,1
Tomuleasa,1
König,1
Puczi,1
Mohorianu,1
Belgiu,1
Bickel,1
Suman,1
Haruț,1
Cireșan,1
Leopold,1
Antoche,1
Seferian,1
Berce,1
Pometcu,1
Dolgu,1
Abrudean,1
Țicanu,1
Mozoș,1
Boltea,1
Mătieș,1
Miculaiciuc,1
Șovrea,1
Kristof,1
Jors,1
Hurdugaci,1
Sânpălean,1
Milășan,1
Mătea,1
Karácsony,1
Bonț,1
Varo,1
Mocean,1
Șoaita,1
Ciobotă,1
Szakacs,1
Măgheran,1
Canceu,1
Boer,1
Șular,1
Țânțăreanu,1
Iurian,1
Gereb,1
Apan,1
Bartok,1
Bojan,1
Ciurdaș,1
Jurchiș,1
Bâle,1
Zetea,1
Fedorca,1
Lang,1
Betea,1
Christodoulou,1
Cincu,1
Fontenoy,1
Cononovici,1
Briciu,1
Tudoreanu,1
Degan,1
Cullen,1
De Lucia,1
Steel,1
Love,1
Furcovici,1
Cernomazu,1
Didilescu,1
Șilimon,1
Ruxanda,1
Kaminski,1
Walch,1
Exarhu,1
Dimisianu,1
Kory,1
Calomfirescu,1
Q12729316,1
Burza,1
Nichiforel,1
Copolovici,1
Chițan,1
Parvu,1
Oțil,1
Brancovici,1
Săbău,1
Bilc,1
Sandru,1
Baird,1
Q12723130,1
Luculescu,1
Bruker,1
Degeratu,1
Scherzer,1
Bobis,1
Vasian,1
Hâncean,1
Rîmbu,1
Vrăjmașu,1
Nagavciuc,1
Tîrlă,1
Q12651807,1
Pîrcălăbioru,1
Micea,1
Marius,1
Gogoașe,1
Slivneanu,1
Aruxandei,1
Zaiț,1
Braiți,1
Costuț,1
Korondi,1
Otlăcan,1
Răuț,1
Turcin,1
Pintean,1
Lela,1
Miculiț,1
Dudaș,1
Panțurescu,1
Răchieru,1
Rîcanu,1
Mira,1
Băcioiu,1
Funie,1
Șerbănoiu,1
Merlușcă,1
Atudorei,1
Orândaru,1
Ambrosie,1
Hăineală,1
Tancău,1
Cioroabă,1
Butacu,1
Costrăș,1
Puțeanu,1
Iulișca,1
Jicu,1
Căluș,1
Tuduce,1
Gaboraș,1
Bârlâu,1
Șovre,1
Munge,1
Lasak,1
Târnovanu,1
Enyedi,1
Urban,1
Istrătescu,1
Solovăstru,1
Stochiță,1
Alixandru,1
Ciubăncan,1
Fotescu,1
Armion,1
Țigănescu,1
Huc,1
Matinca,1
Hegheș,1
Cașu,1
Tivodariu,1
Voinoiu,1
Livadaru,1
Teslaru,1
Catana,1
Sansu,1
Druga,1
Mărăndescu,1
Asoltanei,1
Cacencu,1
Duduță,1
Mischie,1
Șulumberchean,1
Kissaru,1
Frollo,1
Axinciuc,1
Dubină,1
Beliș,1
Pătean,1
Feșnic,1
Erga,1
Bocskay,1
Boban,1
Wilson,1
Trivale,1
Ferbințeanu,1
Zbancioc,1
Münich,1
Lungan,1
Căruță,1
Ghebaur,1
Mavrocordat,1
Țicămucă,1
Lopăzan,1
Bonci,1
Ianchiș,1
Parfenie,1
Fălcaru,1
Raducanu,1
Vîrlan,1
Borisov,1
Hrimiuc,1
Buțura,1
Agheorghițoaei,1
Borfotină,1
Săviuc,1
Aroșculesei,1
Galiț,1
Jîjîe,1
Ailenei,1
Robitu,1
Gîscă,1
Visalon,1
Mîrzea,1
Țintă,1
Potoceanu,1
Burducea,1
Coliș,1
Gărea,1
Reșit,1
Dombora,1
Milicescu,1
Mudure,1
Arapu,1
Voloshina,1
Marciac,1
Moșneaga,1
Liculescu,1
Procheș,1
Richard,1
Cecal,1
Bîlbă,1
Garofeanu,1
Iubu,1
Fișel,1
Piringer,1
Semler,1
Smochină,1
Măcelaru,1
Cretzianu,1
Finți,1
Năstăseanu,1
Lipară,1
Boțan,1
Atanasie,1
Roșea,1
Dreghici,1
Radiș,1
Păucean,1
Aniculesei,1
Cuciurean,1
Bocăn,1
Funariu,1
Anne,1
Mălureanu,1
Caprini,1
Hăjmășan,1
Bîrză,1
Ciorgovean,1
Buliga,1
Marrone,1
Gîț,1
Borțoneanu,1
Hațiegan,1
Aioani,1
Meilă,1
Acasandrei,1
Velisar,1
Șuli,1
Cotigă,1
Boicu,1
Narea,1
Nistoroiu,1
Gall,1
Airoaie,1
Geneș,1
Mașca,1
Toll,1
Berteanu,1
Craciun,1
Cătescu,1
Balasa,1
Trancioveanu,1
Lincaru,1
Gonța,1
Postoiu,1
Bularda,1
Naumencu,1
Brotnei,1
Racz,1
Andrunache,1
Fera,1
Drumaru,1
Zoană,1
Burnete,1
Tamas,1
Ghiuzelea,1
Miao,1
Botcariu,1
Rețegan,1
Licărete,1
Ciordaș,1
Bureștean,1
Saltelechi,1
Bidirel,1
Râmbaș,1
Arieșan,1
Ciovică,1
Nașcu,1
Vățian,1
Lupea,1
Smigelschi,1
Bătrâna,1
Râmneanțu,1
Țierean,1
Răchițan,1
Borca,1
Borzea,1
Tărău,1
Vincaș,1
Băltean,1
Radeș,1
Birăescu,1
Cioflan,1
Teuca,1
Pletosu,1
Pinția,1
Coltor,1
Linul,1
Spinanțiu,1
Becichereu,1
Medean,1
Togan,1
Seleșiu,1
Brumboiu,1
Doni,1
Lăzanu,1
Bojariu,1
Fierăscu,1
Bădicu,1
Ghilă,1
Bădică,1
Podar,1
Vulpoi,1
Știufiuc,1
Cioancă,1
Onisâi,1
Polocoser,1
Leba,1
Dobrean,1
Marșavina,1
Cîrtoaje,1
Soficaru,1
Chibac,1
Mihăicuță,1
Petrila,1
Kreisel,1
Friedjung,1
Vlada,1
Bostănaru,1
Bacalum,1
Fălcuță,1
Mărăloiu,1
Mîlcomete,1
Husariu,1
Șincai,1
Băsăneanțu,1
Mazzuchi,1
Irimieș,1
Munthiu,1
Macșer,1
Beleș,1
Morușca,1
Berghia,1
Bucureștean,1
Totoian,1
Beșa,1
Pășcuțiu,1
Bichigean,1
Mihulin,1
Cheri,1
Gomboș,1
Chereșlădan,1
Micușan,1
Susa,1
Pătăcean,1
Vidrighinescu,1
Oțiel,1
Dubleșiu,1
Hența,1
Barcău,1
Firănescu,1
Urtilă,1
Vasilca,1
Lion,1
Cetățeanu,1
Sgură,1
Cioi,1
Dodocioiu,1
Țeligrădeanu,1
Preduș,1
Cîrstianu,1
Băloi,1
Totoroață,1
Pucheanu,1
Hurdubae,1
Gache,1
Cogălniceanu,1
Jackson,1
Fortuneanu,1
Hamza,1
Mâncilă,1
Măhălean,1
Cilibiu,1
Floarea,1
Bergler,1
Coiculescu,1
Vlăduleanu,1
Aurariu,1
Turcilă,1
Pigui,1
Blideanu,1
Păiuși,1
Modrea,1
Ianăși,1
Mocioniu,1
Gafițoi,1
Măchiță,1
Bacriță,1
Vieriu,1
Miloievici,1
Merlea,1
Mogoanță,1
Buzdug,1
Bembea,1
Boiță,1
Aldeșiu,1
Rișcuția,1
Elecheș,1
Cheresteș,1
Budușan,1
Constandea,1
Petruțiu,1
Totorean,1
Jeican,1
Boțian,1
Dudulescu,1
Chețianu,1
Genț,1
Jercan,1
Naga,1
Apai,1
Chendrean,1
Cârdan,1
Bacău,1
Călțiun,1
Feneșiu,1
Ghidiu,1
Henegariu,1
Ilițescu,1
Mărilă,1
Mesaroșiu,1
Barbul,1
Cânța,1
Mihuți,1
Misarăș,1
Renoiu,1
Românul,1
Nilvan,1
Andreșan,1
Buștea,1
Teuț,1
Corboș,1
Diac,1
Tuna,1
Husted,1
Iosefa,1
Bantaș,1
Cioroiu,1
Coțoveanu,1
Bușoiu,1
Frank,1
Harra,1
Eisenberg,1
Trașcu,1
Mîrzeanu,1
Asproniu,1
Meister,1
Ani,1
Băicuș,1
Obogeanu,1
Crâșmaru,1
Brown,1
Schachman,1
Ghiurea,1
Panamarenco,1
Roșcoban,1
Gropșianu,1
Zuiac,1
Iustin,1
Iclănzan,1
Mărie,1
Cupșea,1
Domocoș,1
Bilegan,1
Jurebiță,1
Hețco,1
Petruca,1
Bogdănel,1
Aleman,1
Debu,1
Chirtop,1
Modroiu,1
Moșuț,1
Aurel,1
Fălcușan,1
Tarnița,1
Botha,1
Petroviciu,1
Bărbat,1
Hațeganu,1
Roxin,1
Barițiu,1
Muja,1
Păltinișan,1
Borneaș,1
Țiucra,1
Cioroian,1
Goie,1
Zaluschi,1
Nahmias,1
Gigi,1
Petrov,1
Manciu,1
Marotineanu,1
Mok,1
Steriadi,1
Ludușan,1
Scîrneci,1
Nosievici,1
Blejdea,1
Dur,1
Bozoancă,1
Drăghiceanu,1
Konya,1
Căbuz,1
Șendroiu,1
Trip,1
Asăvoaei,1
Stoicheci,1
Kozak,1
Cremene,1
Cojocneanu,1
Caraiani,1
Musteață,1
Murășan,1
Brustur,1
Căluțiu,1
Mureșian,1
Oșorhian,1
Luncan,1
Popu,1
Beleuță,1
Lupoaie,1
Motogna,1
Seleș,1
Jurgovan,1
Măieruțiu,1
Fanea,1
Peteu,1
Popan,1
Trufașiu,1
Șurariu,1
Harșia,1
Tăpalagă,1
Marșieu,1
Alboni,1
Login,1
Eliseu,1
Aciu,1
Sâmpălean,1
Miculaș,1
Tămăian,1
Cârsta,1
Baic,1
Ghilezan,1
Cocora,1
Cristeți,1
German,1
Lenghel,1
Muște,1
Rob,1
Herbay,1
Ghișa,1
Buja,1
Pătruc,1
Galeș,1
Bălcăcean,1
Cheyrouze,1
Buzincu,1
Herdeanu,1
Heitz,1
Coroiu,1
Petolescu,1
Blănaru,1
Biceanu,1
Honciu,1
Hărătău,1
Teiș,1
Vrăjitoru,1
Kanda,1
Porumbeanu,1
Prodana,1
Copîndean,1
Ștefănuță,1
Paliu,1
Q12727253,1
Ticuță,1
Repanovici,1
Dănulescu,1
Boldizsár,1
Cocian,1
Buhăcianu,1
Carpinschi,1
Hamzescu,1
Petroianu,1
Boar,1
Bonciocat,1
Gioancă,1
Golda,1
Ceaușel,1
Țeposu,1
Cristoloveanu,1
Obedeanu,1
Pâcleanu,1
Pacatiuș,1
Brăteanu,1
Buescu,1
Saftu,1
Hubic,1
Niechi,1
Zotea,1
Zilahi,1
Lucuția,1
Mierlescu,1
Roșian,1
Bercescu,1
Țălu,1
Cancino,1
Ciupagea,1
Mehedințeanu,1
Boldur,1
Eretescu,1
Drăgulinescu,1
Stinghe,1
Mănăstireanu,1
Megan,1
Bolcu,1
Ienea,1
Evuțianu,1
Fluieraș,1
Chibelean,1
Coroescu,1
Corpade,1
Bădițoiu,1
Bârză,1
Porav,1
Bucșan,1
Cușuța,1
Boțianu,1
Bociat,1
Truția,1
Donci,1
Doboiu,1
Dumulescu,1
Fântânesc,1
Glava,1
Gropean,1
Hana,1
Jiboteanu,1
Lăzăroi,1
Muntoiu,1
Țăpuș,1
Beniczky,1
Gorunescu,1
Macoveanu,1
Țîbuleac,1
Bursaci,1
Omescu,1
Zuckerman,1
Pantoș,1
Tălăpan,1
Gales,1
Horomnea,1
Mărghidan,1
Cristuțiu,1
Isvoran,1
Bolboacă,1
Zalman,1
Seraficeanu,1
Daradici,1
Baroga,1
Coțofană,1
Giorgescu,1
Dumistrăcel,1
Andrew,1
Pîrnău,1
Chiruță,1
Vâță,1
Buzatoiu,1
Caciulan,1
Chindris,1
Cosofret,1
Cotinghiu,1
Arvanezu,1
Fusea,1
Maxa,1
Cordea,1
Arsu,1
Agheorghiesei,1
Meșter,1
Kardos,1
Tucaliuc,1
Dungu,1
Fontana,1
Q49754675,1
Păuleţ,1
Iancovescu,1
Tanko,1
Hart,1
Mustacă,1
Popișteanu,1
Dușescu,1
Lukácsy,1
Raut,1
Ibitoye,1
Proșan,1
Pieptu,1
Lozniceriu,1
Corciuc,1
Agu,1
Zelei,1
Borța,1
Calmuschi,1
Babei,1
Neicuțescu,1
Curceanu,1
Milincovici,1
Bell,1
Cichi,1
Chirlacopschi,1
Karpelesz,1
Mesina,1
Újhelyi,1
Adeyemi,1
Ghenuche,1
Panici,1
Spandole,1
Grigor,1
Gavîrliță,1
Sorianu,1
Zima,1
Piftor,1
Țenea,1
Rehner,1
Neciu,1
Opruț,1
Dinache,1
Orădean,1
Puiuțiu,1
Seleșan,1
Stupinean,1
Șura,1
Ilioviciu,1
Velțianu,1
Vințan,1
Zârna,1
Zmeu,1
Bușiția,1
Cernău,1
Chidioșan,1
Cipleu,1
Morjan,1
Niculici,1
Echim,1
Bosioc,1
Băisan,1
Stefan,1
Pisu,1
Barău,1
Buiculescu,1
Bădăluță,1
Ghervan,1
Limban,1
Cîrcioban,1
Ciumanghel,1
Burlui,1
Curuțiu,1
Bîru,1
Wolfensohn,1
Horumbă,1
Scutea,1
Bulei,1
Diaby,1
Dobrovolschi,1
Salanță,1
Clătici,1
Pătcaș,1
Kerek,1
Vica,1
Möckel,1
Krafft,1
Iftimi,1
Călărașu,1
Wollmann,1
Medeleni,1
Ciot,1
Cioroianu,1
Itu,1
Fetecău,1
Mălăncuș,1
Cîmpanu,1
Cârpaci,1
Chirvasiu,1
Maga,1
Vinca,1
Dumitrescu,1
Cordescu,1
Pomut,1
Lungulescu,1
Roșescu,1
Milu,1
Berger,1
Jurașcu,1
Forțu,1
Milcu,1
Mălăcescu,1
Zăbavă,1
Budu,1
Mirilă,1
Cocebaș,1
Hăpăianu,1
Hinoveanu,1
Tomuță,1
Lungeanu,1
Gasparik,1
Anita,1
Proteșescu,1
Muselin,1
Vodnar,1
Ersen,1
Amarandi,1
Pui,1
Chioncel,1
Sultana,1
Ruta,1
Radian,1
Biga,1
Sestraș,1
Vizireanu,1
Spătan,1
Floria,1
Ceafălan,1
Dariescu,1
Mernea,1
Stroppa,1
Vulescu,1
Bădinici,1
Jerebie,1
Nováček,1
Szabados,1
Vogel,1
Vinereanu,1
Toiu,1
Șurianu,1
Q20432540,1
Goreanu,1
Sadiq,1
Block,1
Viespe,1
Fuzesy,1
Girbacea,1
Hanganut,1
Motzca,1
Nica,1
Pavalean,1
Rentea,1
Rimbeu,1
Tolomey,1
Turea,1
Rucăreanu,1
Focșan,1
Rădac,1
Bot,1
Curșeu,1
Adina,1
Rosu,1
Predeleanu,1
Gălățeanu,1
Cotăescu,1
Sălcudean,1
Leucuța,1
Rughiniș,1
Krey,1
Donoș,1
Rey,1
Hanes,1
Drobotă,1
Hermenean,1
Q1240440,1
Ferenț,1
Coșeru,1
Götz,1
Frăticiu,1
Herczeg,1
Bălean,1
Airinei,1
Bals,1
Feruță,1
Iloaie,1
Șerbezeanu,1
Lumânare,1
Peta,1
Florica,1
Lita,1
Boaingiu,1
Dorcescu,1
Cazaciuc,1
Curt,1
Dancău,1
Ghiciuc,1
Kiraly,1
Thurzó,1
Fulop,1
Trandafir,1
Maci,1
Voroneanu,1
Barac,1
Rebelu,1
Grez,1
Iorgescu,1
Urda,1
Bălaș,1
Apetrii,1
Nasui,1
Jugulete,1
Alivizache,1
Șorițău,1
Feștilă,1
Bâra,1
Casian,1
Ghiuș,1
Pârlătescu,1
Profire,1
Bodisco,1
Lădescu,1
Vladimirescu,1
Dăscăliuc,1
Pink,1
Crucianu,1
Trenchea,1
Mândrescu,1
Răbâncă,1
Slobodeanu,1
Vărvărucă,1
Pitiș,1
Hrețcanu,1
Chifan,1
Dăneț,1
Predeanu,1
Vlăsceanu,1
Nadiu,1
Căzănescu,1
Vârsan,1
Anisie,1
Boloș,1
Chicu,1
Frânculescu,1
Téglás,1
Hoffman,1
Sfiringu,1
Ravasz,1
Ercsey,1
Merloi,1
Moțățăianu,1
Topală,1
Potara,1
Ungurianu,1
Buzducea,1
Iosif,1
Macaveiu,1
Hordouan,1
Mălinescu,1
Dragalina,1
Elefterescu,1
Borobeică,1
Poroineanu,1
Enculescu,1
Kravtsov,1
Nofitovici,1
Husanu,1
Checheriță,1
Suărășan,1
Avasiloaiei,1
Vertan,1
Ghemeci,1
Stănășilă,1
Ninulescu,1
Lemnete,1
Bărcănescu,1
Păvăloiu,1
Gheldiu,1
Gogonea,1
Țarină,1
Minculete,1
Mierluș,1
Nicorici,1
Marinoiu,1
Turcitu,1
Viorel,1
Crivăț,1
Popițiu,1
Ambrozie,1
Țăndăreanu,1
Neculăescu,1
Morogan,1
Gyözö,1
Lambu,1
Gîrniceanu,1
Mîndruț,1
Vochița,1
Dumitrelea,1
Csergő,1
Szilveszter,1
Hângan,1
Reti,1
Merișanu,1
Iovănesc,1
Dobruțchi,1
Lință,1
Voicilă,1
Trîmbițașu,1
Mustățea,1
Darabană,1
Șpaiuc,1
Golduț,1
Cocoveică,1
Țibucanu,1
Burbulea,1
Lipșa,1
Corobuță,1
Hodoroabă,1
Chifa,1
Braicu,1
Bîrlea,1
Maciuc,1
Salka,1
Anencov,1
Antemir,1
Werner,1
Axenti,1
Boroghină,1
Leoveanu,1
Lóránt,1
Șovea,1
Bîrluțiu,1
Necșulea,1
Apostol,1
Pănoiu,1
Câmpineanu,1
Moruzan,1
Hittler,1
Licareț,1
Dumănescu,1
Ostafi,1
Țibuleac,1
Zvirjinschi,1
Amăistroaie,1
Gheauș,1
Despa,1
Velehorschi,1
Duchampt,1
Fîntînariu,1
Oroian,1
Gugoașă,1
Hreniuc,1
Jica,1
Puțaru,1
Mihale,1
Măgurean,1
Tilișcan,1
Tolcea,1
Iuteș,1
Purcar,1
Holotescu,1
Oana,1
Asăndulesa,1
Varganici,1
Mutter,1
Simulescu,1
Uifălean,1
Delescu,1
Știolică,1
Ciorpac,1
Lupșa,1
Vîșcu,1
Nailescu,1
Nitu,1
Centers,1
Hindrich,1
Demosthene,1
Potârcă,1
Sărac,1
Șimonca,1
Teniță,1
Babuci,1
Vulturar,1
Titorencu,1
Gaidău,1
Horeanu,1
Bruckner,1
Ionuț,1
Gherghina,1
Alexandru,1
Soica,1
Bera,1
Caia,1
Păștin,1
Liteanu,1
Olăreț,1
Cândescu,1
Henry,1
Ciorîță,1
Danielopol,1
Tudorescu,1
Zoican,1
Giubega,1
Vâșcă,1
Pătrușel,1
Budian,1
Bexa,1
Sînpetrean,1
Belean,1
Andrușceac,1
Bendriș,1
Cătăuță,1
Buștihan,1
Carabelea,1
Patrașcu,1
Ruscanu,1
Berbecariu,1
Nahoi,1
Țifui,1
Minică,1
Fîrțală,1
Antochi,1
Aliman,1
Predel,1
Breoi,1
Crîmu,1
Necșuț,1
Cărămizaru,1
Trepăduș,1
Constanda,1
Purcăroiu,1
Bocioacă,1
Toropu,1
Lucanu,1
Lămătic,1
Tǎrnǎuceanu,1
Vâjâitu,1
Petrișan,1
Drăgușan,1
Indrea,1
Cocianu,1
Bălcău,1
Bușneag,1
Căiniceanu,1
Rămneanțu,1
Șeimeanu,1
Gălățan,1
Subțirică,1
Ciomaga,1
Inkpen,1
Fehér,1
Popîrlan,1
Gavriluț,1
Boloșteanu,1
Drîmbe,1
Maitec,1
Indolean,1
Ciortuz,1
Flot,1
Dornescu,1
Şahin,1
Ivașc,1
Tălmaciu,1
Ghițulică,1
Predoi,1
Burdușel,1
Gavrilovici,1
Drogoreanu,1
Bâltâc,1
Zavatin,1
Batariuc,1
Bazarciuc,1
Bolomey,1
Covacef,1
Domăneanțu,1
Hamat,1
Vlasa,1
Tomoaia,1
Tăbîrcă,1
Orbu,1
Megyeri,1
Farcău,1
Kallos,1
Krișan,1
Gull,1
Schiau,1
Dotcoș,1
Mușoaie,1
Iovi,1
Poșa,1
Cândulețiu,1
Maca,1
Curcean,1
Belțic,1
Frîncu,1
Antemie,1
Andrișan,1
Lăzărean,1
Floriștean,1
Reziuc,1
Uhliuc,1
Bocancea,1
Seliștean,1
Gorgan,1
Vășcan,1
Bernáth,1
Mirișan,1
Netejoru,1
Nonea,1
Ghene,1
Vîrtopeanu,1
Ciobâcă,1
Cătinean,1
Fecheci,1
Antohe,1
Vătășescu,1
Brătilă,1
Bărbosu,1
Ceplinschi,1
Petricele,1
Dănila,1
Dărău,1
Ignișca,1
Lucoaie,1
Chereji,1
Șiclovan,1
Crîmpiță,1
Parpală,1
Șucu,1
Buicea,1
Bucălie,1
Lăsconi,1
Bundă,1
Șolot,1
Bucovală,1
Gostar,1
Marinescu-Bîlcu,1
Sâmpetru,1
Cucoș,1
Bîrzescu,1
Medeșan,1
Jacotă,1
Borziac,1
Lica,1
Morintz,1
Vleja,1
Heitel,1
Dumitroaia,1
Gumă,1
Q108404284,1
Starck,1
Vlassa,1
Szentmiklosi,1
Ocheșeanu,1
Mavros,1
Foit,1
Dabîca,1
Wallenstein,1
Paveleț,1
Mototolea,1
Q108416693,1
Arsenie,1
Popilian,1
Trandabăț,1
Dobrilă,1
Diaconașu,1
Hoteteu,1
Ivana,1
Purcea,1
Soreață,1
Strîmbu,1
Necea,1
Slobozeanu,1
Tîrziu,1
Oprișa,1
Stefănescu,1
Murari,1
Iovănuț,1
Mihălceanu,1
Vatriș,1
Brăzdău,1
Goșa,1
Solomencu,1
Nicolcenco,1
Ciauș,1
Ticu,1
Gherghescu,1
Dobranici,1
Gentimir,1
Lăstun,1
Murarașu,1
Brîncă,1
Valisăreanu,1
Vâlcociu,1
Vulcan,1
Dolinschi,1
Litvin,1
Stavilă,1
Suteu,1
Iannescu,1
Apostoliceanu,1
Atanase,1
Riza,1
Dițu,1
Harasim,1
Metaxa,1
Antinescu,1
Borbei,1
Lerca,1
Șerbănică,1
Ducan,1
Mari,1
Bodișteanu,1
Koch,1
Hosu,1
Réti,1
Hălăceanu,1
Birta,1
Nanoveanu,1
Deak,1
Vig,1
Kohler,1
Dobromir,1
Mitoșeriu,1
Airimioaei,1
Drăcea,1
Larion,1
Chioibașu,1
Nicoloiu,1
Boldeiu,1
Biță,1
Melinescu,1
Dădârlat,1
Frîngu,1
Caloian,1
Mada,1
Gușetu,1
Handru,1
Motocu,1
Lencu,1
Cebanu,1
Berbecaru,1
Chelu,1
Nedelcea,1
Mititescu,1
Drug,1
Bacușcă,1
Boris,1
Apostolescu,1
Brecher,1
Doroșencu,1
Bretz,1
Brunchi,1
Volmer,1
Șuș,1
Berindan,1
Botezat,1
Adamiu,1
Căruntu,1
Adochiței,1
Carastoian,1
Gălătuș,1
Rafila,1
Gherca,1
Colniță,1
Băran,1
Viciriuc,1
Moescu,1
Voda,1
Măicăneanu,1
Despescu,1
Blega,1
Tinei,1
Cristofor,1
Budacă,1
Zlibuț,1
Săsăran,1
Sturz,1
Țoța,1
Segheciu,1
Bogoșel,1
Avrămuț,1
Petrița,1
Cicșa,1
Spermezan,1
Tiniș,1
Cifor,1
Forogău,1
Bușcoi,1
Gîrbaci,1
Cocoreanu,1
Bălășanu,1
Asiminicesei,1
Vărvăruc,1
Moruz,1
Coțofrec,1
Ștefanache,1
Dâmboiu,1
Fliundra,1
Grovu,1
Șona,1
Geangoș,1
Micleru,1
Cocioabă,1
Cumpănășoiu,1
Herăscu,1
Ciorîcă,1
Dinculescu,1
Lasca,1
Sas,1
Drancă,1
Feodorov,1
Pătrăuceanu,1
Șlincu,1
Ciubuc,1
Avrămescu,1
Țepeluș,1
Bîrcă,1
Coarnă,1
Băltărețu,1
Coleșa,1
Sărmaș,1
Bola,1
Crușoveanu,1
Porojnicu,1
Dămureanu,1
Muncaciu,1
Miruță,1
Pecingină,1
Ladányi,1
Zakarias,1
Barcari,1
Albișteanu,1
Havârneanu,1
Ivănuță,1
Năcuță,1
Ostaficiuc,1
Jurcoane,1
Raiu,1
Mavrichi,1
Ciolofan,1
Berteșteanu,1
Grancea,1
Cean,1
Simiz,1
Morușciag,1
Dobriță,1
Luță,1
Merișor,1
Zălaru,1
Frecuș,1
Plamadă,1
Măruțescu,1
Fundueanu,1
Merișescu,1
Slavu,1
Luminos,1
Stănculete,1
Enoiu,1
Dragonu,1
Costinel,1
Orădeanu,1
Urzeală,1
Vîrgă,1
Trestianu,1
Ștefanov,1
Bibarț,1
Cojanu,1
Pompilian,1
Gobel,1
Spiridonică,1
Roda,1
Robinson,1
Dumitrel,1
Fotea,1
Beianu,1
Culică,1
Fechet,1
Ivans,1
Bertea,1
Opincariu,1
Jida,1
Gentea,1
Hadad,1
Berehoi,1
Achiriloaei,1
Șteau,1
Rigó,1
Petrușel,1
Reghiș,1
Cambera,1
Zetea,1
Mageriu,1
Albotă,1
Cheșnoiu,1
Axinia,1
Polițeanu,1
Deliorga,1
Șoldan,1
Piper,1
Terente,1
Polak,1
Băcanu,1
Goleac,1
Özmen,1
Marinaș,1
Șchiopoiu,1
Făgărășian,1
Volosatîi,1
Feodor,1
Crîstici,1
Breahnă,1
Cernic,1
Purcărin,1
Darău,1
Toanchină,1
Pufu,1
Cionoiu,1
Giubelan,1
Nemecz,1
Zegrea,1
Lupuleasa,1
Sâmpelean,1
Mihailov,1
Tanțău,1
Togănel,1
Ulmeni,1
Caian,1
Done,1
Berbiuc,1
Ciucureanu,1
Căprărescu,1
Ninciuleanu,1
Demici,1
Văireanu,1
Modrogan,1
Ciulu,1
Bubulică,1
Ciceu,1
Adamov,1
Drumea,1
Mândru,1
Săcuiu,1
Bîtu,1
Bârlă,1
Sărăor,1
Mihailescu,1
Țicheriu,1
Curița,1
Otiman,1
Rof,1
Pohanka,1
Serafin,1
Terteleacă,1
Belci,1
Todosiu,1
Hască,1
Alda,1
Truța,1
Pivariu,1
Bîlcea,1
Ghib,1
Butuza,1
Nap,1
Lumînare,1
Vitan,1
Tufă,1
Jeanu,1
Cealera,1
Urdă,1
Tăras,1
Rákosi,1
Drăgnoi,1
Cantaragiu,1
Iozon,1
Mănăloiu,1
Horincar,1
Parfene,1
Cîrciumaru,1
Cotârleț,1
Mirițoiu,1
Hîrja,1
Mititiuc,1
Sascău,1
Gusbeth,1
Panaghiu,1
Prisadă,1
Tașmoc,1
Lighezan,1
Gădălean,1
Capșa,1
Căprioară,1
Oleniuc,1
Parfeni,1
Sântimbrean,1
Șimșensohn,1
Moroianu,1
Fercheluc,1
Revnic,1
Tătărâm,1
Buzețeanu,1
Wick,1
Precupanu,1
Cismașiu,1
Ciupa,1
Ciulli,1
Andonie,1
Turtoi,1
Zălinescu,1
Gertner,1
Picioroagă,1
Cipu,1
Mărușter,1
Coardoș,1
Gramatovici,1
Păltănea,1
Vântu,1
Pipu,1
Vandici,1
Turiceanu,1
Avădănei,1
Opran,1
Mărgelu,1
Țamboi,1
Guguștea,1
Cocîrlă,1
Bobin,1
Anghelof,1
Cursureanu,1
Bănaru,1
Manolachi,1
Gheonea,1
Țîrcă,1
Jantea,1
Bicheru,1
Goață,1
Deteșan,1
Bîldea,1
Amălinei,1
Jitaru,1
Boișteanu,1
Cușai,1
Apăvăloaie,1
Georoiu,1
Plenovici,1
Madincea,1
Rusoiu,1
Grămăticu,1
Grigorași,1
Armașu,1
Velicescu,1
Hristov,1
Silivestru,1
Oboroceanu,1
Pînzariu,1
Oprișiu,1
Odagiu,1
Nedelciuc,1
Serafinceanu,1
Bedelean,1
Potecă,1
Boancă,1
Mituța,1
Firu,1
Alupei,1
Kuller,1
Ruscan,1
Oprinoiu,1
Zob,1
Viașu,1
Țucărman,1
Trifan,1
Cioromela,1
Bîca,1
Pălărie,1
Laugier,1
Țăpoi,1
Pătraru,1
Teacă,1
Lulu,1
Florică,1
Chisăliță,1
Teleșpan,1
Șopandă,1
Mociu,1
Șeuleanu,1
Adăniloaie,1
Green,1
Ioneț,1
Zagoritis,1
Jecan,1
Năznean,1
Aștilean,1
Beșleagă,1
Tomulescu,1
Ghenescu,1
Dinvale,1
Zapșa,1
Muzgoci,1
Berghe,1
Maticiuc,1
Crețean,1
Leoștean,1
Stămătescu,1
Baraboi,1
Maștaleru,1
Mitre,1
Tinică,1
Boarescu,1
Malaescu,1
Cioca,1
Druică,1
Hafiz,1
Max,1
Blebea,1
Sturm,1
Câciu,1
Vitencu,1
Visner,1
Sabau,1
Trăsnea,1
Nixon,1
McAteer,1
Valentina,1
Poppa,1
Helman,1
Dâncu,1
Popinceanu,1
Grămoșteanu,1
Pârlea,1
Moghior,1
Hodor,1
Ludwig,1
date of birth,1
Pătlăgică,1
Juverdeanu,1
Galis,1
Bob,1
Cărbunaru,1
Ciripan,1
Hariton,1
Papan,1
Malnași,1
Munteniță,1
Hofman,1
Anghelache,1
Elemer,1
Simonov,1
Yegorova,1
Martău,1
Corcionivoschi,1
Arseni,1
Bubulac,1
Curmei,1
Picos,1
Pacioianu,1
Nita,1
Surulescu,1
Ieremia,1
Dembinski,1
Dinculeană,1
Opaschi,1
Dohrmann,1
Ciobotari,1
Bittenbinder,1
Lenke,1
Gîdea,1
Sefer,1
Danzig,1
Bordușanu,1
Jerdea,1
Bulat,1
Uraganu,1
Pora,1
Racovițan,1
Bilciurescu,1
Heisenberg,1
Miulescu,1
Burlănescu,1
Cărăbiș,1
Boruga,1
Mercuț,1
Nicolcescu,1
Melincovici,1
Boșca,1
Șuță,1
Geicu,1
Mălăescu,1
Dițescu,1
Tigae,1
Siminel,1
Șurtea,1
Coneac,1
Vîrtej,1
Sescu,1
Spăriosu,1
Țoni,1
Becescu,1
Blidar,1
Cățean,1
Sterp,1
Andreș,1
Alberts,1
Scrioșteanu,1
Belle,1
Gogor,1
Cănciulescu,1
Secrier,1
Baby,1
Bârtaș,1
Borsodi,1
Măr,1
Mărieș,1
Chesa,1
Dumitrele,1
Biserică,1
Cîrciu,1
Măcrineanu,1
Cioara,1
Sânzâiană,1
Gheban,1
Mercioniu,1
Chircov,1
Marchidan,1
Călbăjos,1
Papazyan,1
Hojda,1
Logigan,1
Dutcă,1
Bânzaru,1
Potârniche,1
Borlea,1
Icriverzi,1
Spârchez,1
Artene,1
Șușu,1
Cosmulescu,1
Cimpoieru,1
Boldișor,1
Racoviceanu,1
Stănciuc,1
Budileanu,1
Brănoiu,1
Capraș,1
Pallag,1
Pîrlog,1
