Andrew,7
Colin,5
Mark,4
Robert,4
Walter,3
Shawn,3
Frank,3
John,3
Michael,3
Leon,3
Richard,3
Charles,3
Anthony,3
Randolph,3
James,3
Aubrey,3
Keith,3
Samuel,3
Andre,2
Carl,2
Edward,2
Clayton,2
Howard,2
Roger,2
Jason,2
George,2
Donald,2
David,2
Ricardo,2
Lloyd,2
Paul,2
Ian,2
Neville,2
Wayne,2
Imran,2
Clyde,2
Clive,2
Stephan,2
Neil,2
Winston,2
Christopher,1
Brandon,1
Niall,1
Basil,1
Taylor,1
Leslie,1
Daniel,1
Vivian,1
Sean,1
Percy,1
Jan,1
Georges,1
Rohan,1
Clement,1
Cy,1
Peter,1
Chris,1
Matthew,1
Raul,1
Norman,1
Nigel,1
Mohamed,1
Prince,1
Wilson,1
Hugh,1
Benedict,1
Forbes,1
Adam,1
Hamilton,1
Gregory,1
Derrick,1
Montague,1
Edmond,1
Arthur,1
Ezekiel,1
Edgar,1
Sam,1
Emery,1
Travis,1
Timur,1
Ryan,1
Rupert,1
Rudy,1
Royston,1
Roy,1
Raymon,1
Raphael,1
Ralph,1
Oswald,1
Moses,1
Milton,1
Martin,1
Mahendra,1
Delroy,1
Kenneth,1
Kelvin,1
Junior,1
Jonathan,1
Joe,1
Jeremy,1
Jamaal,1
Jake,1
Fenton,1
Emerson,1
Dale,1
Malcolm,1
Ovid,1
Cecil,1
Clem,1
Eddie,1
Kevin,1
Emanuel,1
Cyril,1
Desmond,1
Curt,1
Lancelot,1
Oliver,1
Vincent,1
Jordan,1
Jamal,1
Marlon,1
Stephano,1
Julian,1
Byron,1
Devon,1
Marcel,1
Calvin,1
Keon,1
Steven,1
Earl,1
Rahman,1
Geron,1
Jacob,1
Lennox,1
Courtney,1
Elton,1
Denzil,1
Laddie,1
Lawrence,1
Cleveland,1
Ray,1
Carlston,1
Lindsey,1
Stephen,1
Curtis,1
Shaquille,1
Lester,1
Nathan,1
Ronald,1
Ivor,1
Joseph,1
William,1
Oscar,1
