Pierre,6
Jean,5
Pascal,4
Alain,3
Gervais,3
Joseph,3
Joachim,3
David,3
Emmanuel,3
Gabriel,3
Charles,3
Faustin,2
Nestor,2
Juma,2
Jean-Claude,2
Didier,2
Christian,2
Léonce,2
Frédéric,2
Cédric,2
Olivier,2
Antoine,2
André,2
Évariste,2
Michel,2
Édouard,2
Paul,2
Gilbert,2
Prosper,2
Martin,2
Willy,1
Teddy,1
Salvator,1
Gaston,1
Guillaume,1
Aimé,1
Abraham,1
Abbas,1
Adolphe,1
Patrick,1
Jean-Paul,1
Rémi,1
Cyrille,1
Godefroid,1
Noah,1
Baudouin,1
Jeff,1
Hussein,1
Albert,1
Nicholas,1
Edouard,1
Fabrice,1
Zacharie,1
Severin,1
Saido,1
Omar,1
Laurent,1
Karim,1
Jean-Patrick,1
Henri,1
Germain,1
Ezechiel,1
Dieudonné,1
Alphonse,1
Agathon,1
Claude,1
Papa,1
Walter,1
Thérence,1
Mathias,1
Léonard,1
Floribert,1
Fidèle,1
Roger,1
Yves,1
Beni,1
Augustin,1
François,1
Léopold,1
Anatole,1
Albin,1
Valery,1
Sylvestre,1
Vladimir,1
Simon,1
Kassim,1
Melchior,1
Alexis,1
Janvier,1
Jean-Baptiste,1
Adrien,1
Domitien,1
Cyprien,1
Mohammed,1
Aloÿs,1
Gaël,1
Eric,1
Luc,1
Bernard,1
Serge,1
Chancel,1
Bienvenue,1
Gaspard,1
Roland,1
Youssouf,1
Étienne,1
Désiré,1
Deo,1
Kevin,1
Matthieu,1
Éric,1
Jacques,1
