Kuznetsov,10
Ivanov,9
Yegorov,9
Akhmetov,7
Ibraguimov,6
Äliev,6
Aliyev/Aliev/Aliiev,6
Miroshnichenko,5
Tarasov,5
Pavlov,5
Medvedev,4
Korolyov,4
Belyayev,4
Alexandrov,4
Shevchenko,3
Umarov,3
Nazarov,3
Abdraimov,3
Valiyev/Valiev,3
Kozlov,3
Gavrilov/Havrylov,3
Sawitzki,3
Litvinenko,3
Ilyin,3
Nazarbayeva,3
Rudenko,3
Yakovlev,3
Sokolov,3
Vinokurov,2
Kärimov,2
Sheyko,2
Ushakov,2
Osipov,2
Petrov,2
Nikitin,2
Mamonov,2
Koschkin,2
Amrenov,2
Tsoi,2
Qudaybergenov,2
Malyshev,2
Bondarenko,2
Q25380336,2
Sergeyev,2
Asembekov,2
Zuyev,2
Fomichyov,2
Akbarov,2
Q24958353,2
Veselov,2
Baytasov,2
Asanov,2
Andreyev/Andreev,2
Abenov,2
Asanbayev/Asanbaev,2
Fyodorov,2
Mämbetov,2
Mambetov,2
Popov,2
Q24958161,2
Zakharov,2
Sydykov,2
Isachenko,2
Yerofeyev,2
Tscherkassow,2
Abdullayev,2
Makarov,2
Lapina,2
Volkov,2
Aksyonov,2
Kozhakhmetova,2
Shabalin,2
Nesterenko,2
Yemelyanov,2
Sultanov,2
Smirnova,2
Tereshchenko,2
Pushkaryov,2
Romanov,2
Antipov/Antypov,2
Sorokin,2
Shchukin,2
Litvinov/Lytvynov,2
Q24958147,2
Nurdauletov,2
Abdulin,2
Antipin,2
Strelnikov,2
Savchenko,2
Yevseyev,2
Babenko,2
Zhirov,2
Karimov,2
Filimonov,2
Dmitriyev,2
Abramov,2
Shvedov,2
Uzdenov,2
Kazantsev,2
Smirnov,2
Lebedeva,2
Spiridonov,2
Karpenko,2
Nazarenko,2
Jin,2
Dovgun/Dovhun,2
Ivanova,2
Karlova,1
Salpina,1
Foss,1
Zaiko,1
Sarychev,1
Azarov,1
Rakhmonov,1
Astanov,1
Samorodov,1
Bogachyova,1
Alpysbay,1
Tolochko,1
Borová,1
Abitov,1
Yassinskaya,1
Kenenbay,1
Shametko,1
Chubenko,1
Toibazarov,1
Makiyev,1
Bird,1
Saburov,1
Morozov,1
Kadyrov,1
Ilnicki,1
Morozova,1
Prokofyev,1
Kondratiev,1
Zhanissov,1
Vassillchenko,1
Troitskaya,1
Sufashova,1
Shlemov,1
Rakisheva,1
Kurales,1
Kupriyanova,1
Kassenov,1
Issabek,1
Gorbunov,1
Gavrilova,1
Dauranova,1
Chervenko,1
Chernova,1
Bezginov,1
Batchenko,1
Baidek,1
Ardalionova,1
Akzhol,1
Vasilyev,1
Gaikalov,1
Bogdanova,1
Solovyeva,1
Vafin,1
Q4412744,1
Shatsky,1
Pekha,1
Safonov,1
Tursunzhanov,1
Shishkina,1
Obukhov,1
Valiullin,1
Zelentsov,1
Wiesnin,1
Yerzhanov,1
Khokhlova,1
Aldangorova,1
Orekhov,1
Kim,1
Belousov,1
Safin,1
Khalib,1
Litvin,1
Q4317517,1
Grigoryev,1
Alzhanov,1
Rakhimov,1
Omarbaev,1
Sharipova,1
Ulzhabayeva,1
Q47454691,1
Q24958159,1
Q47454744,1
Bykova,1
Gusarov/Husarov,1
Moskalenko,1
Mikheyev,1
Arif,1
Tkachenko,1
Stolyarenko,1
Nikolenko,1
Romanova,1
Linder,1
Nikolayenko,1
Qudaybergen,1
Deniz,1
Akpaev,1
Borisova/Borysova,1
Kurochkin,1
Q24953833,1
Kulakov,1
Maksimov/Maksymov,1
Gaidukov,1
Raykova,1
Pavlyuchenko,1
Turgenev,1
Shestakov,1
Abdrazakov,1
Polovnikov,1
Torlopov,1
Zhukov,1
Q25390805,1
Q4111854,1
Aimbetov,1
Q47454668,1
Ponomarev,1
Mishchuk,1
Safaryan,1
Kurdyumov,1
Bogomolov/Bohomolov,1
Malkov,1
Nassyrova,1
Nasyrova,1
Tscherkassow,1
Yurin,1
Shipulin,1
Shatskikh,1
Shadrin,1
Chuchman,1
Chebotaryov,1
Chaika/Chayka,1
Khromov,1
Ustyugov,1
Tyurin,1
Turenko,1
Torganova,1
Tolstoy,1
Tolokonnikov,1
Timofeyev,1
Tarabrin,1
Stepanenko,1
Sobolev,1
Serov,1
Sergeyeva,1
Samokhvalov,1
Roschina,1
Rodionova,1
Rogov,1
Pospelov,1
Poghossian,1
Petushkov,1
Petukhov,1
Öztürk,1
Novikov,1
Niyazov,1
Nikishov,1
Nikitenko,1
Filippov,1
Q24954748,1
Q4318540,1
Nesterov,1
Nabiyev,1
Musin,1
Markin,1
Malgin,1
Maksimenko,1
Lunev,1
Ektov,1
Letov,1
Koulaguine,1
Kryukov,1
Koshelev,1
Kotov,1
Kostiuk,1
Kostenko,1
Kosarev,1
Korepanov,1
Konkov,1
Komissarov,1
Q24957407,1
Kozhabergenov,1
Kovalyov,1
Kovalenko,1
Klimov/Klymov,1
Kiselyov,1
Kiselgof,1
Kelimbetov,1
Karin,1
Kaminsky,1
Istomin,1
Ismayilova,1
Ilyinsky,1
Ibragimov,1
Zinovyev,1
Zavyalov,1
Q24954395,1
Elbakyan,1
Knyazev,1
Zhälelov,1
Artyomov,1
Pinchuk,1
Suvorov,1
Qanaev,1
Azimov,1
Bäyishev,1
Baishev,1
Q24955588,1
Dunayev,1
Donskoy,1
Dobrynin,1
Q47454605,1
Danilov/Danylov,1
Gubarew,1
Gribanov,1
Golikov,1
Glushko/Hlushko,1
Vologodsky,1
Volgin,1
Vishnyakov,1
Vasilyeva,1
Vaganov,1
Borisov/Borysov,1
Bozhko,1
Bogatyryov,1
Q24955728,1
Asenov,1
Antonov,1
Alexeyev,1
Fisher,1
Q81311070,1
Ağayev,1
Lunin,1
Taku,1
Rebrov,1
Baginsky,1
Sakalov,1
Bogdanov,1
Q25390456,1
Arzamasov,1
Mouraviov,1
Velichko/Velychko,1
Golovko/Holovko,1
Novikova,1
Kolganov,1
Johnson,1
Leonov,1
Fominykh,1
Q21666759,1
Q4318544,1
Q47454620,1
Gadzhiyev,1
Mukhin,1
Kolesnikov/Kolesnykov,1
Borowski,1
Nevzorov,1
Klink,1
Matveyeva,1
Q24953646,1
Govedarica,1
Abdullin,1
Gunn,1
Lewangoalski,1
Burkhanov,1
Sazonov,1
Q65176765,1
Q21127769,1
Yefimov,1
Nikolayev,1
Werner,1
Yevdokimov,1
Akhmetzhanov,1
Platonov,1
Artemyev,1
Bezsonov,1
Isaqov,1
Isakov,1
Belyakov,1
Rabinovich,1
Q25362895,1
Q26172779,1
Storozhenko,1
Q25343249,1
Sytov,1
Gusev,1
Belkin,1
Fokin,1
Kravchenko,1
Q26212911,1
Postnikov,1
Ikhsangaliyev,1
Obraztsov,1
Loginov,1
Grebenščikov,1
Q24957444,1
Korolyova,1
Germanovich,1
Kuzmin,1
Rubtsov,1
Borisenko,1
Mishchenko,1
Dolmatov,1
Q47454669,1
Shiryaev,1
Selezneva,1
Niederhaus,1
Gorman,1
Shafranov,1
Bakayev,1
Abdrakhmanov,1
Savin,1
Polunin,1
Yusupov,1
Dallman,1
Mansurov,1
Grigorenko,1
Birbrayer,1
Melnychenko,1
Q47454274,1
Ponomaryov,1
Boyd,1
Izotov,1
Yevsyukov,1
Yakovenko,1
Volodin,1
Kvochkin,1
Q24953501,1
Polyakov,1
Aydova,1
Kuzin,1
Krech,1
Marchenko,1
Golovkin,1
Kolesnik,1
Irismetov,1
Ding,1
Dychko,1
Parygin,1
Panin,1
Sapunow,1
Semyonov,1
Kudinov,1
Averchenko,1
Vasilchenko/Vasylchenko,1
Fadeyev,1
Ryzhkov,1
Ostapenko,1
Dayneko,1
Cherepanov,1
Q108430080,1
Bajt,1
Abildaev,1
Vladimirov,1
Tkachyov,1
St. Pierre,1
Chebot'ko,1
Golovskoy,1
Q60824569,1
Nabokov,1
Trawin,1
Zubarev,1
Karpov,1
Merkel,1
Engel,1
Vinokourov,1
Antropov,1
Khrustaleva,1
Khokhlov,1
Korshunov,1
Chervyakov,1
Vorontsov,1
Kireyev,1
Gruzdev,1
Lutsenko,1
Poltoranin,1
Hammer,1
Kuchma,1
Zhao,1
Malinin,1
Kirov,1
Werth,1
Yevstigneyev,1
Bondarew,1
Neustädter,1
Loginovsky,1
Mamin,1
Azarova,1
Q47454608,1
Zeits,1
Karpovich/Karpovych,1
Ogorodnikow,1
Blokhin,1
Rodrigues,1
Mashkevitch,1
Rozhkov,1
Yusupova,1
Q4367944,1
Yao,1
Bumagin,1
Sedov,1
Kukushkin,1
Golubev,1
Schabanow,1
Q24958265,1
Koltsov,1
Akhanov,1
Smolnikova,1
Honcharenko/Goncharenko,1
Drozdov,1
Scharipow,1
Dančenko,1
Lewin,1
Knecht,1
Kalinin,1
Potemkin,1
Pepeljajew,1
Miller,1
Vasilenko,1
Alfyorov,1
Zemlyakov,1
Egoshkin,1
Safronov,1
Yeryomin,1
Braun,1
Goloskokov,1
Q24954129,1
Sidorowa,1
Saduakassova,1
Usachyov,1
Tokarev,1
Q18991504,1
Nikiforov,1
Bystrov,1
Levin,1
Balandin,1
Sofyin,1
Galimov,1
Zotov,1
Q24958540,1
Gerasimov,1
Semenov,1
Kurbanov,1
Galeyev,1
Kondratenko,1
Q24953871,1
Prokopenko,1
Isayev/Isaev,1
Chudnovsky,1
Sarybay,1
Naumov,1
Kotlyarov,1
Korobov,1
Yepifanov,1
Rive,1
Kozhatayev,1
Zakharchenko,1
Q24958224,1
Q28664712,1
Omarova,1
Omarov,1
Q47454658,1
Kozhagulov,1
Äkimov,1
Akimov,1
Q47454768,1
Rozhnov,1
Tkach,1
Borovsky,1
Nechayev,1
Akhmedov/Ahmedov,1
Schewzow,1
Q24955591,1
Bortsov,1
Q24954498,1
Ali,1
Ignatenko,1
Zozulya,1
Sidorov,1
Kvasov,1
Vysotsky,1
Abiyev,1
Antsiferov,1
Simonova,1
Lebedew,1
Yurchenko,1
Tkachuk,1
Yeraliyev,1
Richard,1
Lipin,1
Lavrentyev,1
Udalov,1
Q24954097,1
Grochowski,1
Glazunov,1
Vlasov,1
Boldyrev,1
Q24958133,1
Schmidt,1
Moiseyev,1
Shapovalov,1
Boos,1
Murtaza,1
