Ali,24
Emin,21
Nazim,19
Ruslan,16
Fuad,14
Aydın,13
Zaur,12
Samir,12
Aleksandr,12
Ibrahim,11
Farid,11
Eldar,11
Elvin,11
Kamil,10
Murad,10
Rashad,9
Elmar,9
Rasim,9
Emil,8
Mikayıl,8
Arif,8
Vasif,8
Ilgar,8
Səbuhi,7
Vladimir,7
Sergey,7
Rafael,7
Sardar,7
Rustam,7
Ilham,7
Mahmoud,7
Javid,7
Rufat,6
Elçin,6
Nariman,6
Asif,6
Salman,6
Kamran,6
Abbas,6
Tahir,6
Ramiz,6
Ceyhun,6
Rafiq,6
Nadir,6
Malik,5
Şahlar,5
İlkin,5
İbrahim,5
Yaşar,5
Rauf,5
Igor,5
Ramin,5
Farhad,5
Telman,5
Faiq,5
Aydin,5
Polad,4
Kamal,4
Jalal,4
Hasan,4
Azer,4
Roman,4
Aladdin,4
Tural,4
Mustafa,4
Zöhrab,4
Davud,4
Oleg,4
Vugar,4
Yury,4
Alexander,4
Elxan,4
Anatoly,4
Nicat,3
Shamil,3
Royal,3
Elcan,3
Hikmat,3
Boris,3
Aqşin,3
Adil,3
Seymour,3
Rüstam,3
Ramil,3
Maksim,3
Rahim,3
Jamil,3
Timur,3
Dmitri,3
Aslan,3
Vitali,3
Vidadi,3
Tawfik,3
Mahir,3
Toghrul,3
Andrey,3
Heydar,3
Omar,3
Akif,3
Albert,3
Vladislav,3
Anar,2
Bahadur,2
İlqar,2
Oktay,2
Nurlan,2
Samad,2
Orhan,2
Bahman,2
Eduard,2
Arzu,2
Hüseyin,2
Gennady,2
Shahriyar,2
Şahin,2
Gregory,2
Hassan,2
Elshan,2
Elkhan,2
Cahangir,2
Ahad,2
Ismail,2
Elgün,2
Boris,2
Erkin,2
Oleg,2
Osman,2
Mikhail,2
David,2
Abdulla,2
Dmitri,2
Mohammed,2
Dzmitry,2
Novruz,2
Baba,2
Əvəz,2
Ərəstun,2
Enver,2
Hafiz,2
İxtiyar,2
Hamid,2
Nikolai,2
Allahverdi,2
Ənvər,2
Alim,2
Teymur,2
Kenan,2
Magomed,2
Fikret,2
Ziya,2
Mehmet,2
Mubariz,2
Sergej,2
Bakhtiar,2
Tevfik,2
Alexey,2
Isa,2
Hidayat,2
Akram,2
Fakhraddin,2
Şəmsəddin,1
İsmət,1
Gürsel,1
Pervin,1
Asaf,1
Javad,1
Lev,1
Lev,1
Jamshid,1
Yevgeny,1
Amir,1
Patrik,1
Patrick,1
Messaoud,1
Georgiy,1
George,1
Sahil,1
Badri,1
Vladislav,1
Edward,1
Salam,1
Ədalət,1
Nuru,1
Anar,1
Rovshan,1
Rey,1
Nahid,1
Reza,1
Tuğrul,1
İlter,1
Kirill,1
Əsəd,1
Ələddin,1
Əlişir,1
Alibaba,1
Əjdər,1
Ilham,1
Rahman,1
Hashim,1
Vadim,1
Vitaliy,1
Robert,1
Ayyub,1
Charles,1
Vyacheslav,1
Rail,1
Afran,1
Ja'far,1
Asim,1
Marcos,1
Valentin,1
Zakir,1
Yaqub,1
Souleymane,1
Rain,1
Cedric,1
Daniel,1
Roald,1
Aras,1
Sultan,1
Alakbar,1
Maksim,1
Leandro,1
André,1
Ramazan,1
Skender,1
Abdurrahman,1
Vladimir,1
Zelimkhan,1
Uğur,1
Nik,1
Anatoli,1
Pavlo,1
Abdul Majid,1
Həsən,1
Branimir,1
Tofik,1
Aidyn,1
Anatol,1
Muslim,1
Ahmed,1
Andrei,1
Cihan,1
Sharif,1
Velichko,1
Vali,1
Ernani,1
Vugar,1
Mirza,1
Lotfi,1
Hilal,1
İlham,1
Ufuk,1
Denis,1
Sergio,1
Amit,1
Huseyn Garibov,1
Nazakat,1
Niyazi,1
Musvik,1
Nijat,1
Cengiz,1
Kâzım,1
Elmin,1
Jawad,1
Fariz,1
Aghakazim,1
Gustaf,1
Toral,1
Turan,1
Amin,1
Mansum,1
Rza,1
Tarkhan,1
Alikhan,1
Nabi,1
Firuze,1
Vagif,1
Seymour,1
Teymur,1
Gazanfer,1
Habil,1
Marshall,1
Asger,1
Elshad,1
Ivan,1
Imran,1
Aleksandr,1
Oleq,1
Jawed,1
Cavan,1
Abdullayev,1
Fikret,1
Altay,1
Abel,1
Yuri,1
Jaŭhien,1
Rinat,1
Mammad,1
Loren,1
Əzizağa,1
Wissem,1
Valentyn,1
Giorgi,1
Salim,1
Resul,1
Marat,1
Karam,1
Aziz,1
Əhməd,1
Hamid,1
Elnur,1
Zahid,1
Aras,1
Elmir,1
Ata,1
Sabuhi,1
Hrvoje,1
Elin,1
Elhan,1
Xanlar,1
Aziz,1
Azad,1
Anton,1
Aleksandar,1
Akbar,1
Adnan,1
Adalet,1
Dmytro,1
Roman,1
Alan,1
Evans,1
Felix,1
Shukur,1
Petro,1
Anton,1
Nikita,1
Barış,1
Muharrem,1
Mehdi,1
Mark,1
Mahmud,1
Latif,1
Habib,1
Milad,1
Bilal,1
Abid,1
Ömer,1
Fouad,1
Ruben,1
Viktor,1
Bayram,1
Ravi,1
Jamal,1
Leonid,1
