María,79
Rosa,44
Patricia,43
Carmen,36
Ana,33
Maria,33
Claudia,25
Teresa,24
Isabel,24
Cecilia,23
Elizabeth,21
Silvia,19
Mónica,18
Milagros,18
Sandra,18
Diana,17
Rocío,16
Luz,15
Martha,15
Elena,14
Julia,14
Cristina,14
Gloria,14
Liliana,13
Susana,13
Mercedes,13
Lorena,13
Laura,12
Esther,12
Alejandra,12
Fiorella,11
Rosario,11
Carolina,11
Daniela,11
Jessica,11
Adriana,11
Yolanda,11
Sara,11
Mariana,11
Andrea,1
Gabriela,10
Victoria,10
Nancy,10
Gladys,10
Karina,10
Luisa,10
Vanessa,10
Doris,10
Valeria,10
Silvana,10
Juana,10
Delia,9
Leonor,9
Carla,9
Pilar,9
Norma,9
Sonia,9
Katherine,9
Nelly,9
Jenny,9
Mariella,8
Janet,8
Elsa,8
Alicia,8
Paola,8
Angélica,8
Manuela,8
Karla,7
Fabiola,7
Giuliana,7
Violeta,7
Dora,7
Sofía,7
Roxana,7
Ximena,7
Marisol,7
Lourdes,7
Natalia,7
Ruth,7
Graciela,6
Paula,6
Cindy,6
Marina,6
Emma,6
Melissa,6
Ana María,6
Aurora,6
Elvira,6
Hilda,6
Virginia,6
Beatriz,6
Micaela,6
Karen,6
Margot,5
Miriam,5
Verónica,5
Tatiana,5
Alessandra,5
Angie,5
Alexandra,5
Mary,5
Blanca,5
Lucía,5
Gisela,5
Maricela,5
Rita,5
Angela,5
Ingrid,5
Luzmila,5
Olga,5
Katia,5
Magaly,5
Betty,5
Edith,5
Lucila,5
Luciana,5
Francesca,4
Brenda,4
Bertha,4
Eliana,4
Susan,4
Evelyn,4
Raquel,4
Rossana,4
Margarita,4
Irma,4
Clara,4
Consuelo,4
Camila,4
Estefanía,4
Amanda,4
Bárbara,4
Gina,4
Wendy,4
Inés,4
Francisca,4
Esperanza,4
Maritza,4
María Luisa,4
Regina,4
Zoila,4
Cynthia,4
Irene,4
Nicole,4
Tania,1
Clorinda,4
Jimena,4
Judith,4
Fanny,3
Martina,3
Michelle,3
Natali,3
Yessica,3
Shirley,3
Carmela,3
Elisa,3
Ursula,3
Romina,3
Monica,3
María del Carmen,3
Ethel,3
Flavia,3
Karin,3
Daniella,3
Mabel,3
Esmeralda,3
Vivian,3
Johanna,3
Úrsula,3
Amelia,3
Zulema,3
Vania,3
Lidia,3
Aída,3
Ani,3
Estela,3
Mirtha,3
Magdalena,3
Marisa,3
Lucy,3
Flor,3
Dina,3
Susy,3
Rebeca,3
Pierina,3
Pamela,3
Paloma,3
Nidia,3
Miryam,3
María José,3
Del,3
Maribel,3
Magda,3
Magali,3
Josefina,3
Augusta,3
Denise,3
Lida,2
Nieves,2
Flor de María,2
Tamar,2
Isabella,2
Francis,2
Yesenia,2
Lisbeth,2
Jacqueline,2
Guadalupe,2
Grace,2
Mirian,2
Mariela,2
Josefa,2
Matilde,2
Rosalía,2
Nora,2
Lucero,2
Heidy,2
Indira,2
Joanna,2
De,1
Rosana,2
Liz,2
Celia,2
Layla,2
Ariela,2
Gretta,2
Melina,2
Zully,2
Ester,2
Thalía,2
Kelly,2
Elaine,2
Brunella,2
Olinda,2
Sylvia,2
Linda,2
Gianella,2
Anahí,2
Débora,2
Clotilde,2
Jennifer,2
Vicky,2
Priscila,2
Ofelia,2
Myriam,2
Marisela,2
Madeleine,2
Leslie,2
Ann,2
Lady,1
Karol,2
Viviana,2
Giovanna,2
Aurelia,2
Carlota,2
Chiara,2
Catherine,2
Antonieta,2
Antonia,2
Natalie,2
Giselle,2
María Isabel,2
Delfina,2
Noelia,2
Gisella,2
María del Pilar,2
Lupe,2
Denisse,2
Tula,2
Marion,2
Iris,2
Nilda,2
Mayra,2
Trinidad,2
María Teresa,2
Eloísa,2
Kathia,2
Rose,2
Libertad,2
Etna,1
Valeriana,1
Lisetta,1
Sheyla,1
Romi,1
María Mercedes,1
Josseline,1
Kate,1
Estefania,1
Sully,1
Malena,1
Tesoro,1
Sigrid,1
Robertina,1
Celina,1
María Cecilia,1
Sofia,1
Valentina,1
Marilu,1
Myra,1
Carola,1
Nadia,1
Katty,1
Mercedez,1
Jesus,1
Stella,1
Tiffany,1
Ana Beatriz,1
Olivia,1
Paulina,1
Miguelina,1
Ulla,1
Thaisa,1
Lisette,1
Aracely,1
Marilí,1
Julissa,1
Margie,1
Pía,1
Ada,1
Miranda,1
Charo,1
Nathalia,1
Lizbeth,1
María Rosario,1
Alejandrina,1
Jasmín,1
Antonella,1
Loida,1
Madaleine,1
Felícita,1
Alcira,1
Dunia,1
Katherina,1
Zelma,1
Valquiria,1
Aida,1
Gaby,1
Katya,1
Zoraida,1
Karine,1
María de las Mercedes,1
Palmira,1
Vilma,1
Prisca,1
Tamara,1
Giannina,1
Azra,1
Millie,1
Jazmín,1
Arlette,1
Marianne,1
Celeste,1
Maria Ysabel,1
Dolores,1
Fey,1
Yamina,1
Ross,1
Isadora,1
Nélida,1
Benigna,1
Cruz,1
Lucinda,1
Katy,1
Rosmery,1
Estefany,1
Ivett,1
Auristela,1
Jeny,1
Elva,1
Jackeline,1
Mery,1
Betssy,1
Nilza,1
Kira,1
Nereida,1
Yanina,1
Jani,1
Anatolia,1
Catalina,1
Susanne,1
Rosaura,1
Jeri,1
Lilia,1
Digna,1
Yvette,1
Morella,1
Lillian,1
Cyntia,1
Jaqueline,1
Cinthia,1
Rebecca,1
Ermelinda,1
Christina,1
Marianella,1
Valerie,1
Geraldine,1
Milena,1
Stephannie,1
Veruzhka,1
Leslye,1
Zenaida,1
Enrica,1
Florentina,1
Cheryl,1
Ercilia,1
Sarah,1
Manuela Antonia,1
Arianna,1
Anita,1
Yesica,1
Lizzie,1
Elvia,1
Mildred,1
Ernestina,1
Eugenia,1
Nuria,1
Déborah,1
Franca,1
Karime,1
Corinne,1
Mina,1
Los,1
Zoe,1
Bernarda,1
Ivonne,1
Janina,1
Greta,1
Alina,1
Friñé,1
Hayde,1
Fernanda,1
Debora,1
Ines,1
Ilse,1
María del Rosario,1
Jovana,1
Klaudia,1
Jannet,1
Yeni,1
Cayetana,1
María Soledad,1
Dominique,1
Sixto,1
Mirella,1
Hertha,1
Ariana,1
Maxima,1
Theresa,1
Jean,1
Katitza,1
Jackie,1
Kelin,1
Catrina,1
Jacquelyn,1
Marta,1
Lilian,1
Lieneke,1
Ángela,1
Anastasia,1
Lena,1
Emily,1
Concepción,1
Carol,1
Samantha,1
Milka,1
Lydia,1
Marita,1
María Antonieta,1
Amy,1
María Eugenia,1
Steffani,1
Camilla,1
Katarina,1
Amaranta,1
Gilda,1
Daney,1
Jackelin,1
Rina,1
Yamila,1
Noemi,1
Estrella,1
Thamara,1
Edelmira,1
Brígida,1
Albina,1
Keith,1
Alondra,1
Sina,1
Frida,1
Edita,1
Talía,1
Renata,1
Apolonia,1
Erika,1
Danica,1
Marjorie,1
Yvon,1
Sahara,1
Roxanne,1
Rossella,1
Adela,1
Caroll,1
Lily,1
Farah,1
Hortensia,1
Maruja,1
Isabela,1
Faustina,1
Giulia,1
Ana Isabel,1
Kimberly,1
Emilia,1
July,1
Gabriella,1
Lilianne,1
Ella,1
Ena,1
Elba,1
Joaquina,1
Jesús,1
Jeannete,1
Patty,1
Lissette,1
Lacey,1
Leyla,1
Érika,1
Elide,1
Yvonne,1
Melanie,1
Piedad,1
Dilma,1
Eulalia,1
Teddy,1
Susel,1
Sol,1
Enriqueta,1
Eda,1
Connie,1
Hilary,1
Celine,1
Caroline,1
Karméla,1
Bettina,1
Attilia,1
Anneliese,1
Rufina,1
Melba,1
Annie,1
Ana Rosa,1
del Carmen,1
Yraida,1
Amparo,1
Amalia,1
Antonina,1
Anna,1
Carina,1
Ana Elena,1
Alda,1
Bianca,1
Liesel,1
María de Jesús,1
Éliane,1
Chantal,1
Nadine,1
Mia,1
Eva,1
Bruna,1
Katerina,1
Wilma,1
Madeline,1
Deysi,1
Heddy,1
Filomena,1
Lauren,1
Verónika,1
Yoni,1
Angelica,1
Virna,1
Raffaella,1
Rosalba,1
Yaneth,1
Tracy,1
Stephanie,1
Shantall,1
Saskia,1
Sarita,1
Rosita,1
Rocio,1
Gilberte,1
Pascuala,1
María Paz,1
Oriana,1
Olenka,1
Nataniel,1
Morgana,1
Monserrat,1
Milène,1
Midori,1
Melania,1
Josefa María,1
María Jesús,1
Grazia,1
Mariel,1
Mari,1
Mara,1
Lola,1
Lita,1
Lilly,1
Kina,1
Talia,1
Ratera,1
Lastenia,1
Laly,1
Melchora,1
Justa,1
Alexis,1
Yma,1
Keiko,1
merienda,1
Lina,1
Damaris,1
Hilaria,1
Ornella,1
Conchita,1
Justina,1
Izabella,1
Doriana,1
Sabina,1
