"first_name","middle_name","last_name","full_name","gender","origin"
"pierre","paul","grivel","pierre paul grivel","m","zbmath"
"ainslie","","williams","ainslie williams","u","wos"
"akira","","takahashi","akira takahashi","u","wos"
"jie","lun","chiang","jie lun chiang","u","wos"
"katsumi","","abe","katsumi abe","u","wos"
"christian","","philouze","christian philouze","u","wos"
"chi","leung","watt","chi leung watt","u","wos"
"young","","shen","young shen","u","wos"
"chanchal","","gupta","chanchal gupta","u","wos"
"elisha","raju","repalle","elisha raju repalle","u","wos"
"robin","","lemke","robin lemke","u","wos"
"chong","xin","liu","chong xin liu","u","wos"
"jan","eric","grunwald","jan eric grunwald","u","wos"
"terry","","klein","terry klein","u","wos"
"dong","xin","liu","dong xin liu","u","wos"
"jae","soo","koh","jae soo koh","u","wos"
"kelly","","arndt","kelly arndt","u","wos"
"kuo","shun","sun","kuo shun sun","u","wos"
"mitsuru","","sato","mitsuru sato","u","wos"
"cao","ying","yang","cao ying yang","u","wos"
"bi","dong","fang","bi dong fang","u","wos"
"christian","","gilbert","christian gilbert","u","wos"
"michel","","bessodes","michel bessodes","u","wos"
"michel","","kester","michel kester","u","wos"
"akira","","yoneda","akira yoneda","u","wos"
"christian","","pruente","christian pruente","u","wos"
"soeren","","becker","soeren becker","u","wos"
"rosario","","diaz-gonzalez","rosario diaz-gonzalez","u","wos"
"chang","sup","kim","chang sup kim","u","wos"
"kelly","","denkinger","kelly denkinger","u","wos"
"jean","louis","baulieu","jean louis baulieu","u","wos"
"dominique","","huyskens","dominique huyskens","u","wos"
"young","","lee","young lee","u","wos"
"francis","raymond","arkoncel","francis raymond arkoncel","u","wos"
"christian","","woelk","christian woelk","u","wos"
"subrata","","barman","subrata barman","u","wos"
"jin","young","bae","jin young bae","u","wos"
"jae","sin","choi","jae sin choi","u","wos"
"christian","","schnell","christian schnell","u","wos"
"shahin","","zangooie","shahin zangooie","u","wos"
"jamie","","wolf","jamie wolf","u","wos"
"chang","hyeon","joh","chang hyeon joh","u","wos"
"adrian","","tibbs","adrian tibbs","u","wos"
"min","","chung","min chung","u","wos"
"chong","woo","chu","chong woo chu","u","wos"
"lee","","smythe","lee smythe","u","wos"
"lindsey","","gardner","lindsey gardner","u","wos"
"aubrey","","dyer","aubrey dyer","u","wos"
"jin","young","kim","jin young kim","u","wos"
"christian","","brand","christian brand","u","wos"
"michal","","kost'al","michal kost'al","u","wos"
"chang","keun","jo","chang keun jo","u","wos"
"adrian","","baker","adrian baker","u","wos"
"chris","","mulder","chris mulder","u","wos"
"akira","","sugita","akira sugita","u","wos"
"anu","","vaalama","anu vaalama","u","wos"
"gael","","chetelat","gael chetelat","u","wos"
"chang","woon","choi","chang woon choi","u","wos"
"chris","","meijer","chris meijer","u","wos"
"kyung","hwa","han","kyung hwa han","u","wos"
"juergen","","huepkes","juergen huepkes","u","wos"
"juergen","","wollweber","juergen wollweber","u","wos"
"jean","paul","callot","jean paul callot","u","wos"
"chang","su","kim","chang su kim","u","wos"
"jean","jacques","meister","jean jacques meister","u","wos"
"ali","","selim","ali selim","u","wos"
"chang","woo","lee","chang woo lee","u","wos"
"jehee","","lee","jehee lee","u","wos"
"eri","","ejima","eri ejima","u","wos"
"marion","","eisenhut","marion eisenhut","u","wos"
"jean","marie","bonnetblanc","jean marie bonnetblanc","u","wos"
"hong","yeol","kim","hong yeol kim","u","wos"
"lee","wen","huang","lee wen huang","u","wos"
"jaime","","moya","jaime moya","u","wos"
"young","dok","kim","young dok kim","u","wos"
"qi","cai","chen","qi cai chen","u","wos"
"lian","bing","lin","lian bing lin","u","wos"
"makoto","","hanaguri","makoto hanaguri","u","wos"
"christian","","nagel","christian nagel","u","wos"
"noel","","staeren","noel staeren","u","wos"
"michal","","blaha","michal blaha","u","wos"
"kei","ichi","tainaka","kei ichi tainaka","u","wos"
"guo","wen","liu","guo wen liu","u","wos"
"akira","","ishigami","akira ishigami","u","wos"
"dominique","","jacquies","dominique jacquies","u","wos"
"mitsuru","","munakata","mitsuru munakata","u","wos"
"akira","","youkou","akira youkou","u","wos"
"chong","jun","li","chong jun li","u","wos"
"jean","jules","tewa","jean jules tewa","u","wos"
"jean","yves","rauch","jean yves rauch","u","wos"
"michal","","dohnal","michal dohnal","u","wos"
"tracey","","fairweather","tracey fairweather","u","wos"
"kim","","lockhart","kim lockhart","u","wos"
"chung","hyun","cho","chung hyun cho","u","wos"
"jae","","min","jae min","u","wos"
"christian","","wuertele","christian wuertele","u","wos"
"sungmin","","jung","sungmin jung","u","wos"
"elham","","moosavi","elham moosavi","u","wos"
"pier","andrea","de iaco","pier andrea de iaco","u","wos"
"jean","yves","scoazec","jean yves scoazec","u","wos"
"ad","","schreurs","ad schreurs","u","wos"
