María,18
Ana,10
Gabriela,6
Maria,5
Sandra,5
Carmen,5
Thelma,4
Isabel,4
Mayra,4
Marta,4
Andrea,4
Sara,3
Diana,3
Yolanda,3
Claudia,3
Karen,3
Juana,3
Isabella,3
Cynthia,3
Evelyn,3
Daniela,3
Aura,3
Jessica,3
Alejandra,3
Elisa,3
Susana,2
Alicia,2
Paula,2
Virginia,2
Mariana,2
Carolina,2
Jennifer,2
Gloria,2
Coralia,2
Francisca,2
Paulina,2
Josefa,2
Rosa,2
Irma,2
María Teresa,2
Martha,2
Adela,2
Flor,2
Blanca,2
Laura,2
Regina,2
Cecilia,1
Shirley,1
Lorena,1
Valeska,1
Daniella,1
Vicenta,1
Lucía,1
Erika,1
Maria Magdalena,1
Liseth,1
Pamela,1
Karla,1
Bárbara,1
Linda,1
Valentina,1
Beverly,1
Vivian,1
Valeria,1
Abigail,1
Katherine,1
Rosabel,1
Alexia,1
Monica,1
Mercedes,1
Fernanda,1
Dinorah,1
Marcela,1
Dominique,1
Asunción,1
Kimberly,1
Anahi,1
Barbara,1
Olga,1
Eugenia,1
Clara,1
Beatriz,1
Stephany,1
Mariza,1
Nicole,1
Leticia,1
Renata,1
Sofía,1
Carlota,1
Mariela,1
Alida,1
Hellen,1
Odilia,1
Patricia,1
Vania,1
Mildred,1
Lolita,1
Luna,1
Andrea,1
Jazmin,1
Marlin,1
Silvana,1
Melissa,1
Matilde,1
Elsa,1
Marie,1
Valerie,1
Lucrecia,1
Toti,1
María Josefa,1
Christa,1
Irene,1
Rebeca,1
Luisa,1
Marilyn,1
Anna,1
María Mercedes,1
Silvia,1
Esther,1
Maritza,1
Concepción,1
Graciela,1
Maura,1
Magdalena,1
Adriana,1
Dora,1
Celia,1
Joaquina,1
Natalia,1
Cintia,1
Aida,1
Christian,1
Petrona,1
Heidy,1
Ana Luisa,1
Samara,1
Deborah,1
Arabella,1
Iris,1
Rosina,1
Luz,1
Margarita,1
Melanie,1
Teresita,1
Angelina,1
Lucia,1
Peggy,1
Tania,1
Sandy,1
Rita,1
Olinda,1
Mirna,1
Lourdes,1
Wendy,1
Jacqueline,1
Raquel,1
Norma,1
Roxana,1
Gaby,1
Alcina,1
Rigoberta,1
Dália,1
Helen,1
Alaíde,1
Gisela,1
Aída,1
Fabiola,1
Georgina,1
Myrna,1
Cristina,1
Catarina,1
Carol,1
Astrid,1
Ana Sofía,1
Marie-Andrée,1
Ilma,1
Rogelia,1
Otilia,1
Antonieta,1
Rina,1
Rosalina,1
Julia,1
Elizabeth,1
