Ali,60
Joseph,46
Mohammed,45
Michel,35
Ahmad,1
Hassan,30
Antoine,30
Elias,1
Ibrahim,25
Georges,23
Samir,22
Hussein,20
George,19
Fouad,18
Pierre,18
Elie,17
Abdullah,17
Jean,1
Mohammad,16
Salim,16
Raymond,15
Waleed,15
Ziad,14
Adnan,13
Mahmoud,12
Youssef,12
Farid,11
Nabil,11
Abbas,11
Nicolas,11
Ghassan,11
Peter,10
Nadim,9
Omar,9
Philippe,9
Mohamad,9
Marwan,9
Paul,9
Émile,8
Mohamed,8
Tony,8
Charles,8
Camille,7
Henri,7
Fadi,7
Gabriel,7
Adib,6
Roger,6
Jamal,6
Mustafa,6
Sami,61
Ahmed,6
Maurice,6
Joe,6
Khalil,6
Amin,61
Robert,6
Edmond,6
Issam,6
Fares,6
Kamal,6
Khaled,5
Adel,5
Fuad,5
Habib,5
Emile,5
Mounir,5
Simon,5
Rabih,5
Karim,5
Anis,5
Anton,5
Yusuf,5
René,5
Anthony,4
Victor,4
Edward,4
Hanna,4
Patrick,4
William,4
Mehdi,4
Mustapha,4
Ayman,4
Abdul Majid,4
Salah,4
Abdul Latif,4
Tarek,4
Mario,4
Dany,4
Sam,4
Najib,4
Sa'id,4
Selim,4
Mansour,4
John,4
André,4
Shadi,3
Nicola,3
Rony,3
Haytham,3
Nizar,3
Nader,3
Muhammad,3
Bilal,3
Hamza,3
Rami,3
Jalal,3
Jacques,3
Hadi,3
Kamel,3
Ramy,3
Badr,3
Mohsen,3
Alexandre,3
Alain,3
Hisham,3
Jamil,3
Rachid,3
Marcel,3
Ignace,3
Charif,3
Abraham,3
Bachir,3
Michael,3
Mikhail,3
Carlos,3
Moussa,3
Basil,3
Albert,3
Ayad,2
Roy,2
Brahim,2
Ricardo,2
Vahe,2
Yasser,2
Henry,2
Hilal,2
Vahé,2
Ramzi,2
Rodrigue,2
Édouard,2
Serge,2
Romeo,2
Ara,2
Abdallah,2
Adil,2
Wissam,2
Raoul,2
Élie,2
Johnny,2
Hikmat,2
Hector,2
Halim,2
Moses,2
Christian,2
Faïçal,2
Faisal,2
Farah,2
Hani,2
Boutros,2
Atef,2
Malek,2
Abdul Karim,2
Anwar,2
Abd al-Rahim,2
Abd al-Rahman,2
Salih,2
Gregory,2
Jean-Pierre,2
Faiz,2
Étienne,2
Edgar,2
David,2
Claude,2
Riad,1
Alfred,2
Bassam,2
Karl,2
Nassim,2
Zakaria,2
Faouzi,2
Raphaël,2
Pietro,2
Alaa,2
Benjamin,2
Jakob,2
Jakub,2
Roland,2
Auguste,2
Rashid,2
Naim,1
Stefano,2
Stephen,2
Nasser,2
Suleiman,2
Beshara,2
Eddie,1
Berge,1
Ashraf,1
Felix,1
Mike,1
Amir,1
Phillip,1
Gibran,1
Gibril,1
Percy,1
Constantin,1
Manoug,1
Milad,1
Ricardus,1
Antony,1
Abdo,1
Alexis,1
Eddy,1
Nasri,1
Jorge,1
Sultan,1
Sargis,1
Bashshār,1
Sadiq,1
Dominique,1
Raed,1
Bishr,1
Bassim,1
Fadlo,1
Cecil,1
Wael,1
Nazem,1
Mohy al-Din,1
Akram,1
Babken,1
Gerard,1
Ralph,1
Mervan,1
Muhammad Mahdi,1
Assi,1
Theodosius,1
Samuel,1
Brian,1
Bernard,1
Andre,1
Ziyad,1
Talal,1
Sébastien,1
Sleiman,1
Salam,1
Rodolphe,1
Amine,11
Pierrot,1
Noureddine,1
Rayan,1
Maxence,1
Noel,1
Nami,1
Shawqi,1
Bérenger,1
Domenic,1
Salman,1
Nayef,1
Munir,1
Halil,1
Vahan,1
Eduard,1
Yuri,1
Wissem,1
Hasan,1
Saeed,1
Majed,1
Hady,1
farhan,1
Harun,1
Hamad,1
Ray,1
Rene,1
Moustafa,1
Timur,1
Aziz,1
Yahya,1
Rimah,1
Jaber,1
Abdou,1
Bassem,1
Andrew,1
Jean-Louis,1
Javad,1
Ismaïl,1
Hagop,1
Jubrān,1
Gaby,1
Tawfiq,1
Mark,1
Sylvio,1
Hashem,1
Abdul Ghani,1
Abu Bakr,1
Raphael,1
Movses,1
Bruno,1
Leonard,1
Charlie,1
Hossam,1
Tawfik,1
Giles,1
Pascal,1
Wassim,1
Ruhi,1
Khalid,1
Ja'far,1
Asad,1
Niki,1
Luca,1
José,1
Zaher,1
Yves,1
Vardan,1
Tom,1
Süheyl,1
Rudy,1
Isaac,1
Garbis,1
Wafik,1
Mohammad Ali,1
Cesar,1
Samah,1
Jihad,1
Chaim,1
Faruk,1
Husayn,1
Fadel,1
Geraldo,1
Sameer,1
Ahyaf,1
Mohammad-Reza,1
Antwan,1
Youssouf,1
Rabie,1
Alfons,1
Yasin,1
Daniel,1
Marc,1
Jay,1
Nour,1
Nemer,1
Miguel,1
Mardik,1
Marcílio,1
Luís,1
Lucien,1
Lukman,1
Levon,1
Larry,1
Laurent,1
Krikor,1
Khodor,1
Jean-Marie,1
Jean-Claude,1
Jarrid,1
James,1
Bachar,1
Saad,1
Hamed,1
Charbel,1
Hassaan,1
Abdul Sattar,1
Wiliam,1
Sammy,1
Haidar,1
Saud,1
Nadir,1
Zain,1
Umar,1
Mitri,1
Masoud,1
Amr,1
Frederic,1
Gordon,1
Reda,1
Hashim,1
Alfredo,1
Alan,1
Agop,1
Guy,1
Gilberto,1
Gad,1
Sulayman,1
Arif,1
Nassib,1
Daoud,1
Osama,1
Afif,1
Jad,1
Arsenio,1
Myra,1
Mira,1
Toni,1
Sotirios,1
Mussa,1
Christophe,1
Nihad,1
Khaldoun,1
Fathi,1
Edgard,1
Tigran,1
Samy,11
Yassine,1
Burhan,1
Ayoub,1
Assad,1
Muhammad Hasan,1
Agag,1
Chibli,1
Antonio,1
Majid,1
Gregor,1
Safi,1
Georgiy,1
Francis,1
Flaviano,1
Matthew,1
Wayne,1
Pierre-Paul,1
Giuseppe,1
Josef,1
Cyril,1
Jerónimo,1
Tobias,1
Petro,1
Basilio,1
Nasrallah,1
Hamid,1
Reza,1
Agostino,1
Imad,1
Arthur,1
Théodore,1
Ad,1
Nicholas,1
Hüseyin,1
Wadih,1
Abdul Hamid,1
Sa'd al-Din,1
Taqi,1
Rafik,1
Zaven,1
Sari,1
Jacob,1
Jérémie,1
Jeremiasz,1
Elia,1
Nick,1
Ridwan,1
Filip,1
Pavlos,1
Eliyahu,1
Maximos,1
Kassim,1
Saba,1
João,1
Joan,1
Issa,1
Tobia,1
Ignazio,1
Spiridon,1
Grégoire,1
Basile,1
Ayub,1
Augustin,1
Wajdi,1
Freddy,1
Nabih,1
Talaat,1
Maxime,1
Aram,1
Iwan,1
Antun,1
François,1
Jabbour,1
Kirill,1
Jackson,1
