Aaban,0
Aabel,0
Aaden,0
Aadhithya,0
Aadi,0
Aadil,0
Aadit,0
Aaditya,0
Aadriyan,0
Aahaan,0
Aahad,0
Aakanksh,0
Aakash,0
Aalok,0
Aamer,0
Aaran,0
Aarav,3
Aaren,0
Aarin,0
Aariz,0
Aarne,0
Aaron,2683
Aaron-James,0
Aaron-jay,0
Aaron-John,0
Aaron-jordan,0
Aaron-Junior,0
Aaron-lee,0
Aaronn,0
Aarron,0
Aarush,0
Aaryan,0
Aaryn,0
Aaryn-Jack,0
Aashish,0
Aayan,0
Aayansh,0
Aayush,0
Aayushmaan,0
Aban,0
Abban,0
Abbas,0
Abbey,0
Abd,0
Abdaljabbar,0
Abdallah,5
Abdalrhman,0
Abdelghani,0
Abdelkareem,0
Abdellah,0
Abdelmageed,0
Abdel-Malek,0
Abdelrahim,0
Abdelrahman,0
Abd-El-rahmen,0
Abderahman,0
Abdiaziz,0
Abdihakim,0
Abdikhadir,0
Abdimahad,0
Abdirabi,0
Abdirahman,0
Abdishakur,0
Abdoullaye,0
Abdul,4
Abdulallah,0
Abdulazeem,0
Abdulaziz,0
Abdulhameed,0
Abdul-Jamal,0
Abdulla,0
Abdullah,4
Abdullahi,0
Abdulmajeed,0
Abdulmajid,0
Abdulmoez,0
Abdulmumin,0
Abdulqani,0
Abdulrahman,0
Abdul-rahman,0
Abdulrauf,0
Abdulrhman,0
Abdur,0
Abduraheem,0
Abdurahmon,0
Abdurrahman,0
Abdurrhman,0
Abe,0
Abed,0
Abel,33
Abhijot,0
Abhinandan,0
Abhiram,0
Abhyudaya,0
Abimbola,0
Abiona,0
Abir,0
Abraham,3
Abraheim,0
Abram,0
Abu,0
Abudllah,0
Aby,0
Ace,0
Achaleke,0
Acheron,0
Adam,4204
Adamas,0
Adam-Corbin,0
Adamh,0
Adam-Jackson,0
Adam-James,0
Adamnan,0
Adam-Wray,0
Adan,0
Adarsh,0
Adas,4
Adbul,0
Addam,0
Addheen,0
Addi,0
Addis,0
Addison,3
Adebobola,0
Adedamola,0
Adedipupo,0
Adee,0
Adel,0
Adem,0
Ademide,0
Aden,6
Adesola,0
Adetokunboh,0
Adewale,0
Adham,0
Adhamh,0
Adhamhnan,0
Adharv,0
Adhinath,0
Adhran,0
Adhvik,0
Adi,0
Adian,0
Adiel,0
Adil,0
Adin,0
Adinath,0
Adit,0
Adithya,0
Aditya,0
Adiyan,0
Adley,0
Adnan,0
Adomas,0
Adon,0
Adrea,0
Adrian,148
Adrianas,0
Adriano,0
Adrians,0
Adriel,0
Adrijanas,0
Adrijus,0
Advait,0
Advay,0
Adyson,0
Aebel,0
Aed,0
Aedan,37
Aedh,0
Aedhaghan,0
Aedhan,0
Aedyn,0
Aeneas,0
Aengus,0
Aeron,0
Aerys,0
Affan,0
Afonso,0
Agam,0
Ahab,0
Aharon,0
Aharshi,0
Ahead,0
Ahmad,5
Ahmed,28
Ahnas,0
Ahsan,0
Ahyan,0
Aian,0
Aibel,0
Aibhen,0
Aibhne,0
Aidan,1016
Aidanas,0
Aidan-Lee,0
Aidaras,0
Aidas,0
Aiden,143
Aiden-caius,0
Aiden-John,0
Aidon,0
Aidyn,0
Aiham,0
Ailbe,0
Ailbhe,0
Ailfi,0
Ailill,0
Ailin,0
Aiman,0
Aimhirgin,0
Aimon,0
Aimuavbosa,0
Ainaras,0
Ainardas,0
Aindriu,0
Ainius,0
Ainle,0
Ainoras,0
Ainsley,0
Aiodhan,0
Aiofen,0
Airanas,0
Airidas,0
Airiz,0
Aironas,3
Aistis,0
Aithin,0
Aivaras,3
Aivars,0
Aivinas,0
Aivis,0
Aj,16
Ajai,0
Ajay,11
A-jay,0
Ajibola,0
Ajus,0
Akachukwu,0
Akand,0
Akaolisa,0
Akash,0
Akhil,0
Akim,0
Akindele,0
Akinfolarin,0
Akinola,0
Akio,0
Akira,0
Akom,0
Akos,0
Akram,0
Aksel,0
Aksels,0
Akshant,0
Akshat,0
Akshay,0
Alain,0
Al-Ameen,0
Alamin,0
Al-amin,0
Alan,281
Alanas,0
Alan-james,0
Alans,0
Alantas,0
Alasdair,3
Alashar,0
Alastair,27
Alastar,0
Albara,0
Albert,20
Alberto,0
Albi,0
Albie,9
Albin,0
Alby,0
Aldas,0
Alden,0
Aldo,0
Aldrich,0
Ale,0
Alec,27
Alec-James,0
Aled,0
Aleix,0
Alejandro,0
Alek,0
Aleks,0
Aleksander,25
Aleksandr,0
Aleksandras,0
Aleksandrs,0
Aleksas,0
Aleksejs,0
Aleksi,0
Aleksis,0
Alekss,0
Aleksy,0
Alen,0
Alens,0
Aleph,0
Alesio,0
Alessandro,0
Alessio,0
Alex,1023
Alexandar,0
Alexander,1238
Alexandr,0
Alexandre,3
Alexandrio,0
Alexandro,0
Alexandros,0
Alexandru,0
Alexio,0
Alexis,0
Alex-James,0
Alex-Lee,0
Alexs,0
Alexsander,0
Alexsandro,0
Alexzander,0
Alfi,0
Alfie,1123
Alfie-Jack,0
Alfie-james,0
Alfie-jay,0
Alfie-Leigh,0
Alfin,0
Alfred,23
Alfredo,0
Alfy,0
Algirdas,0
Algis,0
Alhakam,0
Ali,34
Alick,0
Alin,0
Alistair,45
Alistair-James,0
Alister,3
Alix,0
Aljon,0
Allan,6
Allastair,0
Alle,0
Allen,0
Allex,0
Allie,0
Allistair,0
Allister,6
Ally,0
Almanzo,0
Almustapha,0
Al-Mutasem,0
Aln,0
Alonse,0
Alonso,0
Alore,0
Aloysius,0
Alphie,0
Alphin,0
Alphonse,0
Alphonsus,0
Alphy,0
Alroy,0
Altan,0
Altay,0
Alvin,6
Alvio,0
Alvyn,0
Alwin,0
Alwyn,0
Alwynn,0
Alyd,0
Alymer,0
Amal,0
Aman,0
Amanth,0
Amar,0
Amara,0
Amari,0
Ambrose,0
Ameer,0
Americo,0
Amerjeet,0
Amhairghin,0
Amhran,0
Ami,0
Amid,0
Aminali,0
Amine,0
Amir,3
Amirul,0
Amit,0
Amjad,0
Ammar,0
Ammon,0
Amorino,0
Amos,0
Amr,0
Amreek,0
Amudhan,0
An,0
Anakin,0
Anal,0
Anan,0
Anantha,0
Anare,0
Anas,0
Anass,0
Anay,0
Ande,0
Andee,0
Anders,0
Anderson,0
Andras,0
Andre,14
Andrea,0
Andreas,0
Andree,0
Andrei,0
Andreiuz,0
Andrej,0
Andrejs,0
Andres,0
Andrew,1895
Andrew-Craig,0
Andrew-Elliot,0
Andrew-Jay,0
Andries,0
Andrius,0
Andriy,0
Andrzej,0
Andy,11
Andy-james,0
Andzejs,0
Aneesh,0
Aneirin,0
Aneish,0
Aneurin,0
Angel,0
Angelino,0
Angello,0
Angelo,4
Angus,93
Anier,0
Aniketh,0
Aniran,0
Anis,0
Anish,0
Anjolajesu,0
Anjum,0
Ankit,0
Anmol,0
Annas,0
Annraoi,0
Anns,0
Anntoin,0
Anooj,0
Anrai,0
Anraoi,0
Ans,0
Anshul,0
Anshuman,0
Anson,0
Antain,0
Antaine,0
Antanas,0
Anthony,531
Anthony-James,0
Anthony-John,0
Anthony-Joseph,0
Anthony-Reece,0
Anto,0
Antoin,31
Antoine,0
Anton,107
Antoni,55
Antonijus,0
Antonio,21
Antonios,0
Antons,0
Antony,9
Antxon,0
Anugy,0
Anush,0
Anwar,0
Anwer,0
Anwin,0
Aoab,0
Aoaye,0
Aodan,14
Aodghan,0
Aodh,7
Aodhan,630
Aodhan-James,0
Aodhan-Patrick,0
Aodhan-Paul,0
Aodhdrian,0
Aodhfin,0
Aodhfionn,0
Aodhon,0
Aodhtan,0
Aogan,0
Aohdain,0
Aoidhan,0
Aoise,0
Aonghus,0
Aoran,0
Apollo,0
Apostolos,0
Aprilio,0
Arad,0
Arainn,0
Aram,0
Aran,11
Arann,0
Aras,0
Arash,0
Arav,0
Arberi,0
Archer,4
Archibald,3
Archie,405
Archiebald,0
Arda,0
Ardal,0
Ardan,3
Arden,0
Ardghal,0
Ardhan,0
Ardon,0
Areli-Laurent,0
Aren,0
Arentas,0
Ares,0
Aretas,0
Argyll,0
Arham,0
Arhan,0
Ari,0
Arian,0
Arianas,0
Aric,0
Arie,0
Ariel,0
Arien,0
Arif,0
Arigon,0
Arihaan,0
Arihant,0
Arijus,3
Arik,0
Ariko,0
Arim,0
Arin,0
Aringas,0
Arinze,0
Arion,0
Aris,0
Arisht,0
Aristotle,0
Arius,0
Arjay,0
Arjen,0
Arjun,3
Arkadiusz,0
Arken,0
Arkodev,0
Arlan,0
Arlen,0
Arleo,0
Arley,0
Arlin,0
Arlo,40
Armaan,0
Arman,0
Armandas,10
Armando,0
Armando-Juzef,0
Armani,0
Armin,3
Arminas,0
Armindo,0
Armon,0
Armour,0
Armour-John,0
Arn,0
Arnas,10
Arnaud,0
Arnav,0
Arne,0
Arnie,0
Arnilove,0
Arnold,0
Arnon,0
Arohan,0
Aron,33
Aronas,10
Aronn,0
Arran,11
Arren,0
Arron,7
Arryn,0
Arseniy,0
Arshdeep,0
Art,0
Artaun,0
Artem,0
Artemy,0
Arthur,178
Arthur-Jack,0
Artie,0
Artiom,0
Artjems,0
Artjom,0
Artjoms,0
Artur,6
Arturas,0
Arturo,0
Arturs,0
Arty,0
Arun,0
Arunas,0
Arvil,0
Arvin,0
Arvinas,0
Arvo,0
Arvydas,0
Arya,0
Aryan,3
Aryav,0
Aryn,0
Arynn,0
Asa,0
Asan,0
Asante,0
Ascend,0
Aseel,0
Aseem,0
Asef,0
Asen,0
Aseri,0
Ash,0
Ashaar,0
Ashden,0
Ashdon,0
Asher,12
Ashercano,0
Ashish,0
Ashkan,0
Ashlea,0
Ashlee,0
Ashley,66
Ashley-James,0
Ashlin,0
Ashon,0
Ashrafull,0
Ashtin,0
Ashton,213
Ashton-Jack,0
Ashton-lee,0
Ashton-Luke,0
Ashtyn,0
Ashvin,0
Ashwin,0
Asif,0
Askhan,0
Aslan,0
Aspen,0
Assad-Ullah,0
Aston,18
Astonas,0
Aswin,0
Ata,0
Atas,0
Atef,0
Athansios,0
Atharva,0
Athen,0
Ather,0
Atlantis,0
Atticus,0
Attila,0
Aubai,0
Aubaida,0
Aubin,0
Aubrey,0
Audrius,0
Aughani,0
August,0
Augustas,0
Auguste,0
Augustine,0
Augustus,0
Auley,0
Aureli,0
Aurick,0
Aurimas,0
Auris,0
Auron,0
Aurrel,0
Aurum,0
Auryn,0
Austen,0
Austin,142
Austinas,0
Austyn,0
Austyn-Reed,0
Auxilio,0
Avan,0
Avant,0
Avery,3
Avi,0
Avi-Louie,0
Avinash,0
Avry,0
Avtar,0
Awab,0
Awley,0
Axel,0
Axl,0
Axyl,0
Axyl-johan,0
Ayaan,0
Ayabonga,0
Ayan,0
Ayaz,0
Aydan,0
Aydeen,0
Ayden,5
Aydin,0
Aydn,0
Ayhan,0
Ayhem,0
Ayman,0
Aymen,0
Aymeric,0
Ayodamola,0
Ayodamope,0
Ayodeji,0
Ayomikun,0
Ayon,0
Ayooluwanimi,0
Ayoub,0
Ayrton,0
Ayub,0
Ayuob,0
Ayush,0
Ayyaman,0
Ayyan,0
Azaan,0
Azad,0
Azan,0
Azar,0
Azerson,0
Aziz,0
Azizul,0
Azlan,0
Azobair,0
Azuolas,0
Azur,0
Babar,0
Babatetisimi,0
Bai,0
Baile,0
Bailee,0
Bailey,374
Bailey-clinton,0
Bailey-Jay,0
Bailey-John,0
Bailey-Lee,0
Bailie,39
Bailleigh,0
Baillie,0
Baily,0
Bain,0
Bairre,0
Baker,0
Bakri,0
Baley,0
Baltazarus,0
Banain,0
Baptiste,0
Bara,0
Baraka,0
Baran,0
Barclay,0
Bardia,0
Baris,0
Barkley,0
Barley,0
Barnabas,0
Barnaby,0
Barney,9
Barra,41
Barragh,0
Barrai,0
Barra-Patrick,0
Barrie,0
Barry,177
Barry-Lee,0
Bartek,0
Bartholomew,0
Bartley,0
Bartlomiej,0
Bartosz,24
Bashir,0
Basil,0
Bauer,0
Baxter,0
Bay,0
Baylee,0
Bayley,0
Bayliss,0
Bazyli,0
Bear,0
Bearchan,0
Bearnard,0
Beau,27
Beauden,0
Beau-Ryan,0
Beaux,0
Bebhinn,0
Beck,0
Beckett,0
Behshad,0
Beineon,0
Belal,0
Ben,2584
Benaiah,0
Benas,19
Bence,0
Bendigaid,0
Benedek,0
Benedict,9
Benedikt,0
Benediktas,0
Benen,0
Benett,0
Beniamin,0
Benignus,0
Benito,0
Benjamen,0
Benjamin,1512
Benjemin,0
Benji,0
Benji-Beau,0
Ben-Judah,0
Ben-Kai,0
Ben-Lee,0
Benn,12
Bennet,0
Bennett,0
Benny,0
Benoit,0
Benon,0
Bensen,0
Benson,0
Bentley,34
Bentley-mason,0
Bently,0
Benton,0
Beoan,0
Beon,0
Beppe,0
Bernard,69
Bernardo,0
Bernie,0
Bertie,3
Bertram,0
Berty,0
Bevan,0
Bhargav,0
Bhuvan,0
Bhuvanesh,0
Bi,0
Bilaal,0
Bilal,0
Biljo,0
Bill,0
Bill-Cameron,0
Billy,133
Billy-george,0
Billy-Jake,0
Billy-jean,0
Billyjoe,0
Billy-Joe,0
Billy-oscar,0
Bimurto,0
Binto,0
Bishwa,0
Bismarck,0
Biveshmurari,0
Bjanas,0
Bjorn,3
Bjorni,0
Blade,0
Bladen,0
Blain,4
Blaine,54
Blainey,0
Blair,19
Blaise,0
Blaize,0
Blake,430
Blake-Dereck,0
Blakein-Lee,0
Blakeley,0
Blakely,0
Blake-Paul,0
Blane,0
Blaydon,0
Blayke-Noah,0
Blayne,0
Blayney,0
Blayr,0
Blaze,0
Blazej,0
Blessed,0
Bliain,0
Bo,0
Boan,0
Boaz,0
Bob,0
Bobbe,0
Bobbi,0
Bobbie,4
Bobbi-Jo,0
Bobby,439
Bobby-Dee,0
Bobby-Gee,0
Bobby-Jack,0
Bobby-James,0
Bobby-Jay,0
Bobby-Joe,0
Bobby-John,0
Bobby-Lee,0
Bobby-ray,0
Bobby-Shea,0
Bobby-Todd,0
Bobeh,0
Bobin,0
Bode,0
Bodee,0
Boden,0
Bodhi,3
Bodhisattva,0
Bodi,0
Bodie,0
Boen-rua,0
Bogdan,0
Bogomil,0
Boguslaw,0
Bok,0
Bolivar,0
Boluwaji,0
Boluwatife,0
Bonamor,0
Bonaventura,0
Bonzinyah,0
Borenyi,0
Boris,3
Borys,6
Bosco,0
Boston,3
Botond,0
Bowe,0
Bowei,0
Bowen,0
Bowie,3
Boxu,0
Boyce,0
Boyd,0
Boye,0
Boyne,0
Bracken,0
Brackyn,0
Brad,48
Bradain,0
Bradan,12
Bradden,0
Braden,6
Bradey,0
Bradford,0
Bradlee,3
Bradley,515
Bradley-Jay,0
Bradly,0
Brady,11
Bradyn,0
Braedan,0
Braeden,5
Braedon,0
Braian,0
Braidai,0
Braidan,0
Braiden,0
Braidyn,0
Braidyn-Lee,0
Braijens,0
Brajan,0
Brajanas,0
Braklee,0
Bram,0
Branan,0
Branann,0
Brandan,6
Brandan-Lee,0
Branddon-Lee,0
Branden,0
Brandon,576
Brandon-Lee,5
Brandonn,0
Brandon-paul,0
Brandyn,0
Brann,0
Brannan,0
Brannon,0
Branon,0
Branson,0
Braodhan,0
Braonain,0
Braonan,0
Brax,0
Braxson,0
Braxton,13
Bray,0
Brayan,0
Brayden,11
Brayden-John,0
Braydon,0
Braylin,0
Breagh,0
Breanainne,0
Breandain,0
Breandan,20
Breanden,0
Breaninn,0
Breannain,0
Breannan,0
Breaslan,0
Breccan,0
Breen,0
Breffni,0
Breifne,0
Brenainn,0
Brenan,0
Brendan,380
Brendan-Joseph,0
Brendan-Lee,0
Brenden,0
Brendon,0
Brenn,0
Brennan,0
Brenner,0
Brennin,0
Brenog,0
Brent,4
Brenton,0
Bret,0
Brett,37
Bretton,0
Breyden,0
Briain,0
Brian,397
Brian-James,0
Brian-Paul,0
Brian-Stephen,0
Brice,0
Brion,0
Brisay,0
Brocan,0
Broccan,0
Brock,0
Brodee,0
Brodey,0
Brodi,0
Brodie,124
Brodie-James,0
Brodie-lee,0
Brody,187
Brody-Jay,0
Broegan,0
Brogain,0
Brogan,93
Broghan,0
Broklyn-Lee,0
Brolyn,0
Bronan,0
Bronson,0
Brook,0
Brooke,0
Brookes,0
Brooklyn,131
Brooklyn-Lee,0
Brooks,0
Brosnan,0
Bruce,9
Bruno,3
Bryan,77
Bryant,0
Bryce,7
Brylee,0
Bryn,22
Brynfor,0
Bryson,3
Bryton,0
Buadan,0
Buddy,0
Bukata,0
Bunyamin,0
Buoydae,0
Burak,0
Burhan,0
Buster,0
Byrn,0
Byron,10
Cabena,0
Cabhan,6
Cadain,8
Cadan,23
Cade,0
Cadel,0
Cadell,0
Caden,98
Cadence,0
Cadhan,16
Cadhen,0
Cadhla,0
Cadmean,0
Cadogan,0
Cadyen,0
Cadyn,0
Caedan,10
Caedaoin,0
Caeden,0
Caedin,0
Caedon,0
Caedryn,0
Caedyn,0
Cael,13
Caelainn,0
Caelam,0
Caelan,122
Caelean,0
Caeleb,0
Caelem,0
Caelen,0
Caelhafiz,0
Caelian,0
Caelim,0
Caelin,0
Caellach,0
Caellum,0
Caeloin,0
Caelon,0
Caelum,6
Caelyn,0
Caemgen,0
Caeolan,0
Caetano,0
Cagdas,0
Cahain,0
Cahair,0
Cahal,40
Cahan,11
Cahar,0
Cahil,0
Cahir,281
Cahoair,0
Cai,17
Caian,0
Caid,0
Caidan,37
Caide,0
Caiden,218
Caiden-Jay,0
Caidhain,0
Caidhan,0
Caidin,3
Caidon,0
Caidyn,0
Caie,0
Caihar,0
Cailaim,0
Cailain,0
Cailam,0
Cailamh,0
Cailan,0
Cailean,27
Caileb,0
Cailen,0
Cailian,0
Cailim,0
Cailin,0
Cailium,0
Caillen,0
Caillin,0
Caillum,0
Cailon,0
Cailte,0
Cailum,16
Cailym,0
Caimin,0
Cain,145
Cainan,0
Caine,0
Cainn,0
Cainnech,0
Caio,0
Caiolan,0
Caiolin,0
Caiomhan,0
Caiomhin,0
Caionn,0
Cairan,0
Cairbre,0
Cairns,0
Cairo,0
Cairon,0
Caisan,0
Caislin,0
Caison,0
Caithin,0
Caius,0
Cal,40
Calaeb,0
Calam,0
Calan,0
Calden,0
Cale,0
Calean,0
Caleb,936
Calebh,0
Calem,0
Calen,0
Caleum,0
Caley,0
Calhim,0
Calian,0
Calidore,0
Califf,0
Calin,0
Calisto,0
Calium,0
Calladan,0
Callagh,0
Callaghan,0
Callam,0
Callan,60
Callann,0
Callaum,0
Callen,0
Calli,0
Callib,0
Callin,0
Calliste,0
Callistus,0
Callium,0
Callub,0
Callum,2233
Callum-James,0
Callum-Junior,0
Callum-Lee,0
Callum-patrick,0
Callum-Rae,0
Callum-Tyler,0
Calon,0
Calub,0
Calum,653
Calumn,0
Calvay,0
Calvin,284
Calvin-jacob,0
Calvyn,0
Calyb,0
Calym,0
Calyn,0
Camaron,0
Cambell,0
Camden,0
Cameron,1223
Cameron-Lee,0
Cameryn,0
Camillus,0
Campbell,3
Camrin,0
Camron,0
Camryn,0
Camryn-Lee,0
Can,0
Canaan,0
Caner,0
Canice,3
Caobhin,0
Caodain,0
Caodan,0
Caodhan,59
Caodhin,0
Caoelain,0
Caogain,0
Caogan,0
Caohlin,0
Caoidain,0
Caoidan-Joseph,0
Caoidhan-Jack,0
Caoihmin,0
Caoilan,0
Caoilean,0
Caoileann,0
Caoilfhionn,0
Caoilim,0
Caoilin,0
Caoilinn,0
Caoillfhionn,0
Caoilshionn,0
Caoilte,10
Caoilum,0
Caoimhain,0
Caoimhan,0
Caoimhe,0
Caoimhghin,0
Caoimhian,0
Caoimhin,385
Caoimhinn,0
Caoimhlin,0
Caoimlin,0
Caoinhin,0
Caol,0
Caolain,3
Caolainn,0
Caolam,0
Caolan,1333
Caolan-Jo,0
Caolann,0
Caolem,0
Caolen,0
Caoliam,0
Caolian,0
Caolim,0
Caolin,17
Caolinn,0
Caollin,0
Caolom,0
Caolon,0
Caolum,0
Caomh,0
Caomhan,62
Caomhann,0
Caomhin,0
Caomihin,0
Caorlan,0
Caothan,0
Cardell,0
Carey,0
Carl,111
Carless,0
Carleton,0
Carlin,0
Carlisle,0
Carlito,0
Carllo,0
Carlo,6
Carlos,3
Carlow,0
Carlton,0
Carmelo,0
Carmine,0
Carraig,3
Carrick,0
Carrig,0
Carrington,0
Carsen,0
Carson,228
Carson-james,0
Carson-john,0
Carson-lee,0
Cartar,0
Carter,675
Carter-James,0
Carter-Jay,0
Carter-Kai,0
Carter-Lee,0
Carter-Maison,0
Carthach,0
Carthan,0
Cartland,0
Carwyn,0
Cas,0
Casen,0
Casey,99
Casey-Lee,0
Casey-Ray,0
Cash,0
Cashel,0
Casin,0
Cason,0
Caspar,0
Casper,3
Caspian,0
Cassan,0
Cassey,0
Cassidy,0
Cassius,0
Cassius-James,0
Castiel,0
Castro,0
Catalin,0
Catha,0
Cathail,0
Cathain,3
Cathaior,0
Cathair,120
Cathal,447
Cathan,39
Cathaoir,75
Cathasaigh,0
Cathir,0
Caua,0
Cauan,0
Causantin,0
Cava,0
Cavan,0
Cavani,0
Cavien,0
Cavin,0
Caydan,0
Cayden,114
Caydin,0
Caydn,0
Caydon,0
Caylem,0
Caylin,0
Cayne,0
Cayson,0
Cead,0
Ceadach,0
Ceadan,0
Ceaden,0
Ceadhan,0
Ceairnan,0
Cealan,0
Cealef,0
Ceallach,0
Ceallachain,0
Cealum,0
Cealyn,0
Cealyne,0
Ceannas,0
Cearnach,0
Cebrail,0
Cecil,0
Cecil-Joseph,0
Cedric,0
Ceejay,0
Cee-Jay,0
Ceilan,0
Ceilum,0
Cein,3
Ceiran,0
Cejay,0
Ce-jay,0
Celdino,0
Ceohan,0
Ceolan,0
Ceollum,0
Ceran,0
Cesar,0
Cesc,0
Cezary,0
Chace,0
Chad,15
Chaeremon,0
Chailym,0
Chaiolfhionn,0
Chance,0
Chandler,0
Chang,0
Channon,0
Chao-Wei,0
Charles,480
Charles-Johnston,0
Charles-Vincent,0
Charley,40
Charley-Lee,0
Charli,0
Charlie,2401
Charlie-Dee,0
Charlie-Iain,0
Charlie-Jacob,0
Charlie-Jai,0
Charlie-james,0
Charlie-Joe,0
Charlie-John,0
Charlton,0
Charly,3
Chase,7
Chaveze,0
Chax,0
Chay,0
Chayce,0
Che,126
Chea,0
Che-brian,0
Chee,0
Chei,0
Chen,0
Chen-An,0
Cheng,0
Chenyi,0
Chen-yi,0
Che-Ryan,0
Chesney,0
Chester,0
Chetachukwu,0
Chetan,0
Cheuk,0
Cheyne,0
Chi,0
Chidiebere,0
Chidubem,0
Chi-Fung,0
Chika,0
Chili,0
Chilosia,0
Chimaobi,0
Chi-Ming,0
Chimnonso,0
Chin,0
Chinasa,0
Chinedum,0
Ching,0
Chipundu,0
Chormaic,0
Chris,23
Chriskevin,0
Chrisopher,0
Chrissy-lee,0
Christen,0
Christiaan,0
Christian,272
Christian-james,0
Christiano,0
Christie,3
Christien,0
Christin,0
Christo,0
Christofer,0
Christophe,0
Christopher,1710
Christopher-James,0
Christopher-John,0
Christopher-Lee,0
Christopher-Mart,0
Christopher-Ryan,0
Christophoros,0
Christos,0
Christy,29
Chrystian,0
Chukelu,0
Chukwudumebi,0
Chukwuemeka,0
Chukwumela,0
Chukwuzitalu,0
Chulainn,0
Chu-Ming,0
Chun,0
Chung,0
Chunmay,0
Chun-On,0
Chun-Tim,0
Chun-yin,0
Ciabhan,0
Ciadan,0
Ciagan,0
Cialan,0
Cialim,0
Cialin,0
Ciall,0
Ciamin,0
Cian,523
Cianain,0
Cianan,21
Cian-Daire,0
Cian-eoin,0
Cianian,0
Cianin,0
Ciannan,0
Ciar,0
Ciarain,0
Ciaran,1305
Ciaranin,0
Ciaran-Joseph,0
Ciaran-Joshua,0
Ciaranog,0
Ciaran-Og,0
Ciarnan,16
Ciaron,12
Ciaron-Og,0
Ciarstan,0
Ciefer,0
Ciel,0
Cieran,0
Cieron,0
Cilian,0
Cillein,0
Cillen,0
Cillene,0
Cillian,661
Cillin,0
Ciobhan,0
Ciomhan,0
Cion,0
Cioran,0
Cj,0
Cjay,0
C-jay,0
Claodhan,0
Clarence,0
Clark,14
Clarke,32
Clarkson,0
Claude,0
Claudio,0
Claytan,0
Clayton,3
Claytonben,0
Cleber,0
Clement,0
Clepson,0
Cleveland,0
Clifford,3
Clint,0
Clinton,0
Clive,0
Clyde,0
Coadhan,0
Coailfhinn,0
Coailiann,0
Coaimhne,0
Coalain,0
Coalan,0
Coaley,0
Coalin,0
Coalter,0
Coan,0
Coanall,0
Coary-Lee,0
Coast,0
Coban,0
Coben,0
Cobey,0
Cobh,0
Cobi,0
Cobie,0
Cobin,0
Coby,27
Coby-jack,0
Coby-jay,0
Cobyn,0
Codah,0
Codai,0
Codee,0
Codey,3
Codhan,0
Codhran,0
Codi,3
Codie,30
Codin,0
Cody,386
Cody-jack,0
Cody-james,0
Cody-Jaxon,0
Cody-John,0
Cody-junior,0
Codylee,0
Cody-Lee,0
Cody-Ryan,0
Cody-Stefan,0
Coehan,0
Coel,0
Coemgein,0
Coen,26
Cohan,12
Cohann,0
Cohden,0
Cohdy,0
Cohen,136
Cohin,0
Cohl,0
Cohlin,0
Cohn,0
Coilan,0
Coilean,0
Coilin,0
Coirbin,0
Coire,0
Coist,7
Colan,0
Colbey,0
Colby,15
Colby-jake,0
Colby-james,0
Colby-lee,0
Cole,249
Colen,0
Coleton,0
Coletyn,0
Colhaun,0
Colin,152
Colin-james,0
Colin-William,0
Colla,0
Collin,0
Collum,0
Colm,197
Colman,0
Colmcille,0
Colt,0
Coltan,0
Colten,0
Colter,0
Colton,48
Colton-carl,0
Colum,24
Columba,0
Columbo,0
Colwyn,0
Coman,0
Comghall,0
Comghan,0
Comhan,0
Comhghall,0
Comhghall-Barthley,0
Comhghan,0
Comhrai,0
Comhraidh,0
Con,0
Conail,0
Conaill,9
Conain,0
Conair,0
Conaire,15
Conaire-Og,0
Conal,292
Conall,557
Conallain,0
Conan,453
Conaran,0
Conathan,0
Conchar,0
Conchobhar,0
Conchoir,0
Conchor,5
Conchubar,0
Conchuir,0
Conchur,24
Concobhar,0
Conel,0
Conelath,0
Conell,0
Conen,0
Conghaile,0
Conghal,0
Conghalaigh,0
Conghale,0
Conhair,0
Conhuir,0
Conill,0
Conin,0
Conla,0
Conlaed,0
Conlai,0
Conlaigh,0
Conlaith,0
Conlan,6
Conlaoch,0
Conlaodh,0
Conlaoi,0
Conleith,0
Conleth,48
Conley,0
Conlieth,0
Conlin,0
Conlith,0
Conlon,0
Conn,92
Connaght,0
Connaill,0
Connaire,13
Connaith,0
Connal,0
Connall,6
Connan,0
Connar,0
Connchuir,0
Connel,0
Connell,11
Connelly,0
Conner,0
Conneth,0
Connla,18
Connlach,0
Connladh,0
Connlagh,0
Connlai,0
Connlaith,0
Connlan,0
Connlaoch,0
Connlaodh,11
Connlaoi,0
Connlaoth,3
Connleigh,0
Connleth,0
Connlith,0
Connolly,0
Connoly,0
Connor,1082
Connor-James,0
Connor-jay,0
Connorlee,0
Connor-Martin,0
Connor-Pearse,0
Conor,3693
Conor-Jack,0
Conor-james,0
Conor-Luke,0
Conor-Patrick,0
Conrad,51
Conran,0
Conree,0
Conri,0
Consaidin,0
Constantin,0
Constantine,0
Conuil,0
Cooke,0
Cooper,121
Cooper-James,0
Copland,0
Corai,0
Coraigh,0
Corain,0
Coran,20
Corann,0
Corban,0
Corben,0
Corbhin,0
Corbin,5
Corbyn,4
Cordell,0
Core,0
Coree,0
Coren,0
Corey,1017
Corey-Bradan,0
Corey-Dede,0
Corey-james,0
Corey-jay,0
Corey-Lee,0
Corey-paul,0
Corey-Ryan,0
Corey-Sean,0
Corey-thomas,0
Corhan,0
Cori,3
Corie,0
Cori-Joel,0
Cori-Lee,0
Corin,27
Corinthian,0
Corleone,0
Cormac,943
Cormac-Tiernan,0
Cormaic,0
Cormic,0
Cormick,0
Cornel,0
Cornelius,0
Cornell,0
Corrado,0
Corran,3
Corren,0
Correy,0
Corri,0
Corrick,0
Corrie,19
Corrie-Lee,0
Corrig,0
Corrin,0
Corry,0
Corsten,0
Cort,0
Corum,0
Corwin,0
Cory,119
Cory-Lee,0
Coryn,0
Cosmin,0
Costas,0
Coulter,0
Courtney,0
Covey,0
Coyce,0
Craig,316
Crawford,0
Creage,0
Cree,0
Creighton,0
Criofan,0
Criomhthann,0
Criostai,0
Criostan,0
Criostoir,3
Crisanto,0
Crisson,0
Cristain,0
Cristan,0
Cristen,0
Cristian,6
Cristiano,0
Cristin,0
Cristobal,0
Cristoir,0
Cristovao,0
Crixus,0
Croi,0
Cronan,0
Crory,0
Cross,0
Crue,0
Cruiz,0
Cruize,0
Cruz,55
Cruze,0
Csaba,0
Csanad,0
Cu,0
Cuan,28
Cuann,0
Cuchulain,0
Cuilin,0
Cuillin,0
Cuillinn,0
Cuinn,0
Culainn,0
Culann,12
Cullain,0
Cullan,0
Cullann,0
Cullen,0
Cullinan,0
Cumhai,0
Cumhara,0
Cumil,0
Cunla,0
Curragh,0
Curran,0
Curt,0
Curtess,0
Curtis,602
Curtis-Jamie,0
Curtis-Jay,0
Curtis-lee,0
Curtiz,0
Curtus,0
Cyle,0
Cyledrich,0
Cyllain,0
Cynan,0
Cynric,0
Cyon,0
Cyprian,0
Cyran,0
Cyril,0
Cyrus,0
Daanyaal,0
Dabhag,0
Dabhan,0
Dabheog,0
Dabhog,0
Dachi,0
Dade,0
Daegan,0
Daegon,0
Daelan,0
Daelson,0
Daemon,0
Dafydd,0
Dagan,0
Daghan,0
Dahln,0
Daibhai-Og,0
Daibhan,0
Daibhi,0
Daibhid,0
Daibhin,3
Daibh-Og,0
Daigen,0
Daighre,0
Daimhin,3
Daimin,0
Daine,0
Daineal,0
Dainin,0
Dainius,0
Dainton,0
Dairagh,0
Daire,595
Daire-Og,0
Daire-Ryan,0
Dairi,0
Dairidas,0
Dairis,0
Dairmuid,0
Daithi,334
Daithin,0
Dakota,0
Dakota-Jax,0
Dalach,0
Dalaigh,0
Dalan,0
Dale,118
Dalen,0
Daley,6
Dalian,0
Dallan,4
Dallin,0
Dalmare,0
Dalton,3
Daltun,0
Daly,0
Dalziel,0
Damhan,3
Damhin,0
Damhlaic,0
Damhnaic,0
Damian,79
Damien,96
Damien-Junior,0
Damir,0
Damola,0
Damon,3
Damon-lee,0
Dan,55
Danaan,0
Danai,0
Danan,0
Danann,13
Danas,3
Dane,15
Dane-jensen,0
Daneks,0
Danelis,0
Dangelo,0
Dani,0
Daniaal,0
Danial,0
Danieal,0
Daniel,4376
Daniele,0
Daniel-George,0
Danielis,3
Danielius,10
Daniel-Jay,0
Daniel-John,0
Daniel-Joseph,0
Daniell,0
Daniel-Lee,0
Daniels,0
Daniel-Shae,0
Daniel-Thomas,0
Daniel-vincent,0
Daniel-William,0
Danihl,0
Daniil,0
Daniils,0
Daniko,0
Danil,0
Danila,0
Danila-Ernest,0
Danilo,0
Danils,0
Danish,0
Danius,0
Dann,0
Dannan,0
Dannie,0
Dannin,0
Dannon,0
Danny,361
Danny-Allen,0
Danny-Og,0
Danon,0
Dante,6
Dany,0
Danyal,0
Danyl,4
Danylson,0
Danyon,0
Daoigan,0
Daoiri,0
Dara,531
Darach,10
Daragh,96
Daragh-Leigh,0
Darah,0
Daraigh,0
Darasin,0
Darby,0
Darcey,0
Darci,0
Darcy,15
Dare,0
Daren,0
Darian,0
Darie,0
Darien,0
Dario,0
Daris,0
Darius,4
Dariush,0
Darnel,0
Darnell,0
Darra,3
Darrach,0
Darragh,1246
Darragh-Lee,0
Darrah,0
Darrai,0
Darraigh,0
Darral,0
Darran,0
Darreen,0
Darrel,0
Darrell,9
Darren,431
Darren-Jay,0
Darrien,0
Darrin,0
Darroch,0
Darrog,0
Darron,0
Darryl,90
Darryll,0
Darryn,0
Darsai,0
Darsh,0
Darshan,0
Darwen,0
Darwin,0
Darwyn,0
Dary,0
Daryl,103
Daryll,0
Daryl-lee,0
Daryn,0
Daryn-Shae,0
Dashiell,0
Dathan,0
Dato,0
Datu,0
Daultagh,0
Davagh,0
Davan,0
Dave,0
Daven,0
Davey,0
Davi,0
David,2108
David-Arthur,0
Davide,0
David-Emmett,0
David-James,0
David-Lee,0
David-Morgan,0
Davik,0
Davin,27
Davinn,0
Davinson,0
Davis,0
Davit,0
Davitt,0
Davog,0
Davon,0
Davor,0
Davy,0
Davyd,0
Davyn,0
Daweson,0
Dawid,56
Dawood,0
Dawson,70
Dawson-James,0
Dawud,0
Dawuud,0
Daxter,0
Dayal,0
Dayle,0
Daylen,0
Daylin,0
Dayne,0
Dayton,0
Dayyan,0
De,0
Deaclan,0
Deacon,6
Deaghlain,0
Deaghlan,0
Deaglan,68
Deahglan,0
Dean,536
Deandre,0
Deane,6
Dean-Lee,0
Dearcan,0
Deasmhumhnach,0
Deasun,0
Deaten,0
Deavan,0
Debhan,0
Decarlo,0
Declan,535
Dee,0
Deegan,0
Deejay,0
Deen,0
Deene,0
Deesel,0
Deibhlin,0
Deilanas,0
Deilas,0
Deilonas,0
Deimantas,0
Deimis,0
Deimjanas,0
Deimonas,0
Deion,0
Deiridas,0
Deisel,0
Deiter,0
Deivid,0
Deividas,3
Deivids,0
Deivis,0
Deivs,0
Deivydas,0
Delaney,0
Delano,0
Delfin,0
Deljith,0
Delvin,0
Demarcus,0
Demetri,0
Demir,0
Demitri,0
Demos,0
Dempsey,0
Denas,0
Denbeigh,0
Dene,0
Denico,0
Denijs,0
Denilon,0
Denis,42
Denisas,0
Denislav,0
Denis-Paul,0
Deniz,0
Denley,0
Dennis,13
Dennison,0
Denny,0
Densley,0
Denton,0
Denver,23
Denvior,0
Denvir,0
Denzel,3
Denzil,0
Deon,10
Deonis,0
Derek,3
Derek-Jay,0
Derice,0
Derin,0
Dermot,76
Dermot-Og,0
Dermott,0
Dermy,0
Derren,0
Derrick,0
Derrien,0
Derrin,0
Derry,0
Deryk,0
Deryn,0
Des,0
Desi-Lee,0
Desmond,23
Dessie,0
Dev,0
Devan,0
Devane,0
Devaughn,0
Deven,0
Devendra,0
Devesh,0
Devin,16
Devinn,0
Devlin,0
Devlyn,0
Devon,26
Devran,0
Devrim,0
Devyn,0
Dewan,0
Dewi,0
Dewi-John,0
Dex,0
Dexter,52
Dexter-jamie,0
Dhanush,0
Dharesh,0
Dhevbragadeesh,0
Dhilan,0
Dhillon,0
Dhiyaan,0
Dhruv,0
Dhruva,0
Dhuvi,0
Diago,0
Dian,0
Diarmaid,10
Diarmait,0
Diarmid,0
Diarmoid,0
Diarmuid,140
Diathi,0
Diaz,0
Dibon,0
Diego,6
Diekololaoluwa,0
Diesel,0
Dijaras,0
Dijari,0
Diju,0
Dijus,0
Dilan,0
Dilanas,0
Dilbag,0
Dildeep,0
Dilion,0
Dillan,13
Dillen,0
Dillion,0
Dillon,233
Dilon,0
Dilonas,0
Dilyn,0
Dimitar,0
Dinaras,0
Dinis,0
Dino,0
Dio,0
Diogo,4
Diolain,0
Dion,29
Dior,0
Dirk,0
Dirly,0
Dirson,0
Divanio,0
Divin,0
Divine,0
Divjot,0
Divyansh,0
Dixon,0
Diyar,3
Dj,0
Djason,0
Djay,0
D-Jay,0
Djayden,0
Djovani,0
Dmitri,0
Dmitrij,0
Dmitrijs,0
Dmitry,0
Dobromir,0
Doilain,0
Doiminic,0
Doire,0
Dolton-james,0
Domantas,0
Domas,10
Domhnal,0
Domhnall,16
Dominic,194
Dominick,0
Dominik,98
Dominikas,0
Dominiks,3
Dominion,0
Dominyc,0
Dominykas,19
Domnic,0
Don,3
Donach,0
Donacha,0
Donagh,0
Donal,211
Donald,0
Donall,0
Donan,0
Donard,0
Donatas,0
Donatello,0
Donavon,0
Donell,0
Dong,0
Dongzhou,0
Donn,0
Donnabhan,0
Donnaca,0
Donnacadh,0
Donnach,3
Donnacha,79
Donnachadh,0
Donnagh,0
Donncha,53
Donnchad,0
Donnchada,0
Donnchadh,22
Donnell,0
Donnie,0
Donny,0
Donogh,0
Donovan,9
Dontay,0
Donte,0
Dony,0
Doolin,0
Dorian,3
Dorrian,0
Dougie,0
Douglas,8
Dovas,0
Dovidas,0
Dovydas,13
Doyle,0
Dragos,0
Drake,0
Drasius,0
Draven,0
Dre,0
Dree,0
Drennan,0
Drew,92
Dries,0
Dru,0
Druhan,0
Druktas,0
Dthaniel,0
Dualta,6
Dualtach,0
Dualtagh,0
Duane,0
Duarte,0
Dubaltach,0
Dubhalta,0
Dubhaltach,3
Dubhdarach,0
Dubhlainn,0
Duffy,0
Duke,0
Dultach,0
Duncan,9
Dune,0
Durga,0
Dustin,0
Dwaine,0
Dwayne,0
Dwight,0
Dwyane,0
Dwyer,0
Dwylan,0
Dyante-Logan,0
Dylan,2970
Dylanas,0
Dylan-James,0
Dylan-Lee,0
Dylan-Reece,0
Dylan-Thomas,0
Dylin,0
Dyllan,0
Dyllon,0
Dylon,3
Dylyn,0
Dzeisons,0
Dziugas,0
Eachan,0
Eaclain,0
Eadan,0
Eagan,0
Eamann,0
Eammon,0
Eamon,185
Eamonn,133
Eamonnog,0
Eanan,0
Eanna,3
Earl,0
Earnan,0
Eashan,0
Eason,0
Easton,0
Eatan,0
Eathain,0
Eathan,3
Eathen,0
Eaton,0
Eban,0
Eben,3
Ebhan,0
Ebon-Lee,0
Echlin,0
Ed,0
Edan,0
Edanas,0
Edas,0
Edavas,0
Edden,0
Eddi,0
Eddie,31
Eddie-james,0
Eddy,0
Eden,7
Edenas,0
Edgar,0
Edgaras,0
Edgars,0
Edison,0
Edmilson,0
Edmond,0
Edmund,3
Edmunds,0
Edrien,0
Edsel,0
Edson,0
Eduard,4
Eduardo,0
Edvardas,0
Edvards,0
Edvinas,0
Edward,363
Edwardas,0
Edwin,9
Edwyn,0
Eesa,0
Efe,0
Efian,0
Efrim,0
Efron,0
Efstathios,0
Egan,0
Ege,0
Ehan,0
Ehigie,0
Ehimakonor,0
Ehsan,0
Ehsas,0
Ehtasham,0
Eibhin,0
Eidas,0
Eidminas,0
Eifin,0
Eigirdas,0
Eihab,0
Eimantas,3
Eimeid,0
Eimhin,0
Eimonas,0
Einar,0
Einius,0
Eino,0
Einoras,0
Einri,0
Eion,0
Eiothan,0
Eirell,0
Eirikas,0
Eirnin,0
Eironas,0
Eisle,0
Eitan,0
Eithan,0
Eithen,0
Eivenas,0
Eivinas,0
Eivydas,0
Ejike,0
Ekin,0
Elan,0
Eldon,0
Eleazar,0
Elfander,0
Elgious,0
Elhadj,0
Eli,195
Elia,0
Eliah,0
Elias,19
Elidon,0
Eliel,0
Eligh,0
Elih,0
Elijah,237
Elijah-James,0
Elijas,0
Elijha,0
Elijus,0
Elion,0
Eliot,0
Elis,0
Elisei,0
Elisei-Emanuel,0
Elisey,0
Elisha,0
Elissey,0
Eliyah,0
Eljay,0
Ellery,0
Ellias,0
Elliot,110
Elliott,121
Ellis,52
Ellis-Jay,0
Ellison,0
Ellsworth,0
Ellys,0
Elmokhtar,0
Elod,0
Elon,0
Elonas,0
Elorm,0
Elroy,0
Elton,0
Elvin,0
Elvinas,0
Elvis,0
Elwin,0
Elwood,0
Ely,0
Elyaas,0
Elyas,0
Elyes,0
Ely-evan,0
Elyot,0
Elys,0
Elysei,0
Elzivor,0
Emanuel,0
Emeka,0
Emel,0
Emerson,0
Emetas,0
Emiddio,0
Emil,3
Emile,0
Emilijus,0
Emilio,0
Emilis,10
Emils,0
Emin,0
Emir,0
Emjay,0
Emlyn,0
Emmanuel,13
Emmerson,0
Emmet,187
Emmett,166
Emrah,0
Emre,0
Emrys,0
Enan,0
Enda,149
Endeavour,0
Endijs,0
Enes,0
Engelbert,0
Enison,0
Ennis,0
Enoch,0
Enosh,0
Enowomwanrie,0
Enri,0
Enrico,0
Enrikas,0
Enriko,0
Enriks,0
Enrique,0
Enyn,0
Enzo,20
Enzon,0
Eogan,0
Eoghain,13
Eoghan,744
Eoghan-Jack,0
Eoghan-Rua,0
Eoghlan,0
Eoighain,0
Eoighan,0
Eoighann,0
Eoin,1700
Eoin-Barra,0
Eoin-Roe,0
Eolan,0
Eolann,3
Eonan,0
Eorann,0
Epaphroditus,0
Ephraim,0
Ephram,0
Ephrem,0
Epi,0
Eran,0
Eray,0
Erdem,0
Eremia,0
Eren,0
Eric,58
Erick,0
Erico,0
Erik,9
Erikas,8
Eriks,0
Erikson,0
Erin,0
Erinas,0
Erjon,0
Erkan,0
Erlandas,0
Ernan,0
Ernest,0
Ernestas,0
Ernie,4
Ernis,0
Errol,0
Ersin,0
Erskine,0
Ervin,0
Ervinas,0
Ervydas,0
Erwan,0
Erwin,0
Eryk,13
Esa,0
Esekaia,0
Eshaan,0
Eshan,0
Eshraq,0
Esli,0
Esteban,0
Ethain,0
Ethan,3141
Ethan-James,0
Ethann,0
Ethan-Rielly,0
Ethan-Tristan,0
Ethein,0
Ethen,0
Ethian,0
Ethin,0
Ethyn,0
Etienne,0
Euain,0
Euan,225
Euen,0
Eugene,51
Eunan,118
Eurelijus,0
Evaldo,0
Evam,0
Evan,472
Evanas,0
Evander,0
Evario,0
Everett,0
Everley-eric,0
Evin,0
Evo,0
Evon,0
Evren,0
Evyn,0
Ewan,346
Ewen,0
Ewin,0
Ewuan,0
Exton,0
Eyad,0
Eythan,0
Ezekiel,0
Ezequiel,0
Ezer,0
Ezio,0
Ezra,72
Fabian,46
Fabien,0
Fabio,0
Fabrice,0
Fabricio,0
Fabrizio,0
Fachtna,0
Faelan,0
Faelon,0
Fahad,0
Fahd,0
Fahlin,0
Fahreddin,0
Faine,0
Faiq,0
Faisal,0
Faith,0
Faiyaz,0
Faiz,0
Faizan,0
Fakhri,0
Fallou,0
Fan,0
Fang,0
Faolan,33
Faolyn,0
Farbod,0
Fares,0
Farhan,0
Farhanullah,0
Farihin,0
Fariq,0
Faris,0
Farok,0
Farooq,0
Farouq,0
Farran,0
Farris,0
Farron,0
Farshy,0
Fate,0
Fateh,0
Fatlum,0
Faustas,0
Fawaz,0
Fay,0
Fayad,0
Fayd,0
Fayyadh,0
Fazhan,0
Feargal,7
Fearghail,0
Fearghal,66
Fearghall,0
Fearghas,0
Fearghus,0
Feargus,0
Fechete,0
Fechin,0
Federico,0
Fei,0
Feidhelm,0
Feidhilim,0
Feidhlim,3
Feilim,3
Feliks,0
Felim,0
Felipe,0
Felix,85
Feng,0
Fenton,0
Fer,0
Ferdia,0
Fergal,85
Ferghal,0
Fergus,67
Ferleyjhon,0
Fernandes,0
Fernando,0
Ferran,0
Ferris,0
Fiach,0
Fiachna,0
Fiachra,87
Fiacre,0
Fian,0
Fiann,0
Fianna,0
Fiedhlim,0
Filip,158
Filipe,0
Filippo,0
Filju,0
Finan,0
Finbar,41
Finbarr,4
Finch,0
Findlay,0
Findley,0
Finghin,0
Finian,3
Finlay,300
Finley,79
Finley-Jay,0
Finlo,0
Finn,850
Finnan,0
Finnbar,0
Finnbarr,0
Finnen,4
Finnian,19
Finnin,0
Finnlaih,0
Finnlay,0
Finnley,0
Finntan,0
Finntoin,0
Fintan,215
Finton,0
Finucane,0
Fiodor,0
Fion,0
Fionan,10
Fionbhair,0
Fionn,628
Fionnan,25
Fionnbar,0
Fionnbarr,0
Fionn-Barr,0
Fionnbarra,0
Fionnbhar,0
Fionnbharr,14
Fionnian,0
Fionnlach,0
Fionnlagh,0
Fionntain,0
Fionntan,113
Fiontain,0
Fiontan,32
Firas,0
Flann,0
Fletcher,17
Flinn,0
Flint,0
Flionn,0
Florin,0
Florin-Leonardo,0
Floyd,0
Flyn,0
Flynn,126
Flynn-james,0
Foinntan,0
Foncey,0
Forbes,0
Ford,0
Forde,0
Forrest,0
Foster,0
Fouad,0
Fox,0
Foy,0
Foyez,0
Frainc,0
Fraiser,0
Fran,0
France,0
Frances,0
Francesco,0
Francey,0
Franchi,0
Francie,0
Francis,250
Francisc,0
Francisco,3
Francis-Michael,0
Franciszek,18
Franco,0
Francois,0
Franek,0
Frank,63
Frankie,94
Frankie-Joe,0
Frankie-Rian,0
Franklin,3
Franklyn,0
Franky,0
Franz,0
Franzelino,0
Fras,0
Fraser,53
Frasier,0
Fraszer,0
Frazer,43
Frazier,0
Fred,3
Freddie,257
Freddie-james,0
Freddy,12
Frederic,0
Frederich,0
Frederick,61
Frederik,0
Fredi,0
Fredrick,0
Fredryk,0
Frey,0
Frieden,0
Fritz,0
Fuad,0
Fu-An,0
Furkan,0
Furqan,0
Fyfe,0
Fynlee,0
Fynn,10
Fynndlay,0
Fynnlay,0
Ga,0
Gabhan,0
Gabijus,0
Gabriel,224
Gabrielis,0
Gabrielius,0
Gabriels,0
Gabrio,0
Gabryel,0
Gadriel,0
Gael,0
Gaelan,0
Gaelen,0
Gaelin,0
Gaelyn,0
Gaffer,0
Gagan,0
Gage,0
Gair,0
Gairiad,0
Gajus,0
Galahad,0
Galen,0
Gallen,0
Galvin,0
Gara,0
Garai,0
Garaidh,0
Garbhan,9
Garet,0
Gareth,385
Garett,0
Garfield,0
Garion,0
Garith,0
Garoid,0
Garret,0
Garreth,0
Garrett,8
Garrick,0
Garron,0
Garry,6
Garth,7
Garvan,0
Garvey,0
Garvin,0
Gary,339
Gary-Lee,0
Garyn,0
Gary-Owen,0
Gaurav,0
Gautham,0
Gauvin,0
Gavan,0
Gavin,258
Gavin-Gabriel,0
Gavin-og,0
Gearalt,0
Gearard,0
Geard,0
Geariod,0
Gearoid,15
Gedas,0
Gediminas,0
Geert,0
Gene,0
Geneyuri,0
Genovino,0
Geoff,0
Geoffrey,3
Geordan,0
Geordie,0
George,516
George-samuel,0
Georgi,0
Georgie,0
Georgie-Lee,0
Georgiy,0
Georgy,0
Geovanio,0
Ger,7
Gerald,34
Gerard,441
Gerard-emmett,0
Gerard-larry,0
Gerard-Lee,0
Geread,0
Gerell,0
Gergely,0
Gerhard,0
Gerlach,0
Geroid,0
Gerrard,0
Gerry,3
Gershom,0
Gersi,0
Gervaise,0
Gerwyn,0
Gethin,3
Gethyn,0
Ghaith,0
Ghasan,0
Gheorghe,0
Ghermiel,0
Gian,0
Giancamillo,0
Giancarlo,0
Gianluca,0
Gianmarco,0
Gianni,0
Gibson,0
Gideon,0
Giedrius,0
Gien,0
Gil,0
Gilan,0
Gilbert,0
Gilby,0
Gilen,0
Giles,3
Gilleasbuig,0
Gillespie,0
Gillon,0
Gilvanio,0
Gino,3
Gio,0
Giordain,0
Giordano,0
Giorgio,0
Gioroid,0
Giovanio,0
Giovanni,3
Gitansh,0
Giuliano,0
Giuseppe,0
Gleb,0
Glen,78
Glendon,0
Glenn,132
Glenn-Tyler,0
Glyn,3
Glynn,0
Gnanvome,0
Godwin,0
Golan,0
Goldberg,0
Golden,0
Goncalo,0
Gopeshwar,0
Gorav,0
Gordon,6
Goriola,0
Govanni,0
Gower,0
Gracen,0
Gracjan,0
Gracyn,0
Graeme,19
Graham,53
Grahame,0
Graiden,0
Grant,21
Grantas,0
Grason,0
Gray,0
Graydon,0
Grayson,9
Greame,0
Greg,3
Gregg,0
Gregor,3
Gregory,26
Greig,0
Greyson,0
Griffin,0
Groshvin,0
Gruffydd,0
Grzegorz,0
Gualdino,0
Guan-Hong,0
Guershom,0
Gugo,0
Guilherme,0
Guillaume,0
Guiseppe,0
Guivens,0
Gunamay,0
Guo,0
Gurdas,0
Gurdep,0
Gurdev,0
Gurman,0
Gurmel,0
Gurpartap,0
Gurshick,0
Gurteag,0
Gurvakh,0
Gus,0
Gustas,10
Gustaw,0
Gusztav,0
Guy,10
Gvidas,0
Gvido,0
Gytis,0
Gzim,0
Haadhi,0
Habeeb,0
Habel,0
Habib,0
Hadi,0
Hadlee,0
Hadley,0
Hadwyn,0
Hadyn,0
Haicheng,0
Haiden,0
Haider,0
Haidyn,0
Hajun,0
Hakan,0
Hakeem,0
Hakim,0
Hakime,0
Hal,0
Halil,0
Hamad,0
Hamam,0
Hamdi,0
Hamed,0
Hameed,0
Hamilton,0
Hamish,7
Hammaad-Ullah,0
Hammad,0
Hamza,0
Hamzah,0
Han,0
Hanaki,0
Hanan,0
Hang,0
Hani,0
Hanin,0
Hanley,0
Hannan,0
Hanru,0
Hanzo,0
Hao,0
Haojia,0
Haoxuan,0
Haoye,0
Hao-yong,0
Haoyu,0
Haralds,0
Haran,0
Hardish,0
Hari,0
Haris,0
Harison,0
Harith,0
Harland,0
Harlee,0
Harlem,0
Harlen,0
Harley,209
Harley-Greyson,0
Harley-James,0
Harley-jaxon,0
Harley-Jay,0
Harlow,0
Harold,0
Haroldas,0
Haroon,0
Haroun,0
Harper,13
Harpur,0
Harrey,0
Harri,3
Harrie,0
Harris,32
Harrison,285
Harrison-James,0
Harry,2551
Harry-James,0
Harry-John,0
Harshan,0
Harshith,0
Harvae,0
Harvey,463
Harvey-blake,0
Harvey-James,0
Harvey-Lee,0
Harvey-Levi,0
Harvey-Luke,0
Harvi,0
Harvie,0
Harvie-jai,0
Harvinder,0
Harvir,0
Harvye,0
Hasaan,0
Hasaminaul,0
Hasan,0
Hasanain,0
Haseeb,0
Hasely,0
Hashim,0
Hashir,0
Hashomer,0
Hassan,3
Hassen,0
Hastings,0
Hayaan,0
Haydan,0
Haydden,0
Hayden,127
Haydn,3
Haydon,0
Haydyn,0
Haytham,0
Hazem,0
Hazrat,0
Headley,0
Healy,0
Heath,13
Heathe,0
Heatley,0
Heaven,0
Hector,0
Heenan,0
Heidenas,0
Helmi,0
Hendrikus,0
Hendrix,0
Heng,0
Hengxin,0
Henley,0
Henri,3
Henrico,0
Henrik,0
Henrikas,0
Henrique,0
Henry,481
Henryk,0
Henson,0
Herbert,0
Herbie,0
Hercules,0
Herkus,0
Herman,0
Hermenegildo,0
Hernandez,0
Herschel,0
Herve,0
Hery,0
Hill,0
Hilton,0
Himal,0
Hipolito,0
Hiram,0
Hirantha,0
Hisham,0
Hiten,0
Hiu,0
Hiudai,0
Ho,0
Hoa-Lam,0
Hoban,0
Hobie,0
Hogan,0
Hok,0
Hokam,0
Hokar,0
Holden,0
Holdyn,0
Hol-Fung,0
Holt,0
Hon,0
Hong,0
Hongyuan,0
Horacio,0
Horatio,0
Horia,0
Houston,0
Hridhaan,0
Hristiyan,0
Hristo,0
Hrithik,0
Hubert,15
Hubertas,0
Hudai,0
Hudayfi,0
Huddson,0
Hudson,26
Hugh,222
Hughie,3
Hugh-Kevin,0
Hugh-Martin,0
Hugh-Patrick,0
Hugo,77
Huidi,0
Hujras,0
Humberto,0
Hummad,0
Humphry,0
Humza,0
Hunain,0
Hunter,56
Hurdatt,0
Husain,0
Husam,0
Husam-Edine,0
Hussain,0
Hussam,0
Hussein,0
Huugo,0
Huw,0
Hywel,0
Iago,0
Iain,18
Iaith,0
Ian,107
Ian-Alexander,0
Ianis,0
Ianto,0
Iarfhlaith,0
Iarla,7
Iarlaith,7
Iarlan,0
Iarlath,0
Iasonas,0
Iath,0
Ibraheem,0
Ibrahem,0
Ibrahim,6
Ibrahim-can,0
Iderade,0
Idhant,0
Idin,0
Idir,0
Idris,3
Idrissa,0
Ieaun,0
Iefan,0
Ieremia,0
Iestyn,0
Ieuan,3
Ifan,0
Ifaz,0
Ifeoluwa,0
Ifeoluwapo,0
Iggi,0
Ignacy,0
Ignas,0
Ignatius,0
Igor,40
Ihab,0
Ihaia,0
Ihsan,0
Ijssel,0
Ike,0
Ikechukwu,0
Ilias,0
Ilie,0
Ilja,0
Illan,0
Ilya,0
Ilyas,0
Ilyes,0
Imaad,0
Iman,0
Immanuel,0
Imran,0
Inaki,0
India-Luna,0
Indigo,0
Indy,0
Inigo,0
Inis,0
Innes,0
Ioan,0
Ioan-Daniel,0
Ioannis,0
Iollan,0
Iollann,0
Ion,0
Ionatan,0
Ionel,0
Ionut,0
Iordanis,0
Iori,0
iosac,0
Iosif,0
Iritza,0
Irmantas,0
Irwin,0
Isa,0
Isaac,822
Isac,0
Isaiah,8
Isaiah-jean,0
Isak,0
Ishaan,0
Ishant,0
Ishaq,0
Ishmael,0
Ishola,0
Ishtaq,0
Isikeli,0
Isimeli,0
Isioma,0
Islam,0
Ismael,0
Ismail,0
Israel,0
Issa,0
Issac,10
Istak,0
Istejus,0
Itan,0
Itanas,0
Itchelle,0
Iulann,0
Iulian,0
Ivan,16
Ivaylo,0
Iveelt-ilmuun,0
Ivo,3
Ivor,0
Iwan,0
Iyanuoluwa,0
Iyaz,0
Iyinoluwa,0
Iyke,0
Izaac,3
Izaak,0
Izaan,0
Izacc,0
Izack,0
Izadin,0
Izaiah,0
Izak,0
Izan,0
Jaan,0
Jac,7
Jaccob,0
Jace,24
Jaceb,0
Jacek,0
Jach,0
Jack,6374
Jack-Daniel,0
Jack-Dee,0
Jack-Edward,0
Jackie,3
Jack-James,0
Jack-Lawrence,0
Jack-Lee,0
Jack-Philip,0
Jackson,362
Jackson-james,0
Jackson-Lee,0
Jackson-Peter,0
Jacky,3
Jaco,0
Jacob,1549
Jacob-Cole,0
Jacobi,0
Jacob-james,0
Jacob-lee,0
Jacobus,0
Jacoby,0
Jacodi,0
Jacq,0
Jacque,0
Jacques,3
Jacsen,0
Jacub,0
Jacy,0
Jad,0
Jadem,0
Jaden,61
Jaden-Paul,0
Jaden-ray,0
Jadeyn,0
Jadon,0
Jadyn,0
Jae,0
Jae-Carson,0
Jaeda,0
Jaeden,0
Jaedyn,0
Jaemie,0
Jag,0
Jago,0
Jahangir,0
Jaheim,0
Jahird,0
Jahmene,0
Jahswill,0
Jai,42
Jaice,0
Jaidan,0
Jaiden,35
Jaidin,0
Jaidion,0
Jaidn,0
Jaidon,0
Jaidon-Joseph,0
Jaidyn,0
Jai-James,0
Jaik,0
Jaike,0
Jaime,6
Jaimie,3
Jaimil,0
Jairus,0
Jaiveer,0
Jak,3
Jake,2177
Jake-dylan,0
Jake-joseph,0
Jakerson,0
Jakey,0
Jakim,0
Jakob,23
Jakson,0
Jakub,184
Jalen,0
Jamal,0
Jamee,0
Jameel,0
James,5623
James-Conor,0
James-david,0
James-Dean,0
James-Dillan,0
James-dylan,0
James-Gerard,0
Jamesie,0
James-Jack,0
James-Joseph,0
James-Lee,0
James-leon,0
James-lucas,0
James-Martin,0
Jameson,0
James-phillip,0
James-sean,0
Jamesy,0
Jamey,0
Jami,0
Jamie,2871
Jamie-dean,0
Jamiee,0
Jamie-Jay,0
Jamie-Lee,21
Jamie-Luke,0
Jamie-rian,0
Jamie-Ryan,0
Jamies,0
Jamieson,0
Jamil,0
Jamilur,0
Jamison,0
Jammie,0
Jamoi,0
Jan,55
Janed,0
Janek,0
Janik,0
Janio,0
Janis,0
Jannek,0
Jannik,0
Janosch,0
Jansen,0
Janvid,0
Jarad,0
Jardeth,0
Jared,30
Jarell,0
Jareth,0
Jarett,0
Jari,0
Jarl,0
Jarlaith,0
Jarlath,99
Jarlath-Patrick,0
Jarleth,0
Jarlie,0
Jaromir,0
Jaroslavs,0
Jarred,0
Jarrod,0
Jarryd,0
Jarvis,0
Jase,0
Jasiu,0
Jaskaran,0
Jason,749
Jason-John,0
Jason-Lee,0
Jason-Rhys,0
Jasper,30
Jasraj,0
Jassim,0
Javan,0
Javed,0
Javier,0
Jawaad,0
Jax,57
Jaxan,0
Jaxen,0
Jaxon,215
Jaxon-carter,0
Jaxon-Lee,0
Jaxson,51
Jaxton,0
Jaxx,9
Jaxxon,0
Jaxzon,0
Jay,984
Jayadon,0
Jayavardhan,0
Jayce,10
Jayce-Connor,0
Jay-cee,0
Jayci,0
Jaycob,0
Jaydan,4
Jay-David,0
Jaydee,0
Jay-Dee,0
Jayden,626
Jayden-james,0
Jayden-lee,0
Jayden-Leigh,0
Jayden-Leon,0
Jaydin,0
Jaydn,0
Jaydon,4
Jaydym,0
Jaydyn,0
Jaye,0
Jayhan,0
Jay-J,0
Jay-James,0
Jay-Jay,0
Jaykob,0
Jayland,0
Jaylee,0
Jay-lee,0
Jaylen,0
Jaylin,0
Jaylon,0
Jayme,0
Jaymee,0
Jaymi,0
Jaymie,0
Jaymin,0
Jay-R,0
Jayraj,0
Jaysen,0
Jayson,3
Jay-T,0
Jaytee,0
Jay-thomas,0
Jay-z,0
Jayze,0
Jayzee,0
Jazib,0
Jaziri,0
Jazon,0
Jazz,0
Jd,0
Jden-lee,0
Jean-Claude,0
Jean-Louis,0
Jean-Luc,0
Jecstonio,0
Jed,18
Jedaiah,0
Jedd,0
Jede,0
Jedidiah,0
Jeef,0
Jeevan,0
Jeff,0
Jefferson,0
Jeffrey,4
Jeffry,0
Jeffy,0
Jehad,0
Jehangir,0
Jeimi,0
Jekabs,0
Jekabs-alberts,0
Jelix,0
Jem,0
Je-Maine,0
Jemmill,0
Jenedio,0
Jenilson,0
Jennson,0
Jens,0
Jensen,63
Jensen-james,0
Jenson,173
Jenson-Cole,0
Jenson-jayden,0
Jensyn,0
Jenzen,0
Jenzyn,0
Jeorge,0
Jerdyn,0
Jeremi,0
Jeremiah,0
Jeremiasz,0
Jeremy,8
Jericho,0
Jerico,0
Jerin,0
Jerix,0
Jermain,0
Jermaine,0
Jerome,20
Jerrin,0
Jerry,0
Jershun,0
Jervis,0
Jess,0
Jesse,85
Jessen,0
Jesse-ray,0
Jessie,0
Jessy,0
Jestin,0
Jesutobi,0
Jet,0
Jethro,3
Jett,6
Jeydhel,0
Jhalyn,0
Jheikel,0
Jheriel,0
Jhodanev,0
Jhon,0
Jia,4
Jiaen,0
Jiageng,0
Jian,0
Jiang,0
Jiarong,0
Jibrail,0
Jidechi,0
Jie,0
Jieve,0
Jiljo,0
Jim,19
Jimbers,0
Jimi,0
Jimione,0
Jimmy,16
Jimmy-Joe,0
Jin,0
Jing,0
Jingsong,0
Jin-Wan,0
Jireh,0
Jiri,0
Jitoko,0
Jivim,0
Jiyan,0
JJ,0
J-Lee,0
Jo,0
Joab,0
Joachim,0
Joah,0
Joal,0
Joao,3
Joaquim,0
Joaquin,0
Joash,0
Joatham,0
Job,0
Jobe,0
Jobert,0
Jobey,0
Joby,0
Jock,0
Jodan-lee,0
Jodee,0
Jodi,0
Jodie,0
Jody,17
Jodyn,0
Joe,322
Joeb,0
Joedin,0
Joel,1039
Joeli,0
Joell,0
Joeseph,0
Joesph,0
Joey,94
Joey-James,0
Joey-junior,0
Johan,0
Johann,0
Johannes,0
John,1967
John-anthony,0
Johnathan,53
Johnathon,3
John-Brendan,0
John-carter,0
John-David,0
John-Edward,0
John-eli,0
John-Francis,0
John-henry,0
Johnie,0
John-Jake,0
John-James,15
John-Jay,0
Johnjo,0
John-Jo,0
Johnjoe,0
John-Joe,3
John-joseph,0
John-Lee,0
John-Mark,0
John-Matthew,0
John-Michael,0
Johnnie,3
Johnny,116
Johnny-j,0
Johnny-joe,0
John-patrick,0
Johnpaul,0
John-Paul,26
John-peter,0
John-Preston,0
John-ross,0
John-Rowan,0
John-ryan,0
Johnson,0
Johnston,0
Johnstone,0
John-Thomas,0
Johnver,0
John-Wesley,0
Johny,0
Joie,0
Jojo,0
Jo-Jo,0
Jokubas,6
Jolan,0
Jolvian,0
Jomes,0
Jon,24
Jona,0
Jonah,328
Jonas,29
Jonatan,0
Jonathan,1110
Jonathan-Junior,0
Jonathon,74
Jon-Dara,0
Jones,0
Jonethon,0
Jonis,0
Jon-James,0
Jonjo,3
Jon-Jo,0
Jonjoe,0
Jon-Lee,0
Jon-Marc,0
Jonnie,0
Jonno,0
Jonny,6
Jon-Paul,0
Jon-Pol,0
Jon-Ross,0
Jonson,0
Jon-Tyler,0
Jools,0
Jordan,1456
Jordan-james,0
Jordanlee,0
Jordan-Lee,10
Jordan-Patrick,0
Jordan-Stephen,0
Jorden,0
Jordi,0
Jordie,0
Jordin,0
Jordinson,0
Jordon,34
Jordon-Paul,0
Jordy,0
Jordyn,0
Jordy-Raymond,0
Jorens,0
Jorge,0
Jorgen,0
Joris,3
Jorje,0
Jorland,0
Jory,0
Jos,0
Jose,3
Josef,3
Josefa,0
Joseff,0
Joseph,1752
Joseph-James,0
Joseph-Lewis,0
Joseph-Patrick,0
Joseph-Paul,0
Joseth,0
Josh,824
Joshan,0
Joshioa,0
Josh-Michael,0
Joshsua,0
Joshua,3277
Joshuah,0
Joshua-James,0
Joshua-John,0
Joshua-Kyle,0
Joshua-Lee,0
Joshua-Matteo,0
Joshua-Robert,0
Josiah,38
Josias,0
Josie,0
Josrio,0
Joss,6
Jossi,0
Josua,0
Josue,0
Joswin,0
Jotham,0
Jou,0
Joud,0
Jovan,0
Jovesa,0
Jovi,0
Jovis,0
Jowen,0
Joyal,0
Joyel,0
Jozef,0
Jozsef,0
Json,0
Juan,0
Juann,0
Jubal,0
Judah,20
Juddah,0
Jude,1037
Judown,0
Juhana,0
Jules,0
Julian,14
Julien,0
Julio,0
Julius,0
Juliusz,0
Juma,0
Jun,9
Junaid,0
Junaino,0
Jung,0
Junior,76
Juniyo,0
Junjie,0
Jun-Jie,0
Junming,0
Junwen,0
Juraj,0
Jurgen,0
Juris,0
Jushua,0
Justan,0
Justas,0
Justin,279
Justinas,4
Justin-Glen,0
Justin-Jack,0
Justin-Lee,0
Justino,0
Justyn,0
Juvenio,0
JV,0
Jydan,0
Jyden,0
Jyoushiv,0
Ka,0
Kaan,0
Kaanye,0
Kabe,0
Kabel,0
Kabhan,0
Kace,0
Kacey,0
Kacper,139
Kacy,0
Kade,16
Kadeem,0
Kaden,30
Kadin,0
Kadir,0
Kadyn,3
Kaedan,0
Kaeden,0
Kaedon,0
Kaedyn,0
Kael,0
Kaelam,0
Kaelan,4
Kaelann,0
Kaeleb,0
Kaelem,0
Kaelen,0
Kaelib,0
Kaelim,0
Kaelin,0
Kaeliph,0
Kaelium,0
Kaelum,3
Kaelyb,0
Kaelym,0
Kaeson,0
Kafui,0
Kagan,0
Kagen,0
Kah,0
Kahil,0
Kahlib,0
Ka-Ho,0
Kai,482
Kaia,0
Kai-Andre,0
Kaid,0
Kaidan,3
Kaide,0
Kaidean,0
Kaiden,182
Kaiden-blake,0
Kaiden-Darragh,0
Kaiden-James,0
Kaiden-joseph,0
Kaiden-lee,0
Kaiden-Patrick,0
Kaidin,0
Kaidn,0
Kaidyn,0
Kaie,0
Kaiedin,0
Kaige,0
Kaii,0
Kaiicen,0
Kai-james,0
Kaiky,0
Kail,0
Kailab,0
Kailan,0
Kailand,0
Kailash,0
Kailean,0
Kaileb,0
Kailem,0
Kailen,0
Kailian,0
Kailin,0
Kailm,0
Kailum,0
Kailyn,0
Kailynn,0
Kain,26
Kaine,0
Kairav,0
Kaireece,0
Kai-Reece,0
Kairl,0
Kairyn,0
Kais,0
Kai-Sang,0
Kai-sean,0
Kaisen,0
Kaiser,0
Kaison,0
Kai-william,0
Kaiyang,0
Kaiyler,0
Kajetan,3
Kajus,41
Kal,0
Kalaeb,0
Kalam,0
Kalan,0
Kale,0
Kaleb,61
Kaleb-Jay,0
Kaleb-Saul,0
Kalein,0
Kalel,0
Kal-El,0
Kalem,3
Kalen,0
Kalial,0
Kalib,0
Kalid,0
Kaliem,0
Kalil,0
Kalim,0
Kalimullah,0
Kalin,0
Kallan,0
Kallem,0
Kallen,0
Kallin,0
Kallum,6
Kallum-john,0
Kallym,0
Kalobe,0
Ka-Lok,0
Kalon,0
Kalosi,0
Kaloyan,0
Kalu,0
Kaluim,0
Kalum,7
Kalum-Marcelle,0
Kalven,0
Kalvin,10
Kalvyn,0
Kalym,0
Kamaal,0
Kamal,0
Kamden,0
Kamdyen,0
Kamerhan,0
Kameron,0
Kamil,14
Kamoryn,0
Kampbell,0
Kamren,0
Kamrn,0
Kamryn,0
Kamsi,0
Kamuran,0
Kan,0
Kanan,0
Kane,103
Kanean,0
Kang,0
Kanye,0
Kaolan,0
Kaolin,0
Kapiladeva,0
Kar,0
Karabo,0
Karam,0
Karan,0
Kareem,0
Kareemuddin,0
Karim,0
Karl,220
Karlan,0
Karlon,0
Karlos,0
Karlton,0
Karnan,0
Karni,0
Karol,35
Karolis,0
Karr,0
Karson,3
Karson-jay,0
Karsten,0
Karsyn,0
Kartal,0
Karter,12
Karter-Kyle,0
Karthik,0
Karthikeya,0
Kartik,0
Kasch,0
Kasey,0
Kash,0
Kasib,0
Kasinath,0
Kasjan,0
Kason,6
Kasparas,0
Kaspars,0
Kasper,3
Kaspian,0
Kaspjan,0
Kasten,0
Kasy,0
Katana,0
Kataulo,0
Katie,0
Kato,0
Kaua,0
Kauli,0
Kauri,0
Kavan,0
Kavanagh,0
Kavi,0
Kavin,0
Kavish,0
Kaweesha,0
Kay,0
Kaya,0
Kayal,0
Kayan,0
Kayce,0
Kayci,0
Kaydan,0
Kayde,0
Kayden,184
Kayden-darrel,0
Kayden-Lee,0
Kaydin,0
Kaydn,0
Kaydyn,0
Kayetan,0
Kayjay,0
Kay-Jay,0
Kaylan,0
Kayleb,3
Kaylem,0
Kaylen,0
Kaylin,0
Kaylon,0
Kaylum,0
Kayne,3
Kaynor,0
Kayode,0
Kayran,0
Kaysan,0
Kaysen,0
Kayson,4
Kayvon,0
Kazim,0
Kci,0
Keadan,0
Keagan,8
Keaghan,0
Kealan,82
Kealen,0
Kealim,0
Kealin,0
Kealon,0
Kealum,0
Kealyn,0
Kean,0
Keanan,0
Keane,3
Keaneau,0
Keaneston,0
Keanu,0
Keatin,0
Keating,0
Keaton,9
Keatyn,0
Keavan,0
Keaven,0
Kedar,0
Keeavin-Kenneth,0
Keebhan,0
Keefer,0
Keegan,38
Keeghan,0
Keegy,0
Keehan,0
Keelan,220
Keelem,0
Keelen,0
Keeley,0
Keelian,0
Keelim,0
Keelin,25
Keelium,0
Keelyn,0
Keenahn,0
Keenan,21
Keenin,0
Keery,0
Keesley,0
Keetyn,0
Keevan,4
Keever,0
Keevin,0
Keevon,0
Kegan,0
Kehan,0
Kei,0
Keiden,0
Keifer,0
Keigan,0
Keighan,0
Keighon,0
Keil,0
Keilam,0
Keilan,0
Keilas,0
Keilen,0
Keilith,0
Keilyn,0
Kein,0
Keinan,0
Keir,0
Keiran,0
Keirav,0
Keiren,0
Keiron,0
Keith,66
Keiton,0
Kekeli,0
Kel,3
Kelab,0
Kelaim,0
Kelan,18
Keland,0
Kelbie,0
Kelean,0
Kelechi,0
Keleen,0
Kelibe,0
Kelihn,0
Kelin,0
Kell,0
Kellan,0
Kellen,0
Kelly,0
Kelsey,0
Kelsie,0
Kelso,0
Kelton,0
Kelvin,34
Kelvin-Jake,0
Kelvyn,0
Kemal,0
Ken,0
Kenan,0
Kenard,0
Kenden,0
Kendrick,0
Kenechukwu,0
Kenedi,0
Kenett,0
Kenjou,0
Kenley,0
Kenna,0
Kennan,0
Kennedy,0
Kenneth,26
Kenny,0
Kennyshane,0
Kenson,0
Kent,3
Kenton,0
Kentyn,0
Kenyan,0
Kenyatta,0
Kenyon,0
Kenzee,0
Kenzen,0
Kenzi,0
Kenzie,119
Kenzielee,0
Kenzie-Lynton,0
Kenzo,0
Keon,0
Keoni,0
Keown,0
Keping,0
Keran,0
Kercum,0
Kerenas,0
Kerim,0
Kerion,0
Kernien,0
Kernius,0
Kerr,0
Keshav,0
Keshto,0
Kester,0
Keston,0
Kevan,0
Keveen,0
Keven,0
Kevenas,0
Kevin,585
Kevinas,6
Kevin-barry,0
Kevin-James,0
Kevin-lee,0
Kevin-og,0
Kevin-Paul,0
Kevins,0
Kevriya,0
Kevyn,0
Keyaan,0
Keyano,0
Keyden,0
Keylam,0
Keylen,0
Keynai,0
Keynan,0
Keynzee-Diaz,0
Keyon,0
Keyur,0
Kgalalelo,0
Khaathwik,0
Khaden,0
Khai,0
Khaidyn,0
Khal,0
Khalam,0
Khaled,0
Khalfan,0
Khalid,0
Khalil,0
Khalyn-Lee,0
Khaylib,0
Kheean,0
Khigh,0
Khiro,0
Khristian,0
Khyran,0
Khyron,0
Kia,0
Kiah,0
Kiahan,0
Kian,303
Kiane,0
Kiaran,0
Kidd,0
Kidran,0
Kie,0
Kiearon,0
Kiedis,0
Kiefer,0
Kieffer,0
Kiegan,0
Kiel,0
Kielam,0
Kielan,0
Kielon,0
Kien,0
Kienan,0
Kier,0
Kieran,296
Kieran-James,0
Kieranog,0
Kieren,0
Kierin,0
Kiernan,10
Kiernan-Barry,0
Kieron,27
Kiersin,0
Kievan,0
Kievin,0
Kile,0
Kilian,0
Kiliem,0
Killan,0
Killean,0
Killene,0
Killian,143
Kilroy,0
Kim,0
Kimani,0
Kimi,0
Kin,0
Kinan,0
Kin-Fung,0
King,0
King-Fa,0
Kingsley,3
Kingston,4
Kinivuai,0
Kinzi-Leigh,0
Kion,0
Kione,0
Kipras,0
Kiran,0
Kiril,0
Kirill,0
Kirills,0
Kirk,20
Kirk-Lee,0
Kiro,0
Kirtus,0
Kishore,0
Kit,0
Kitione,0
Kiyan,0
Kiye,0
Kiyichukwu,0
Kiyle,0
Kiyomi,0
Klaidas,0
Klaudiusz,0
Klavs,0
Klay,0
Klayton,0
Kleowchy,0
Klevis,0
Knoa,0
Knowles,0
Knox,0
Koa,0
Koa-ray,0
Koari,0
Kobe,15
Kobee,0
Koben,0
Kobey,0
Kobi,23
Kobie,0
Kobi-Lee,0
Koby,13
Kobyn,0
Koda,0
Koden,0
Kodey,0
Kodi,15
Kodie,6
Kodii,0
Kodi-Jo,0
Kody,28
Kodye,0
Kodyn,0
Koebe,0
Koen,0
Kofi,0
Kohan,0
Kohei,0
Kohen,0
Kohl,0
Kohlin,0
Kohree,0
Koi,0
Kojo,0
Kolbie,0
Kolby,3
Koldon,0
Kole,6
Koletyn-Marley,0
Kolt,0
Kolten,0
Kolton,14
Kolya,0
Konan,0
Konnan,0
Konnell,0
Konner,0
Konrad,3
Konstantin,0
Konstantine,0
Konstantinos,0
Konstanty,0
Kooper,0
Koran,0
Koray,0
Korban,0
Korben,4
Korbin,0
Korbyn,0
Koren,0
Korey,23
Korhan,0
Kori,9
Korie,0
Kori-Lee,0
Kornel,0
Kornelijus,0
Kornelis,0
Korneliusz,0
Korrey,0
Korri,0
Korrin,0
Kory,0
Kosher,0
Kosisochi,0
Kouki,0
Kourosh,0
Kourt,0
Kovid,0
Kraig,0
Krasimir,0
Kray,0
Krew,0
Kris,19
Krisdan,0
Krish,0
Krishna,0
Kristan,0
Kristen,0
Kristers,0
Kristian,98
Kristianas,0
Kristians,0
Kristin,0
Kristis,0
Kristof,0
Kristofer,0
Kristofers,0
Kristoff,0
Kristoffer,0
Kristofor,0
Kristofs,0
Kristopher,17
Krists,0
Kristupas,3
Krisztian,0
Kriyansh,0
Kroy,0
Kruize,0
Kruz,4
Kruze,0
Krys,0
Kryspin,0
Krystian,13
Krystof,0
Krystyan,0
Krzysztof,8
Ksawery,4
Ksawier,0
Kuba,5
Kudakwashe,0
Kuelle,0
Kuena,0
Kumar,0
Kurdt,0
Kurian,0
Kurt,12
Kurtis,112
Kurtis-Lee,0
Kurt-Lavelle,0
Kurtus,0
Kush,0
Kwabena,0
Kwan,0
Kwasi,0
Kwong,0
Ky,0
Kya,0
Kyaden,0
Kyal,0
Kyan,3
Kydar,0
Kyden,0
Kyder,0
Kydyn,0
Kye,13
Kyeim,0
Kyell,0
Kyeol,0
Kygo,0
Kyi,0
Kyian,0
Kyivana,0
Kylan,15
Kylar,0
Kyle,1305
Kyleb,0
Kyle-christopher,0
Kyle-Lloyd,0
Kylen,0
Kyler,0
Kylin,0
Kymani,0
Ky-Mani,0
Kynan,0
Kyrain,0
Kyran,16
Kyree,0
Kyren-John,0
Kyrin,0
Kyron,5
Kyrone,0
Kysen,0
Kyson,0
Kyzan,0
Kyzler,0
Lachlainn,0
Lachlan,25
Lachlann,0
Lachlin,0
Lachteen,0
Lacy,0
Ladislav,0
Laiden,0
Laim,0
Laimis,0
Laimonas,0
Laine,0
Laiton,0
Laityn,0
Lajos,0
Lakbier,0
Lakhdar,0
Lalit,0
Lamar,0
Lance,0
Lando,0
Landry,0
Lane,0
Lanty,0
Lanzo,0
Laochra,0
Laoghaire,0
Laoi,0
Laoire,0
Laressi,0
Larkin,3
Larry,0
Lars,0
Larson,0
Larsson,0
Laszlo,0
Latrell,0
Lauchlan,0
Laughlan,0
Laughlin,3
Laughlinn,0
Lauran,0
Laurance,0
Laurence,15
Laurent,0
Laurie,0
Lauris,0
Laurynas,0
Lauson,0
Lautaro,0
Lavezzi,0
Lawrence,10
Lawson,3
Lawson-Jack,0
Lawsyn,0
Lawton,0
Layal,0
Layden,0
Layne,0
Layton,12
Layton-Jay,0
Lealand,0
Leandro,0
Leannain,0
Leannan,0
Lebron,0
Lee,684
Lee-Andre,0
Leee-Junior,0
Leehom,0
Lee-James,0
Leejay,0
Lee-jay,0
Leelan,0
Leeland,0
Lee-Martin,0
Leeo,0
Leeon,0
Lee-Ray,0
Lee-Rea,0
Leeroy,0
Lee-roy,0
Lee-Thomas,0
Leevi,0
Lei,0
Leif,0
Leigh,8
Leighton,40
Leighton-James,0
Lein,0
Leiranas,0
Leith,0
Lejay,0
Leland,5
Lemar,0
Lemeki,0
Lemuel,0
Lenin,0
Lennan,0
Lennex,0
Lennie,0
Lennin,0
Lennix,0
Lennon,83
Lennox,30
Lennox-Dean,0
Lenny,0
Leo,816
Leo-Carter,0
Leodhas,0
Leo-James,0
Leon,498
Leonaldinho,0
Leonard,0
Leonardas,0
Leonardo,13
Leon-Francis,0
Leonhard,0
Leonid,0
Leonidas,0
Leonigio,0
Leon-James,0
Leon-Jaxx,0
Leon-Judah,0
Leon-Junior,0
Leo-pat,0
Leroy,0
Lesedi,0
Leslie,0
Lev,0
Levente,0
Levi,134
Levi-conor,0
Levi-Jace,0
Levik,0
Levon,0
Lewan,0
Lewes,0
Lewin,0
Lewis,1651
Lewis-Cole,0
Lewis-Jai,0
Lex,0
Lexi,0
Lexter,0
Lexx,0
Leylan,0
Leyland,0
Leyton,14
Li,0
Lia,0
Liam,1226
Liam-Og,0
Liams,0
Lian,0
Lidon,0
Lii,0
Likhith,0
Lilo,0
Lin,0
Lincoln,33
Lincoln-Kidd,0
Linden,0
Lindin,0
Lindsay,0
Linford,0
Lingaa,0
Linkinn,0
Linton,0
Linus,0
Lion,0
Lionel,0
Lir,0
Lisandro,0
Lister,0
Litish,0
Littrel,0
Livandro,0
Lj,0
Llaelan,0
Lleyton,0
Lloyd,24
Llwyd,0
Loannes,0
Lochie,0
Lochlain,3
Lochlainn,35
Lochlan,31
Lochlann,33
Lochlin,0
Lochlunn,0
Lochlyn,0
Lochrann,0
Locke,0
Locki,0
Lockie,0
Locklynn,0
Loclan,0
Loclinn,0
Logain,0
Logan,858
Logan-James,0
Logan-John,0
Logan-lee,0
Logan-liam,0
Logan-Ray,0
Loghan,6
Login,0
Lohan,0
Loic,0
Loick,0
Lok,0
Lokaansh,0
Lok-Hung,0
Loki,0
Lokin,0
Lokman,0
Loman,0
Lomond,0
Lonain,0
Lonan,0
London,0
Long,0
Lorca,0
Lorcain,0
Lorcan,641
Lorccan,0
Lorchain,0
Lorchan,0
Lorencas,0
Lorenzo,6
Lorgain,0
Loris,0
Lorkin,0
Lorne,0
Lornejoe,0
Lorrcan,0
Loudoun,0
Loughlain,0
Loughlan,0
Loughlin,0
Loui,0
Louie,104
Louie-jayden,0
Louis,394
Louis-James,0
Louix,0
Loukas,0
Lourenco,0
Lovedia,0
Lowell,0
Lowen,0
Lowry,0
Lrccan,0
Lu,0
Luachra,0
Luadh,0
Luagha,0
Luan,3
Luaran,0
Lubos,0
Luc,14
Luca,283
Lucah,0
Lucas,932
Lucas-Asher,0
Lucas-bradley,0
Lucas-James,0
Lucas-Jose,0
Lucas-Noah,0
Lucasryan,0
Lucas-Ryan,0
Lucca,3
Luccas,0
Lucian,0
Luciano,0
Lucien,0
Lucius,0
Lucka,0
Lucus,0
Ludio,0
Luey,0
Lugh,0
Lughaidh,3
Lughan,0
Lui,0
Luigi,0
Luis,44
Luiz,0
Luka,47
Lukah,0
Lukas,134
Lukas-Jack,0
Lukass,0
Lukasz,0
Lukayan,0
Luke,2528
Lukis,0
Lung,0
Luo,0
Luqman,0
Lurcan,0
Lurcon,0
Luther,0
Luuk,0
Luys,0
Lyall,0
Lyam,0
Lyandro,0
Lydon,0
Lyle,3
Lyle-James,0
Lynas,0
Lynden,0
Lyndin,0
Lyndon,3
Lyndrie,0
Lynott,0
Lyon,0
Maarij,0
Mac,0
Macaire,0
Macartan,0
Macaulay,3
Macauley,23
Macdara,0
Macdarragh,0
Macenzie,0
Macey,0
Maciej,10
Maciek,0
Maciu,0
Mack,0
Mackeenzi,0
Mackenzi,0
Mackenzie,90
Mackinley,0
Maculey,0
Madden,0
Maddison,0
Maddox,18
Maddy,0
Madireddy,0
Madison,0
Madoc,0
Madox,0
Madyson,0
Maedoc,0
Mael,0
Maercio,0
Maghnus,0
Magnus,3
Mahad,0
Mahamed,0
Mahdi,0
Maher,0
Mahian,0
Mahir,0
Mahkia,0
Mahmoud,0
Maik,0
Maikl,0
Mairc,0
Mairtin,9
Maisen,0
Maison,15
Maisyn,0
Maithin,0
Maitia,0
Maitiu,6
Majky,0
Majo,0
Majus,0
Majzoub,0
Makafui,0
Makai,0
Makaio,0
Makauli,0
Makenzi,0
Makenzie,4
Makenzie-Ray,0
Maks,0
Maksim,8
Maksims,0
Maksis,0
Maksym,0
Maksymilian,30
Mal,0
Malachai,0
Malachey,0
Malachi,42
Malachy,132
Malachy-james,0
Malacky,0
Malakai,0
Malakhi,0
Malclom,0
Malcolm,6
Maldeno,0
Maldini,0
Maleeq,0
Malik,0
Malio,0
Mallon,0
Malmo,0
Mama,0
Mamadu,0
Man,0
Manas,0
Manave,0
Manfred,0
Manfredas,0
Mani,3
Manish,0
Manix,0
Manni,0
Mannix,0
Mantas,4
Mantijus,0
Mantvidas,0
Manuel,0
Manus,39
Man-Wai,0
Manzi,0
Maonus,0
Marc,336
Marc-Andre,0
Marc-Anthony,0
Marcas,0
Marcel,50
Marcell,0
Marcin,0
Marclee,0
Marco,14
Marcos,0
Marcus,367
Marcus-antony,0
Marcus-James,0
Marek,0
Marijus,0
Mario,0
Marius,0
Mariusz,0
Mark,1646
Mark-Alexander,0
Markas,3
Mark-Lee,0
Marko,0
Mark-Reilly,0
Marks,0
Mark-Thomas,0
Markus,17
Markuss,4
Marlex,0
Marley,22
Marley-jay,0
Marli,0
Marlin,0
Marlo,0
Maros,0
Marrion,0
Marschal,0
Marsel,0
Marshal,0
Marshall,29
Martain,0
Martan,0
Marthino,0
Martim,0
Martin,538
Martinas,0
Martin-gerard,0
Martin-john,0
Martin-luther,0
Martinog,0
Martins,0
Marty,0
Martyn,3
Martynas,3
Marvel,0
Marvelous,0
Marvin,0
Marwan,0
Marzio,0
Masala,0
Masen,0
Masion,0
Mason,849
Mason-bane,0
Mason-James,0
Mason-Rhys,0
Massan,0
Massimiliano,0
Massimo,0
Massy,0
Masyn,0
Matas,54
Mate,0
Matei,4
Matej,3
Mateja,0
Matelusz,0
Mateo,0
Mateus,0
Mateusz,48
Mathe,0
Matheu,0
Matheus,0
Mathew,38
Mathias,0
Mathieu,3
Mathison,0
Matias,0
Matija,0
Matinas,0
Matis,0
Matiss,0
Matisse,0
Matius,0
Matt,29
Matteo,6
Mattheo,0
Mattheson,0
Matthew,5610
Matthew-Charles,0
Matthew-Frans,0
Matthew-john,0
Matthias,0
Matthieu,0
Matthue,0
Mattia,0
Mattias,0
Mattie,0
Matts,0
Matty,0
Matua,0
Matus,0
Matvei,0
Matvej,0
Matvejs,0
Matvey,0
Matviejus,0
Matyas,0
Maurice,9
Mauro,0
Mauveru,0
Maverick,0
Max,1007
Maxi,0
Maxim,3
Maxime,0
Maximilian,20
Maximiliano,0
Maximilien,0
Maximillian,0
Maximillion,0
Maximus,0
Max-Rhys,0
Maxs,0
Maxwell,46
Maxx,0
Maxy,0
Maxymilian,0
Maynard,0
Mayookh,0
Mayson,0
Mazeli,0
Mazin,0
Mcauley,0
Mccauley,0
McCaulie,0
Mccoist,0
McKaddesh,0
Mckenzie,61
Mckenziejay,0
Md,0
Meacheal,0
Meahal,0
Mebin,0
Mecson,0
Medani,0
Medhansh,0
Meehal,0
Meehaul,0
Mehal,0
Mehaul,0
Mehawl,0
Mehdi,0
Mehmet,0
Mehmetali,0
Mehran,0
Meinartas,0
Mekhi,0
Mekkhi-anthony,0
Mekyle,0
Mel,0
Melgan,0
Melih,0
Melvene,0
Melvin,0
Melvyn,0
Melwin,0
Mema,0
Memis,0
Memphis,0
Merle,0
Merrick,0
Mert,0
Mervin,0
Mervyn,0
Merwin,0
Meshach,0
Metin,0
Mexes,0
Mexi,0
Mhainis,0
Mhanius,0
Miao,0
Mica,0
Micah,154
Miccoli,0
Miceal,52
Micha,0
Michaeil,0
Michael,2930
Michael-Daniel,0
Michael-dara,0
Michael-Dean,0
Michael-james,0
Michael-John,0
Michael-Joseph,0
Michael-Og,0
Michael-Ryan,0
Michail,0
Michal,53
Micheal,340
Micheal-Sean,0
Micheal-Seoirse,0
Michel,0
Michele,0
Mick,0
Micka,0
Mickael,0
Mickele,0
Mickey,0
Miculich,0
Mieszko,0
Miguel,0
Mihails,0
Miheal,0
Mihir,0
Mihit,0
Mihlali,0
Mika,0
Mikael,0
Mikail,0
Mikayil,0
Mike,3
Mikel,0
Mikel-Wongani,0
Mikenzi,0
Mikey,22
Mikhail,0
Miki,0
Mikie,0
Mikijs,0
Mikki,0
Miklas,0
Mikolaj,39
Miks,0
Mikus,0
Milan,0
Milario,0
Milay,0
Miles,18
Miley,0
Millar,0
Millen,0
Miller,0
Miller-jack,0
Milo,56
Milosz,5
Milton,0
Min,0
Mindas,0
Mindaugas,0
Ming,0
Mingsohang,0
Min-Hoo,0
Miollan,0
Miquel,0
Mir,0
Mircea,0
Miro,0
Miron,0
Miroslav,0
Miroslaw,0
Mitch,0
Mitchel,6
Mitchell,59
Mitchell-Ellis,0
Mitchell-Lee,0
Mitchum,0
Mitul,0
Mizanur,0
Mj,0
M-jay,0
Mjtba,0
Mmpho,0
Mo,0
Moaad,0
Moamen,0
Moawia,0
Moby,0
Modestas,0
Moeen,0
Mohamad,0
Mohamed,13
Mohammad,10
Mohammed,22
Mohammod,0
Mohan,0
Mohana,0
Mohit,0
Mohmed,0
Mohmmed,0
Mohnish,0
Moisa,0
Moise,0
Moises,0
Moiz,0
Moksh,0
Mokshith,0
Mon,0
Moneeb,0
Monir,0
Monroe,0
Montague,0
Montana,0
Montgomery,0
Monty,0
Moore,0
Morgan,252
Morgan-Lee,0
Morganti,0
Morgen,0
Moriolaoluwa,0
Morisi,0
Morne,0
Morrell,0
Morrie,0
Morris,0
Morton,0
Morya,0
Moses,0
Moshe,0
Moss,0
Mostafa,0
Mouhamed,0
Mousa,0
Moussa,0
Moyinoluwa,0
Mu,0
Muawiya,0
Muayad,0
Muaz,0
Mubarak,0
Mubeen,0
Muddathir,0
Mudther,0
Muezzin,0
Muhammad,33
Muhammed,0
Muhannad,0
Muhd,0
Muhibur,0
Muhmmad,0
Muho,0
Muir,0
Muireagan,0
Muirghein,0
Muiris,0
Mujib,0
Mukhil,0
Mukunda,0
Mukundhan,0
Mulhim,0
Multazzim,0
Mun,0
Munasar,0
Munashe,0
Muniir,0
Muntaha,0
Munyaradzi,0
Munzer,0
Muqaddas,0
Muqdad,0
Murad,0
Murchadh,0
Murdo,0
Murdoch,0
Murphy,0
Murray,7
Murtagh,0
Murtajiz,0
Musa,0
Musab,0
Muslim,0
Mustafa,0
Mustapha,0
Muwahhid,0
Muzamil,0
Muzammill,0
Mya,0
Mykolas,0
Myler,0
Myles,139
Mylles,0
Mylo,13
Naail,0
Naaser,0
Naasir,0
Nabeel,0
Nace,0
Nadeem,0
Nadeems,0
Nafe,0
Nagarjunah,0
Nageen,0
Naglis,0
Nahian,0
Naidas,0
Naidonas,0
Nail,0
Naill,0
Naim,0
Naithan,0
Naithi,0
Naithin,0
Najib,0
Najus,0
Nameer,0
Nana,0
Nandor,0
Nani,0
Naois,0
Naoise,30
Naoise-colla,0
Naomhan,3
Naseeb,0
Naseem,0
Naser,0
Naseruddin,0
Nash,0
Nasif,0
Nasoni,0
Nasr,0
Nasser,0
Nassim,0
Nat,0
Natan,26
Natanas,0
Nataniel,20
Natanielis,0
Natas,0
Nate,0
Nathan,2171
Nathanael,12
Nathaneal,0
Nathanial,0
Nathaniel,137
Nathan-John,0
Nathan-Lee,0
Nathan-leigh,0
Nathan-Paul,0
Nathan-Rhys,0
Nathan-Robert,0
Nathean,0
Nathen,0
Nathin,0
Nathyn,0
Naum,0
Nauris,0
Navaneethan,0
Navarone,0
Naveed,0
Navin,0
Navjot,0
Nawaf,0
Nayan,0
Nayann,0
Nayte,0
Naythan,0
Nazie,0
Nazih,0
Nazim,0
Nazmus,0
Neal,3
Neale,0
Neasan,0
Ned,6
Nedal,0
Nedas,0
Neel,0
Neeson,0
Neevh,0
Nehemiah,0
Nehmeih,0
Neidas,0
Neil,196
Neilandas,0
Neilas,3
Neill,3
Neilly,0
Neimantas,0
Neitanas,0
Neitans,0
Neitas,3
Neivydas,0
Nejus,0
Nelas,0
Nelquinho,0
Nelson,0
Nelu,0
Nemo,0
Neneldio,0
Neng,0
Neo,0
Neol,0
Nerijus,0
Nevan,0
Neven,0
Nevigh,0
Neville,0
Nevin,3
Newton,0
Neyo,0
Neza,0
Ngo,0
Niadh,0
Nial,6
Niall,1262
Niamkey,0
Nianzu,0
Nicco,0
Nicholai,0
Nicholas,242
Nicholaus,0
Nick,0
Nicko,0
Nickolas,0
Nicky,0
Nico,7
Nicol,0
Nicola,0
Nicolaj,0
Nicolas,36
Nicolau,0
Niek,0
Niels,0
Nigel,14
Nihal,0
Nikas,0
Nikhil,0
Niki,0
Nikita,6
Nikki,0
Niklas,0
Niko,0
Nikodem,36
Nikola,0
Nikolai,0
Nikolaos,0
Nikolas,4
Nikolass,0
Nikos,0
Niks,0
Nilas,0
Nile,0
Nilson,0
Nilton,0
Nima,0
Nimrod,0
Ninad,0
Nino,0
Nioclas,0
Nirav,0
Nirmal,0
Nishanth,0
Nisith,0
Nittelani,0
Nivaan,0
Nived,0
Nivin,0
Nixon,0
Nizio,0
Nkonyeasua,0
Noa,0
Noah,1712
Noah-River,0
Noah-Shea,0
Noa-Jay,0
Noble,0
Noe,0
Noel,106
Nojus,32
Nolan,0
Nollaig,0
Norbert,0
Norland,0
Norman,7
Norrie,0
North,0
Norvilas,0
Nouh,0
Nour,0
Nourdine,0
Novak,0
Noveldino,0
Nsymi,0
Nuadha,0
Nuadu,0
Nuh,0
Nuhin,0
Nuno,0
Nuri,0
Nyall,0
Nyech,0
Nyjah,0
Nyle,0
Nyloh,0
Nyrone,0
Oadhran,0
Oakes,0
Oakley,0
Oaran,0
Oathy,0
Obada,0
Obafemi,0
Obayd,0
Oberon,0
Oberyn,0
Obi,0
Obinna,0
Obioma,0
Oby,0
Ocean,0
Ocsar,0
Oda,0
Odhen,0
Odhin,0
Odhrain,0
Odhran,1159
Odhrann,0
Odie,0
Odin,15
Odonnabhain,0
Odonovan,0
Odran,0
Odrian,0
Oghenekparobo,0
Oghenetega,0
Ognian,0
Oilibhear,0
Oirin,0
Oishin,0
Oisin,1904
Oisin-barra,0
Oisin-Fionn,0
Oisin-james,0
Oisin-Ryan,0
Oissene,0
Oissin,0
Oissine,0
Oistin,0
Okan,0
Oklin,0
Oktawian,0
Okylin,0
Oladapo,0
Olaf,3
Olaibhear,0
Olan,0
Olann,0
Olanrewaju,0
Olaoluwakitan,0
Olaremi,0
Olatemi,0
Olatomiwa,0
Olcan,0
Ole,0
Oleg,0
Olek,0
Oli,0
Olibhear,0
Olie,0
Olin,0
Oliver,1856
Oliveris,0
Oliver-james,0
Oliver-John,0
Oliver-patrick,0
Olivers,0
Olivier,54
Oliwer,0
Oliwier,43
Ollam,0
Olli,0
Ollie,523
Ollie-j,0
Ollie-jac,0
Ollie-James,0
Ollie-Jay,0
Ollie-martin,0
Ollin,0
Olly,162
Olly-Jay,0
Olly-Lee,0
Olufemi,0
Olufolapademi,0
Olukorede,0
Oluwademilade,0
Oluwafemi,0
Oluwaferesimi,0
Oluwagbemileke,0
Oluwagbenga,0
Oluwaniayomi,0
Oluwanifemi,0
Oluwanimilo,0
Oluwaseikemi,0
Oluwaseun,0
Oluwatiseyi,0
Oluwatobi,0
Oluwatobiloba,0
Oluwatobilola,0
Oluwatofunmi,0
Oluwatomini,0
Oluwatumininu,0
Omar,23
Omarh,0
Omer,4
Onan,0
Ondrej,0
Onkar,0
Onray,0
Onur,0
Orainn,0
Oran,714
Oran-Lee,0
Orann,0
Ordhan,6
Ordhran,0
Oregon,0
Oreian,0
Oreilly,0
Oren,0
Oreoluwa,0
Oreon,0
Orestas,0
Orhan,0
Orhran,0
Ori,0
Orin,22
Orinn,0
Orion,0
Orlandas,0
Orlando,0
Orlin,0
Orran,3
Orren,0
Orrie,0
Orrie-Lee,0
Orrin,6
Orrin-Micheal,0
Orry,0
Osama,0
Oscaire,0
Oscar,626
Osea,0
Osemudiamen,0
Osian,0
Osion,0
Oskar,87
Oskaras,3
Oskari,0
Oskars,0
Osman,0
Ossian,0
Ossie,0
Ostinas,0
Osvaldas,0
Oswald,0
Oswin,0
Othniel,0
Otis,11
Otislee,0
Ottis,0
Otto,0
Ottorino,0
Ounan,0
Oussama,0
Owaeb,0
Owain,0
Owan,0
Owein,0
Owen,876
Owen-jack,0
Owyn,0
Ozhan,0
Ozric,0
Ozzie,0
Ozzy,0
Pabhraig,0
Pablo,0
Pacelli,0
Pacey,0
Padai,0
Padar,0
Paddy,30
Paddyfintan,0
Paden,0
Padhraic,3
Padhraig,3
Padraic,20
Padraig,587
Padraig-Callum,0
Padraigh,0
Padraig-John,0
Padraig-Pearse,0
Padre,0
Padriag,0
Padric,0
Paedar,0
Paidi,33
Paidin,0
Paidraig,0
Pairic,0
Paisley,0
Pak,0
Paolo,3
Papa,0
Paraic,12
Paraig,0
Pariag,0
Parijat,0
Paris,0
Parker,58
Parker-James,0
Parshuram,0
Partick,0
Pascal,6
Pascall,0
Paschal,0
Pat,0
Pat-David,0
Patraig,0
Patric,0
Patrick,2133
Patrick-Gerard,0
Patrick-James,0
Patrick-Jason,0
Patrick-Jayden,0
Patrick-Joseph,0
Patrickog,0
Patrick-Pearse,0
Patrick-Rainer,0
Patrick-Thomas,0
Patrik,0
Patryk,84
Patsy,0
Pau,0
Paud-aodh,0
Paudge,0
Paudi,4
Paudie,4
Paudraig,0
Paudric,0
Paul,972
Paul-Antoine,0
Paulas,0
Paulius,0
Paul-John,0
Paulo,0
Pauraic,0
Pauraig,0
Pauriac,0
Pauric,80
Pauric-Sean,0
Pavan,0
Pavel,0
Pavol,0
Pawan,0
Pawel,7
Paxton,0
Payden,0
Payton,0
Peadair,0
Peadar,119
Peader,0
Pearce,82
Pearse,412
Pearse-Joseph,0
Pearson,0
Pedro,0
Pei,0
Peirce,0
Peiwen,0
Pelas,0
Pele,0
Peni,0
Pentti,0
Percy,0
Perri,0
Perry,0
Pete,0
Peter,1366
Peter-James,0
Peter-joe,0
Peter-John,0
Peter-rhys,0
Petr,0
Petros,0
Peyton,0
Pharrell,0
Phearse,0
Pheilim,0
Phelan,0
Phelan-John,0
Phelem,0
Phelim,30
Phelix,0
Pheonix,0
Philip,405
Philip-junior,0
Philip-kyle,0
Philipp,0
Philippos,0
Philippus,0
Phillip,43
Phillippe,0
Phin,0
Phiwe,0
Phoenix,18
Phoenix-James,0
Phoenixx,0
Phoenyx,0
Phuoc,0
Phyll,0
Piarais,0
Piaras,48
Pier,0
Pierce,121
Pierre,0
Pierre-antoine,0
Pierre-Louis,0
Piers,0
Pierse,0
Pietro,0
Pijus,4
Pilib,0
Pinak,0
Pinyi,0
Pio,0
Piotr,23
Piran,0
Pj,0
Pjay,0
Pjeras,0
Platon,0
Pluinceid,0
Plunkett,0
Podhraig,0
Podraig,3
Pol,26
Polat,0
Pollan,0
Pol-Og,0
Porag,0
Poraic,0
Porter,0
Povilas,0
Prabhav,0
Prabhsimar,0
Prahasit,0
Prahlad,0
Pramod,0
Pranav,0
Pranay,0
Pranith,0
Prasidh,0
Prem,0
Prentise,0
Preslav,0
Presley,3
Preston,85
Preston-James,0
Preston-Samuel,0
Preztyn,0
Prince,0
Princeton,0
Princewill,0
Prithviraj,0
Proinnsias,0
Proinsas,0
Proinsias,0
Prosper,0
Prothum,0
Pryce,0
Przemyslaw,0
Pui,0
Pui-Hin,0
Punnoose,0
Qais,0
Qalb-E-abbas,0
Qeny,0
Qhen,0
Qi,0
Qing,0
Qingyu,0
Quade,0
Quenic,0
Quentin,0
Querry,0
Quilan,0
Quillan,0
Quin,0
Quincy,0
Quinn,44
Quinten,0
Quintin,0
Quinton,0
Qylan,0
Raairi,0
Raanan,0
Rab,0
Rabbie,0
Racel,0
Racheen,0
Rachid,0
Radlee,0
Radley,0
Radu,0
Raed,0
Raef,0
Raegan,0
Raeyan,0
Rafael,9
Rafal,0
Rafay,0
Rafe,0
Raffaello,0
Rafferty,0
Raffi,0
Raffie,0
Rafi,0
Rafii,0
Rafmakeane,0
Rahad,0
Rahat,0
Raheem,0
Rahil,0
Rahim,0
Rahm,0
Rahmeir,0
Rahul,0
Raiad,0
Raian,0
Raiden,0
Raife,0
Raigan,0
Raighain,0
Raimond,0
Raimondas,0
Raimund,0
Rain,0
Rainers,0
Rainey,0
Rainier,0
Raiose,0
Raith,0
Raiver,0
Raivis,0
Rajit,0
Rajiv,0
Rajveer,0
Rakeem,0
Rakshan,0
Rakyle,0
Ralf,0
Ralfie,0
Ralfs,0
Ralph,29
Ralphie,0
Raman,0
Ramazan,0
Ramesh,0
Rami,0
Ramin,0
Ramon,0
Ramone,0
Ramsay,0
Ramsey,0
Ramzi,0
Randal,0
Randy,0
Ranon,0
Ranveer,0
Ranvir,0
Raois,0
Raoul,0
Raphael,9
Rares,0
Ras,0
Rashad,0
Rashid,0
Rasif,0
Rasim,0
Rathlin,0
Ratik,0
Ratu,0
Rauiri,0
Raul,0
Raurai,0
Rauri,0
Ravi,0
Rawle,0
Rawson,0
Ray,9
Rayaan,0
Rayan,0
Rayed,0
Rayen,0
Rayhan,0
Raylan,0
Raymond,78
Rayne,0
Raynor,0
Rayon,0
Rayyan,3
Raz,0
Razvan,0
Razzak,0
Rea,0
Reagan,14
Reaghan,0
Reamon,0
Reamonn,0
Reannan,0
Recko,0
Redas,0
Redmond,0
Redwan,0
Reece,1017
Reece-Aaron,0
Reece-anthony,0
Reece-David,0
Reed,0
Reef,0
Reegan,0
Reeice,0
Rees,0
Reese,12
Reeshabh,0
Reeve,0
Refn,0
Reg,0
Regan,60
Regan-stephen,0
Reggie,7
Reghan,0
Regi,0
Reginald,0
Rehan,0
Reice,0
Reico,0
Reid,4
Reigan,0
Reighan,0
Reiley,0
Reilly,21
Reily,0
Reinis,0
Reinold,0
Reion,0
Reiss,0
Reiuel,0
Rejus,0
Remi,0
Remigijus,0
Remigiusz,0
Remil,0
Remo,0
Remus,0
Remy,6
Ren,0
Renaldas,0
Renan,0
Renars,0
Renat,0
Rene,0
Renji,0
Reno,0
Renzo,0
Reo,0
Reo-Jay,0
Reon,0
Reuban,0
Reuben,734
Reuben-James,0
Reubin,0
Reubyn,0
Reuel,0
Reuven,0
Rex,6
Reyad,0
Reyansh,0
Reydn,0
Reyjes,0
Reza,0
Rhain,0
Rhaylor,0
Rhegan,0
Rheis,0
Rheo,0
Rheuben,0
Rhian,0
Rhico,0
Rhilan,0
Rhiley,0
Rhio,0
Rhodri,0
Rhogan,0
Rhonan,0
Rhyan,0
Rhyce,0
Rhye,0
Rhylan,5
Rhyle,0
Rhylee,0
Rhyley,0
Rhylie,0
Rhynard,0
Rhyon,0
Rhys,1046
Rhys-Matthew,0
Rhyss,0
Ri,0
Riagain,0
Riagan,0
Riaghan,0
Riain,20
Rian,266
Riane,0
Rian-Jack,0
Riaz,0
Ricardino,0
Ricardo,0
Ricards,0
Riccardo,0
Ricco,0
Richard,294
Richie,3
Richy,0
Ricki,0
Ricksen,0
Ricky,3
Rickye,0
Rico,0
Rico-Michael,0
Ridit,0
Ridley,0
Ridwan,0
Rielly,0
Riely,0
Rigan,0
Rihley,0
Rijul,0
Rikardo,0
Rikas,0
Riku,0
Rilee,0
Rileigh,0
Riley,855
Riley-james,0
Riley-jay,0
Riley-joe,0
Riliegh,0
Rimgaudas,0
Rinaldo,0
Rio,119
Rio-blake,0
Rioch,0
Rio-cruz,0
Rioghan,9
Rioghnan,0
Rioghon,0
Rioghran,0
Rion,0
Riordain,0
Riordan,0
Ripon,0
Riquelme,0
Rishaan,0
Rishabh,0
Rishank,0
Rishi,0
Rishik,0
Risteard,0
Ritchie,0
Rithvik,0
Ritvik,0
Rivaldo,0
Rivan,0
River,0
Riyadh,0
Riyan,0
Rizwan,0
Rj,0
Rjay,0
R-Jay,0
Roa,0
Roald,0
Roan,45
Roary,0
Rob,0
Robai,0
Robaird,0
Robb,0
Robben,0
Robbi,0
Robbie,357
Robbie-James,0
Robbie-john,0
Robbie-Lee,0
Robbie-Leigh,0
Robbie-ray,0
Robbie-Ryan,0
Robby,0
Roben,0
Robert,1063
Robertas,0
Robert-Frederic,0
Robertho,0
Robert-James,0
Robert-John,0
Robert-Joshua,0
Roberto,0
Robert-ray,0
Roberts,0
Robie,0
Robin,112
Robinho,0
Robin-Lee,0
Robson,0
Robyn,0
Rocai,0
Rocco,52
Rockley,0
Rocklyn,0
Rocky,0
Rodai,0
Roddi,0
Roddy,0
Rodel,0
Roderick,0
Rodhan,0
Rodion,0
Rodney,0
Rodrigo,0
Roe,0
Rogan,28
Roger,0
Roger-Jude,0
Roger-Patrick,0
Roghain,0
Roghan,0
Rohan,40
Rohin,0
Rohit,0
Rohnin,0
Roi,0
Roighan,0
Roinin,0
Rojus,0
Rokas,7
Roland,0
Rolex,0
Rollo,0
Roly,0
Romaine,0
Roman,31
Roman-anthony,0
Romano,0
Rome,0
Romeo,0
Romi,0
Romin,0
Romit,0
Romman,0
Rommel,0
Rommer,0
Romulas,0
Ron,0
Ronain,0
Ronald,0
Ronaldo,0
Ronalds,0
Ronan,1556
Ronann,0
Rong,0
Ronin,9
Ronit,0
Ronnie,9
Ronnie-Kirk,0
Ronny,0
Ronyl,0
Rooney,0
Roqeeb,0
Rorai,0
Roran,0
Rori,0
Rorie,0
Rorry,0
Rory,1167
Ros,0
Rosa,0
Roscoe,0
Roshaan,0
Roshan,0
Ross,923
Rossa,68
Rossi,0
Ross-Thomas,0
Rosvaldas,0
Rounak,0
Rourke,0
Rouzbeh,0
Rowan,165
Rowdy,0
Rowel,0
Rowen,0
Roy,16
Royce,0
Roy-James,0
Royston,0
Rua,0
Ruadan,0
Ruadh,0
Ruadhan,34
Ruadhan-Darragh,0
Ruadhri,0
Ruadri,0
Ruaidhri,13
Ruaidri,0
Ruairaidh,0
Ruairc,0
Ruairi,862
Ruairic,0
Ruairidh,0
Ruan,17
Ruanai,0
Ruarai,0
Ruarc,0
Ruarcc,0
Ruari,39
Ruaridh,0
Rubab,0
Ruban,0
Ruben,94
Rubens,0
Rubin,0
Ruchit,0
Ruddi,0
Rudi,29
Rudie,0
Rudolf,0
Rudraksha,0
Rudy,21
Rueben,0
Ruedi,0
Rufi,0
Rufus,0
Rugan,0
Ruhaan,0
Ruhan,0
Rui,0
Ruiari,0
Ruibhean,0
Ruidi,0
Ruien,0
Rujhaan,0
Run,0
Ruolin,0
Rupert,0
Rupshayan,0
Rurairi,0
Ruric,0
Rushil,0
Rush-Tyler,0
Rusiate,0
Ruslan,0
Rusnius,0
Russ,0
Russell,13
Ruudi,0
Ruudy,0
Rwik,0
Ryad,0
Ryan,4778
Ryan-bentley,0
Ryan-Curtis,0
Ryan-Eoin,0
Ryan-James,0
Ryanlee,0
Ryan-Lee,0
Ryan-Paul,0
Ryan-Seamus,0
Ryan-Shaun,0
Ryan-steven,0
Ryas,0
Ryce,0
Ryder,0
Rye,0
Ryhan,0
Ryhim,0
Ryhs,0
Ryker,0
Rylan,17
Ryland,0
Ryle,0
Rylee,36
Rylee-jay,0
Ryleigh,0
Ryley,42
Rylie,18
Rylnn,0
Rylyn,0
Ryo,0
Ryon,0
Rys,0
Ryse,0
Ryszard,0
Rytis,0
Saad,0
Saadullah,0
Saahil,0
Saathvik,0
Sabin,0
Sacha,0
Sachairi,0
Sachin,0
Sadek,0
Sadri,0
Saeed,0
Safwaan,0
Safwan,0
Sagar,0
Sage,0
Saharsh,0
Sahen,0
Sahil,0
Sai,0
Said,0
Saif,0
Saif-Aldeen,0
Saim,0
Saimonas,0
Sairin,0
Saisanjay,0
Sajid,0
Sajidur,0
Sakariya,0
Salah,0
Salahuddeen,0
Saldenio,0
Salem,0
Salh,0
Salih,0
Salim,0
Salimoni,0
Salton,0
Salvantynho,0
Salvatore,0
Salvijus,0
Salwin,0
Sam,898
Samad,0
Samarth,0
Samatar,0
Samed,0
Sameeh,0
Sameer,0
Samer,0
Sami,0
Samik,0
Samir,0
Samisoni,0
Sam-Long,0
Sam-Luis,0
Sammey,0
Sammie,0
Sammy,6
Sammy-Joe,0
Samsom,0
Samson,4
Sam-Thomas,0
Samual,0
Samudra,0
Samuel,1633
Samuel-dylan,0
Samuel-Joseph,0
Sanal,0
Sanan,0
Sanath,0
Sanches,0
Sandro,0
Sandy,0
Sandy-Bill,0
Sanjit,0
Sanjo,0
Sanskar,0
Santiago,6
Santino,0
Saoban,0
Saoirse,0
Saptansh,0
Saraan,0
Saran,0
Sareemur,0
Sarid,0
Sarunas,0
Sascha,0
Sasha,0
Satrio,0
Saul,127
Savas,0
Savin,0
Savino,0
Savio,0
Sawyer,0
Saxon,0
Sayed,0
Sayeed,0
Sayf,0
Sayyid,0
Sceva,0
Schmeichel,0
Schuyler,0
Scot,3
Scott,989
Scottie,0
Scotty,0
Se,58
Sea,0
Seaan,0
Seachlann,0
Seadanta,0
Seadhna,0
Seadna,0
Seagh,0
Seaghan,0
Seaghda,0
Seaghdha,0
Seaghdha-daire,0
Seald,0
Sealius,0
Seamas,0
Seamus,241
Seamus-Antione,0
Seamus-Og,0
Sean,2472
Seanach,0
Seanan,7
Sean-Anthony,0
Seanay,0
Sean-Bailey,0
Sean-Brendan,0
Seancasey,0
Seanchan,0
Seanchas,0
Sean-corey,0
Sean-Eoin,0
Sean-Francis,0
Seanie,0
Sean-james,0
Sean-John,0
Sean-junior,0
Seanmartin,0
Sean-Martin,0
Sean-Michael,0
Seann,0
Seanna,4
Seannain,0
Seanni,0
Seanog,0
Sean-Og,0
Seanoug,0
Sean-Owen,0
Sean-Padraig,0
Seanpatrick,0
Sean-Patrick,0
Seanpaul,0
Sean-Paul,17
Sean-Pearce,0
Sean-pearse,0
Sean-Piaras,0
Seanpol,0
Sean-Pol,0
Sean-Thomas,0
Sean-Tone,0
Searbhan,0
Searnan,0
Seb,0
Sebastiaan,0
Sebastian,216
Sebastien,0
Sebastyn,0
Sebestyen,0
Seeley,0
Seff,0
Sefin,0
Segdae,0
Sehaj,0
Seigh,0
Seigheann,0
Seiji,0
Seijuro,0
Seimi,0
Seimi-Og,0
Selase,0
Selva,0
Semih,0
Senan,189
Sendhil,0
Seng,0
Senna,0
Senon,0
Seoirse,0
Seon,0
Seonag,0
Seosamh,3
Seosaph,0
Sepehr,0
Sepp,0
Seray,0
Sercan,0
Serdar,0
Sergei,0
Sergej,0
Sergio,0
Sergiusz,0
Serim,0
Sesan,0
Setanta,3
Seth,296
Seve,0
Sevie,0
Seweryn,0
Seyed,0
Shaan,0
Shadi,0
Shae,11
Shaeden,0
Shafee,0
Shafeen,0
Shafiq,0
Shah,0
Shaheen,0
Shaheer,0
Shahriar,0
Shahroz,0
Shahzaib,0
Shai,0
Shailen,0
Shain,0
Shaka,0
Shakeel,0
Shamus,0
Shan,0
Shane,966
Shane-Og,0
Shane-ryan,0
Shankly,0
Shann,0
Shannon,0
Shanny,0
Shanog,0
Shao,0
Shaquille,0
Shariff,0
Sharmake,0
Shaun,169
Shaun-Cathal,0
Shaune,0
Shauney,0
Shaunie,0
Shaunoig,0
Shaun-Paul,0
Shaurya,0
Shauryaman,0
Shaw,0
Shawn,0
Shay,419
Shayaan,0
Shayan,0
Shaye,0
Shaylein,0
Shayne,44
Shay-Padraig,0
Shazli,0
Shea,1515
Sheagh,0
Shealan,0
Shea-liam,0
Sheamus,0
Sheant,0
Shea-Patrick,0
Shea-pearse,0
Shearnan,0
Shea-Ryan,0
Shea-Tomas,0
Sheayin,0
Shecine,0
Sheehan,0
Sheelin,0
Sheikh,0
Shelby,0
Sheldin,0
Sheldon,0
Shelton,0
Shemiah,0
Shemus,0
Sheng,0
Shenna,0
Sheouin,0
Sheriff,0
Shermen,0
Shey,0
Shi,0
Shia,0
Shiel,0
Shihab,0
Shiki,0
Shileen,0
Shine,0
Shing,0
Shiraz,0
Shiv,0
Shivam,0
Shivan,0
Shivesh,0
Shivraj,0
Shlok,0
Shmuel,0
Shock,0
Sholto,0
Shopon,0
Shota,0
Shraman,0
Shravan,0
Shree,0
Shrenik,0
Shreve,0
Shreyan,0
Shreyas,0
Shrida,0
Shrish,0
Shuan,0
Shubarna,0
Shuggie,0
Shun,0
Shunsuke,0
Shyam,0
Siadhal,0
Sian,0
Siberius,0
Sid,0
Sidas,0
Siddarth,0
Siddharth,0
Siddiq,0
Sidharth,0
Sidney,0
Sielan,0
Sifath,0
Sijjad,0
Sikander,0
Silas,0
Silean,0
Silva,0
Silviu,0
Simao,0
Simas,3
Simbarashe,0
Simeon,0
Simon,222
Simonas,0
Simonjay,0
Simon-peter,0
Simpson,0
Sina,0
Sincoln,0
Sinon,0
Siochain,0
Siollan,0
Sion,0
Sionan,0
Sionna,0
Siphiwo,0
Sipho,0
Siraj,0
Sirio,0
Siu,0
Sivan,0
Skander,0
Sky,0
Skye,0
Skyler,0
Slaine,0
Slavi,0
Sleibhin,0
Smayan,0
Smokey,0
Smyth,0
Sofien,0
Sohaib,0
Sohail,0
Soham,0
Sohil,0
Sohta,0
Sol,18
Solan,0
Solivan,0
Solomon,11
Somesh,0
Somhairle,0
Son,0
Song-Hui,0
Soni,0
Sonni,0
Sonnie,0
Sonny,76
Sonny-Lee,0
Sora-Vergil,0
Soren,0
Sorin,0
Sorley,0
Sorley-Logan,0
Soteras,0
Sotiris,0
Souhardya,0
Soul,0
Sovita,0
Spencer,56
Spencer-Jay,0
Spenser,0
Spike,0
Spyridon,0
Sree,0
Sriraj,0
Sriraman,0
Srivar,0
Srivas,0
Sriyan,0
St.John,0
Stafford,0
Stan,0
Standfast,0
Stanex,0
Stanislav,0
Stanislaw,6
Stanley,11
Stavros,0
Steafan,0
Stebin,0
Steen,0
Stefan,111
Stefano,0
Steffan,0
Stein,0
Steive,0
Stelios,0
Stellan,0
Stellios,0
Stepan,0
Stephan,0
Stephane,0
Stephen,1082
Stephen-Lee,0
Stephen-Og,0
Stephen-Paul,0
Stephin,0
Steve,3
Steven,384
Steven-Lee,0
Steven-og,0
Stevie,3
Stevie-james,0
Stevie-Lee,0
Stevo,0
Stewart,80
Stewart-Lee,0
Stiofan,3
Storm,0
Struan,0
Stuard,0
Stuart,294
Stuarty,0
Subayr,0
Subhaan,0
Sufyan,0
Suhayb,0
Sujal,0
Sulaiman,0
Suleman,0
Sullivan,0
Sumeet,0
Sunee,0
Suni,0
Sunni,0
Suraj,0
Suresh,0
Suryaanssh,0
Suryansh,0
Sven,0
Syd,0
Sydney,0
Syed,0
Sylvan,0
Sylwester,0
Synan,0
Syrvonne,0
Szczepan,0
Sze,0
Szebasztian,0
Szymon,55
Taaseen,0
Taavi,0
Tadas,0
Tadc,0
Tadeusz,0
Tadg,0
Tadgh,0
Tadhg,76
Tadiwanashe,0
Taha,0
Tahmeed,0
Tahmid,0
Tai,3
Taidgh,0
Taidhg,0
Taidhgin,0
Taigh,0
Taighe,0
Taine,0
Tainur,0
Taio,0
Tairdelbach,0
Tai-reece,0
Tairese,0
Tait,0
Taiton,0
Taiyuan,0
Taj,0
Tajus,17
Takuto,0
Talal,0
Talan,0
Taleb,0
Talha,0
Taliesin,0
Talimul,0
Tallinn,0
Tallon,0
Tallyn,0
Tamar,0
Tamarius,0
Tamas,0
Tana,0
Tanai,0
Tanaka,0
Tanav,0
Tanay,0
Tane,0
Tanish,0
Tanishq,0
Tanner,0
Tannor,0
Tapiwa,0
Tarak,0
Taran,0
Tarek,0
Tarik,0
Tariq,0
Tariro,0
Tarlach,3
Tarun,0
Tarunesh,0
Tashinga,0
Tate,8
Taubie,0
Tauras,0
Tauren,0
Tavon,0
Tawaliu,0
Tay,0
Taye,0
Tayfun,0
Taylan,0
Tayler,0
Taylor,457
Taylor-james,0
Taylor-Jay,0
Taylor-John,0
Taylor-lee,0
Taylor-Leigh,0
Taym,0
Tayo,0
Tayten,0
Tayyib,0
Taz,0
Teadghan,0
Teagan,0
Teagen,0
Teaghan,0
Teaghon,0
Teague,0
Teanno,0
Tearlach,0
Tearlagh,0
Tearnan,0
Teaven,0
Ted,27
Teddi,0
Teddie,3
Teddy,52
Tedford,0
Tedghan,0
Tee,0
Teejay,0
Tee-Jay,0
Teejay-ryan,0
Teelin,0
Tegan,0
Tehan,0
Tei,0
Teiano,0
Teigan,0
Teighan,0
Teigue,0
Teirnan,0
Tej,0
Te-jai,0
Tejas,0
Tejay,0
Te-Jay,0
Temen,0
Temiloluwa,0
Temour,0
Templeton,0
Tendai,0
Teng,0
Tennyson,0
Tenuun,0
Teo,0
Teodor,0
Teodors,0
Teofil,0
Teoman,0
Terence,54
Terrance,0
Terrell,0
Terrence,0
Terry,19
Terry-jay,0
Terry-Joe,0
Terry-Lee,0
Teyo,0
Teyte,0
Thaddaeus,0
Thaddeus,0
Thadg-Joseph,0
Thady,0
Thahid,0
Thai,0
Thane,0
Thanishq,0
Thanos,0
Tharusha,0
Theadore,0
Theo,334
Theodor,3
Theodore,59
Theodoros,0
Theodorus,0
Theon,0
Theoren,0
Theo-Thaddeus,0
Thiago,0
Thibault,0
Thierry,0
Thijmen,0
Thoirn,0
Thom,3
Thomas,3305
Thomas-Blake,0
Thomas-Dylan,0
Thomas-James,0
Thomas-Jay,0
Thomas-John,0
Thomas-Owen,0
Thommas,0
Thommy,0
Thompson,0
Thomson,0
Thorin,0
Thristin,0
Thymoty,0
Tia,0
Tiaan,0
Tiago,0
Tian,0
Tianen,0
Tiaran,0
Tiarana,0
Tiarnach,4
Tiarnain,0
Tiarnan,556
Tieran,0
Tierin,0
Tiernach,0
Tiernain,0
Tiernan,797
Tiernan-Lee,0
Tiernay,0
Tierney,0
Tiernin,0
Tiernnan,0
Tiernoc,0
Tiernon,0
Tieron,0
Tifeoluwa,0
Tigearnan,0
Tiger,0
Tiger-Lee,0
Tigernan,0
Tighearnach,0
Tighearnan,10
Tighearnoch,0
Tighernan,0
Tihami,0
Tihomir,0
Tijay,0
Tijus,0
Tilimbane,0
Tilson,0
Tim,9
Timas,0
Timilehin,0
Timmy,0
Timo,0
Timoci,0
Timofej,0
Timotee,0
Timotei,0
Timotej,0
Timothee,0
Timothy,327
Timur,3
Tinashe,0
Ting,0
Tir,0
Tiras,0
Tireogain,0
Tireoghain,0
Tireoin,0
Tirnan,0
Tirrell,0
Tirynn,0
Titas,4
Titimaldini,0
Tito,0
Titus,0
Tiyron,0
Tj,0
Tjabering,0
T-Jai,0
T-Jay,0
Tjoe,0
Toban,0
Tobbi,0
Toben,0
Tobey,0
Tobi,0
Tobiah,0
Tobias,84
Tobiasz,0
Tobie,0
Tobie-Lee,0
Tobin,0
Toby,300
Toby-lee,0
Tobyn,0
Tochukwu,0
Tod,0
Todd,21
Todhran,0
Todor,0
Toiran,0
Toirealach,0
Toirleach,0
Tola,0
Tolulope,0
Toluwalase,0
Toluwanife,0
Tom,692
Toma,0
Tomai,0
Tomas,339
Tomasi,0
Tomass,0
Tomas-Tom,0
Tomasz,6
Tomaz,0
Tomek,0
Tomeo,0
Tomi,0
Tomiya,0
Tommaso,0
Tommi,0
Tommie,0
Tommie-Lee,0
Tommy,218
Tommy-Jack,0
Tommy-James,0
Tommy-Joe,0
Tommylee,0
Tommy-Lee,0
Tommy-Ray,0
Toms,0
Tomys,0
Tonderai,0
Toni,0
Tonie,0
Tonijs,0
Tonis,0
Tony,131
Tony-james,0
Tony-Lee,0
Toprak,0
Tor,0
Toraigh,0
Toran,0
Torben,0
Torcan,0
Toren,0
Torfhinn,0
Tori,0
Tori-Lee,0
Torin,18
Torr,0
Torre,0
Torrens,0
Torres,0
Torrey,0
Torrin,0
Torry,0
Tory,0
Toryn,0
Tosani,0
Tosin,0
Touseef,0
Trae,0
Trafford,0
Traford,0
Trai,0
Traolach,0
Travis,214
Travis-James,0
Travis-Lee,0
Traye,0
Tre,0
Trea,0
Trei,0
Tremaine,0
Trent,0
Trenton,0
Trentyn,0
Trevin,0
Trevis,0
Trevor,33
Trevor-Klay,0
Trevyn-Jay,0
Trey,0
Trilyn,0
Tristaan,0
Tristan,233
Tristen,0
Tristian,0
Tristin,6
Triston,0
Tristyn,0
Tronhan,0
Troy,169
Troydin,0
Truan,0
Truman,0
Trystan,0
Trystin,0
Tsai,0
Tsidkenu,0
Tsz,0
Tsz-Shun,0
Tuan,0
Tudor,0
Tugcan,0
Tuinean,0
Tukaram,0
Tuncel,0
Turaab,0
Turan,0
Turlach,0
Turloch,0
Turlough,38
Ty,33
Tyainon,0
Tyan,0
Tye,3
Tyell,0
Tyer,0
Tyi,0
Tyla,0
Tylan,0
Tylar,0
Tyler,975
Tyler-Jackson,0
Tyler-james,0
Tyler-Jay,0
Tyler-John,0
Tyler-Jordon,0
Tyler-Joshua,0
Tyler-Lee,0
Tyler-Mason,0
Tyler-Matthew,0
Tyler-Richard,0
Tyler-Uel,0
Tylor,6
Tylor-Jay,0
Tymon,10
Tymoteusz,3
Tynan,0
Tynen,0
Tyran,0
Tyree,0
Tyreece,0
Tyreek,0
Tyreese,0
Tyreik,0
Tyrek,0
Tyrel,0
Tyrell,0
Tyrelle,0
Tyres,0
Tyrese,6
Tyrhys,0
Tyrian,0
Tyrin,0
Tyrion,0
Tyron,0
Tyrone,31
Tyson,0
Tytus,0
Uanan,0
Uate,0
Udochukwu,0
Uel,0
Ugnius,0
Uilleac,0
Uilliam,0
Uisce,0
Ultan,53
Ultan-Rua,0
Umair,0
Umar,0
Umayr,0
Umeir,0
Umer,0
Umit,0
Umut,0
Uosis,0
Uri,0
Uriah,0
Usman,0
Uthenga,0
Utibe,0
Uuel,0
Uyanda,0
Uzair,0
Vadim,0
Vadims,0
Vadym,0
Vakaris,0
Val,0
Valan,0
Valdini,0
Valdis,0
Valelo,0
Valentin,0
Valentine,0
Valentino,0
Valerio,0
Valerios,0
Vandinho,0
Vangelis,0
Vanicio,0
Vansh,0
Varun,0
Vasilije,0
Vaughn,4
Vedant,0
Vedanth,0
Veer,0
Vejas,0
Velan,0
Ven,0
Venancio,0
Venkata,0
Vern,0
Vernon,0
Veselin,0
Vharish,0
Vianiy,0
Vicente,0
Victor,21
Victory,0
Vidhath,0
Vihaan,0
Vijay,0
Vikesh,0
Vikram,0
Viktor,3
Vildeson,0
Vilius,0
Vinay,0
Vince,0
Vincent,96
Vincent-gabriel,0
Vincent-James,0
Vincenzo,0
Vincie,0
Vinn,0
Vinni,0
Vinnie,0
Vinny,0
Vinsara,0
Viraj,0
Vishal,0
Vishnu,0
Vitalis,0
Vitor,0
Vittorio,0
Vivan,0
Vivek,0
Vlad,0
Vladimir,0
Vladislavs,0
Vladymyr,0
Vojtech,0
Von,0
Vytautas,0
Vytis,0
Wadan,0
Wade,0
Wadsworth,0
Wai,0
Wajid,0
Waleed,0
Walker,0
Wallace,0
Walsh,0
Walter,0
Wan,0
Wandi,0
Wang,0
Ward,0
Warden,0
Warner,0
Warren,55
Warrick,0
Wassim,0
Wasswa,0
Watson,0
Wayde,0
Wayne,15
Wei,0
Wei-Yu,0
Wen,0
Wendell,0
Wentao,0
Wesley,10
West,0
Weston,0
Wezley,0
Wiktor,24
Wil,0
Wilbert,0
Wilbur,0
Wilf,0
Wilfie,0
Wilfred,0
Will,139
William,1742
William-George,0
William-Henry,0
William-James,0
William-John,0
William-Lee,0
Willian,0
Willie,0
Willis,0
Willoughby,0
Willow,0
Willson,0
Wilnor,0
Wilson,7
Windsor,0
Wing,0
Wing-Fung,0
Winston,0
Wisaam,0
Wisdom,0
Witold,0
Witosz,0
Wojciech,24
Wojtek,0
Wolfe,0
Wolfgang,0
Woodie,0
Woodrow,0
Woody,3
Worlali,0
Wyatt,16
Wylie,0
Wyll,0
Wyndsor,0
Wynter,0
Xac,0
Xan,0
Xander,22
Xavery,0
Xavi,0
Xaviar,0
Xavier,15
Xawier,0
Xeno,0
Xi,0
Xian,0
Xiang,0
Xiang-Yi,0
Xiao,0
Xiaochao,0
Xiaofan,0
Xile,0
Xin,0
Xing,0
Xinxiang,0
Xue,0
Yacine,0
Yafi,0
Yahya,0
Yameen,0
Yamin,0
Yamn,0
Yan,0
Yanfeng,0
Yang,0
Yanick,0
Yanik,0
Yanis,0
Yanmiao,0
Yann,0
Yannic,0
Yannick,0
Yano,0
Yansong,0
Yan-Zhen,0
Yao,0
Yarasi,0
Yarrow,0
Yasar,0
Yaseen,0
Yaser,0
Yash,0
Yasin,0
Yasir,0
Yassen,0
Yasser,0
Yassin,0
Yassine,0
Yat,0
Yavin,0
Yavuz,0
Yazan,0
Yazen,0
Yazin,0
Ye,0
Yedhunandan,0
Yehoshua,0
Yeon,0
Yeshua,0
Yi,0
Yiayan,0
Yien,0
Yik-Lam,0
Yilong,0
Ying,0
Yingzi,0
Yinxiang,0
Yip,0
Yishan,0
Yiu,0
Yiyang,0
Yoan,0
Yoann,0
Yohan,0
Yonah,0
Yonatan,0
Yong,0
Yonis,0
Yoosuf,0
Yorke,0
Yosef,0
Yosif,0
Yossef,0
You,0
Youcef,0
Younesse,0
Yousaf,0
Yousef,3
Yousif,0
Yousof,0
Youssef,0
Yousuf,0
Yu,0
Yuan,0
Yue,0
Yu-Henn,0
Yu-Hong,0
Yuji,0
Yuk,0
Yuki,0
Yun,0
Yung,0
Yunkai,0
Yuran,0
Yuri,0
Yusef,0
Yussef,0
Yusuf,7
Yusung,0
Yuto,0
Yuv,0
Yuvaan,0
Yuvansh,0
Yvain,0
Yvan,0
Ywann,0
Yzn,0
Zaac,0
Zaackary,0
Zaahid,0
Zac,273
Zacariah,0
Zacc,0
Zach,503
Zachari,0
Zacharia,0
Zachariah,43
Zacharias,0
Zacharie,0
Zachary,314
Zachauri,0
Zachery,0
Zach-Lee,0
Zachri,0
Zack,226
Zackari,0
Zackary,0
Zackery,0
Zacoolee,0
Zade,0
Zadok,0
Zai,0
Zaid,0
Zaiden,0
Zain,3
Zak,259
Zakarea,0
Zakari,0
Zakaria,3
Zakariah,0
Zakariath,0
Zakarie,0
Zakariya,0
Zakariye,0
Zakary,0
Zakarya,0
Zakas,0
Zakery,0
Zaki,0
Zakir,0
Zakk,10
Zakkaria,0
Zakri,0
Zalan,0
Zalinette,0
Zan,0
Zander,3
Zandrei,0
Zane,16
Zaneto,0
Zarach,0
Zavin,0
Zavion,0
Zayan,0
Zayd,0
Zayden,0
Zayhn,0
Zayn,7
Zayne,0
Zayvion,0
Zayyan,0
Zbyszko,0
Zdenek,0
Ze,0
Zeb,0
Zechariah,0
Zed,0
Zedas,0
Zedd,0
Zedrix,0
Zeejah,0
Zeerus,0
Zefrito,0
Zein,0
Zeinelabdin,0
Zek,0
Zeke,0
Zeke-alexander,0
Zeki,0
Zelbenj,0
Zenaio,0
Zenan,0
Zenho,0
Zenith,0
Zennith,0
Zeno,0
Zephyr,0
Zephyran,0
Zeqi,0
Zeshan,0
Zevy,0
Zeyah,0
Zhaell,0
Zhai,0
Zhao,0
Zhekai,0
Zhen,0
Zheng,0
Zhi,3
Zhian,0
Zhihao,0
Zhi-Peng,0
Zhixuan,0
Zhiyuan,0
Zhou,0
Zhouming,0
Zi,0
Ziad,0
Zian,0
Zichen,0
Zidane,0
Ziggy,0
Zihao,0
Zijie,0
Zinedine,0
Zion,0
Zivai,0
Zixi,0
Ziyad,0
Ziyi,0
Zohaib,0
Zoltan,0
Zongqi,0
Zorawar,0
Zoren,0
Zun,0
Zunair,0
Zygis,0
