Vladimir,13
Aleksandr,9
Dmitri,7
Sergey,7
Ruslan,6
Marat,5
Alexey,5
Andrey,5
Igor,4
Sergej,4
Emil,3
Askar,3
Vladislav,3
Oleg,3
Maksim,3
Konstantin,3
Leonid,3
Valery,3
Ivan,3
Gennady,3
Roman,2
Denis,2
Murat,2
Temir,2
Shamil,2
Ernest,2
Nikolai,2
Anton,2
Mikhail,2
Pavel,2
Nurlan,2
Arsen,2
Boris,2
Yevgeny,2
Mambet,2
Sadabek,1
Zakir,1
Viktor,1
Islam,1
Fyodor,1
Artur,1
Boris,1
Rashid,1
Danil,1
Mina,1
Izzat,1
Vasily,1
Moussa,1
Viktor,1
Vitaly,1
Albert,1
Daniel,1
German,1
Stanislav,1
Rinat,1
Ilya,1
Yury,1
Aidar,1
Ala ad-Din,1
Vyacheslav,1
Aidyn,1
Ismail,1
Iuri,1
Vitalii,1
Vitus,1
Anton,1
Melis,1
Nikolaus,1
Felix,1
Eugen,1
Daniar,1
Asim,1
Alexander,1
Nikolay,1
Yevgeni,1
Rahim,1
Magomed,1
Nazim,1
Vitaly,1
Vadim,1
Timur,1
Rustam,1
Otto,1
Karim,1
Ilia,1
Ildar,1
Aziz,1
Azamat,1
Artyom,1
Andrey,1
Mars,1
Kirill,1
Claude,1
Nathan,1
Algimantas,1
